text,text_simplified
"Shevchenko, K. Kuliyev kabi dunyoga mashhur yozuvchilarning asarlarini oʻzbek tiliga mahorat bilan tarjima qilgan 2015-yilda Oripov Italiya yulduzi ordeni bilan taqdirlangan. Ordenni Oripovga Italiya prezidenti Serj Sotarelloning maxsus taklifiga binoan topshirilgan. ""Mitti yulduz"" (1965) ""Koʻzlarim yoʻlingda"" (1967) ""Onajon"" (1969) ""Ruhim"" (1971) ""Oʻzbekiston"" (1972) ""Xotirot"" (1974) ""Yurtim shamoli"" (1974) ""Jannatga yoʻl"" (1978) ""Hayrat"" (1979) ""Hakim va ajal"" (1980) ""Najot qalʼasi"" (1981) ""Yillar armoni"" (1983) ""Ranjkom"" (1988) Haj daftari"" (1992) ""Saylanma"" (1996) ""Sohibqiron (sheʼriy drama)"" (1996) ""Tanlangan asarlar I-IV"" (2000-2001) „Ummon boʻyidagi oʻylar“ (2024) Dante „Ilohiy komediya“ Aleksandr Pushkin Lesya Ukrainka, sheʼrlar Taras Shevchenko, sheʼrlar Nikolay Nekrasov, sheʼrlar Qaysin Quliyev, sheʼrlar Rasul Hamzatov, sheʼrlar Mar Bayjiyev, sheʼrlar 1983-yil – “Oʻzbekiston xalq shoiri” 1994-yil – “Doʻstlik” ordeni “Xalqlar doʻstligi” ordeni 1998-yil – „Oʻzbekiston Qahramoni“ unvoni 2015-yil – Italiya yulduzi ordeni 2015-yil – Xalqaro „Oltin yulduz“ ordeni 1994-yilda – Alisher Navoiy nomidagi Davlat mukofoti","Abdulla Oripov dunyoga mashhur yozuvchilarning asarlarini o'zbek tiliga mahorat bilan tarjima qilgan. 2015-yilda unga Italiya prezidenti tomonidan Italiya yulduzi ordeni topshirilgan. U ko'plab she'riy to'plamlar yozgan va turli davrlarda ""O'zbekiston xalq shoiri"", ""Do'stlik"" ordeni, ""O'zbekiston Qahramoni"" unvoni kabi mukofotlarga sazovor bo'lgan."
"Abdelhamid (Abd Al-Hamid) Benxeduga (араб. عبد الحميد بن هدوقة "";"" yil 9-yanvar, Mansura, fransuz Jazoir — 1996-yil 21-oktyabr, Jazoir) — taniqli Jazoir yozuvchisi, dramaturg, jurnalist. Arab tilida yozgan. Jazoir Arabining o'g'li va barbariya onasi. Arab va fransuz tillarida ta'lim Konstantin universiteti va Tunisdagi az-Zituna ilohiyot universitetida olingan. Jazoir mustaqillik urushi paytida qurolli to'qnashuv ishtirokchisi. Millatchi. Politsiya tomonidan qidirilgan, 1955 yilda Fransiyada yashiringan . 1958 yilda u Tunisdagi Jazoir Milliy ozodlik frontiga qo'shildi va u yerda """"La Voix de l'algérie""""radiosi bilan hamkorlik qildi. 1957-1962 yillarda u Parij, Tunisdagi bir qator stantsiyalarda, 1962-1977 yillarda Jazoirda madaniy dasturlarning radio jurnalisti bo'lib ishlagan. Milliy madaniyat kengashi prezidenti (1990) va milliy maslahat kengashi vitse-prezidenti (1992).","Abdelhamid Benxeduga (1925–1996) — taniqli Jazoir yozuvchisi, dramaturg va jurnalist. U arab tilida yozgan, mustaqillik urushida qatnashgan va Fransiyada yashiringan. 1958-yilda Milliy ozodlik frontiga qo'shilib, radioda ishlagan. Keyinchalik u madaniy dasturlar bo'yicha radio jurnalisti bo'lib ishlagan va turli kengashlarda rahbarlik lavozimlarini egallagan."
"Abdulloh Ahmad Badaviy ushbu lavozimda 1999-yilning noyabrigacha Sayid Hamid Albar oʻz oʻrniga ega boʻlguniga qadar egallab kelgan. 1993-yilgi UMNO saylovlarida vitse-prezidentlikdan ayrilgan boʻlsa ham, u Vazirlar Mahkamasi tarkibida qoladi va tashqi ishlar vaziri etib tayinlandi. Abdulloh Ahmad Badaviy 1998-yilgacha Bosh vazir departamentida vazir, taʼlim vaziri, mudofaa vaziri va tashqi ishlar vaziri lavozimlarida ham ishlagan. 1999-yil 7-yanvarda Bosh vazir Mahathir Mohamad uni Bosh vazir oʻrinbosari etib tayinladi. Abdulloh Ahmad Badaviy 2003-yilda Mahathirdan keyin Bosh vazir lavozimini egallaydi. 2005-yil 20-oktyabrda Abdulloh Ahmad Badaviyning rafiqasi Endon Mahmud koʻkrak saratonidan vafot etdi. Ushbu kasallikni Endon 2003-yilda kashf etgan, uning egizak singlisi Noraini, avvalroq ham xuddi shunday kasallik tashxisi qoʻyilgan edi va u 2003-yil yanvar oyida vafot etgan edi.","Abdulloh Ahmad Badaviy 1999-yilgacha bu lavozimda ishlagan, keyin tashqi ishlar vaziri etib tayinlangan. U turli yillarda ta'lim, mudofaa va tashqi ishlar vaziri bo'lib ishlagan, 1999-yilda Bosh vazir o'rinbosari, 2003-yilda esa Bosh vazir bo'lgan. 2005-yilda uning rafiqasi ko'krak saratonidan vafot etgan."
"Mitoxondriya va xloroplastlarda prokaryotik tipdagi ribosomalar va rRNK ning topilishi simbiogenez nazariyasining isbotlaridan biriga aylandi.. 16S rRNKning birlamchi tuzilishi bir zanjirli ketma-ketlik bilan joylashgan 1600 ta ribonukleotiddan iborat. 16S rRNK geni V1-V9 deb belgilangan toʻqqizta giperoʻzgaruvchan hududni oʻz ichiga oladi. Giperoʻzgaruvchan — uzoq qorindosh organizmlarda ketma-ketligi bir-biridan sezilarli darajada farq qiladigan, biroq yaqin qarindosh organizmlarda maʼlum foiz oʻxshashlikka ega boʻlgan hududlardir. 16S rRNKning ikkilamchi strukturasida 4 ta aniq belgilangan domenni ajratib koʻrsatish mumkin: 5'-domen — 1-556 ribonukleotid Markaziy domen — 564-912 ribonukleotid Katta domen — 926-1391 ribonukleotid Kichik domen — 1392-1542 ribonukleotid.]] 23S rRNK singari , 16S rRNK ham ribosoma oqsillarining oʻrnini belgilashda strukturaviy rol oʻynaydi""; 3' uchida anti-Shine-Dalgarno ketma-ketligi mavjud boʻlib, u orqali 16S rRNK mRNK bilan bogʻlanadi ; 16S rRNK 23S rRNK bilan oʻzaro taʼsirlashib, katta va kichik ribosoma boʻlinmalarining (50S va 30S) bogʻlanishini osonlashtiradi;"" Azot atomi (N1) 1492 yoki 1493 adenin qoldigʻi va 2’OH guruhi oʻrtasida vodorod bogʻini hosil qilish orqali ribosomaning katta boʻlinmasi A-joyida kodon va antikodonning toʻgʻri juftligini barqarorlashtiradi. 16S rRNK ketma-ketligi toʻqqizta giperoʻzgaruvchan boʻlinmalari va ularni ajratib turadigan ketma-ketliklardan iborat.","Mitoxondriya va xloroplastlarda prokaryotik tipdagi rRNK topilishi simbiogenez nazariyasini isbotlagan. 16S rRNK 1600 ta nukleotiddan iborat bo'lib, u ribosoma tuzilishida va mRNK bilan bog'lanishda muhim rol o'ynaydi."
"2008-yilgi OFK Chaqiruv kubogi futbol musoboqasi OFK tomonidan tashkil etildi va Hindiston mezbonligida oʻtkazildi. Musoboqa 2008-yilning 30-iyulidan 13-avgustiga qadar oʻtkazilgan. Hindiston finalda Tojikiston ustidan gʻalaba qozongan. Hindiston, shuningdek, fair play mukofoti gʻolibi boʻldi. Hindiston terma jamoasi sardori Bhaichung Bhutia esa eng yaxshi futbolchi sovrinini qoʻlga kiritdi. Dastlab Xitoy Taypeyi mezbon etib tayinlangan edi, lekin u OFKning turnirni oʻtkazish boʻyicha standartlariga javob berishga kafolat bera olmadi. Tailand birinchi boʻlib mezbon sifatida tanlangan, ammo tayyorgarlik koʻrish uchun vaqt yoʻqligi sababli bu variantdan ham voz kechilgan. Filippin ham 2008-yilning may oyida Bakolodda oʻtkaziladigan oʻyinlar bilan mezbonlikni qabul qilishi kerak edi, ammo reja amalga oshmadi. 2008 va 2010-yilgi musobaqalar g‘oliblariga 2011-yilgi Osiyo Kubogiga to‘g‘ridan-to‘g‘ri yo‘llanma taqdim etilar edi.","2008-yilgi OFK Chaqiruv kubogi Hindistonda o'tkazilgan bo'lib, Hindiston finalda Tojikiston ustidan g'alaba qozongan. Dastlab boshqa davlatlar mezbon bo'lishi rejalashtirilgan, lekin tayyorgarlik yetishmagani sababli bu variant amalga oshmagan."
"Natijada, Hindiston 1984-yildan beri birinchi marta Osiyo Kubogiga yoʻllanma oldi. Ushbu musobaqa faqat OFKning rivojlanayotgan davlatlar toifasi vakillari uchundir. Biroq, avvalgi musoboqada Bangladesh va Hindiston rivojlangan davlatlar toifasidan taklif qilingan edi. Bangladesh aslida turnirga mezbonlik qiladi, bu esa ularga qatnashish imkonini taqdim etgan. Hindiston esa oʻzlarining 20 yoshgacha boʻlgan terma jamoasini yuborgan. 2008-yilgi musobaqaga Hindiston va Bangladesh, shuningdek, rivojlanayotgan davlatlar qatoriga kiruvchi Shimoliy Koreya, Myanma va Turkmaniston terma jamoalari ham taklif qilindi. Laos 2008-yil 2-mayda musobaqadan chiqdi. Falastin esa 2008-yil 14-mayda musobaqadan chiqdi. Lal Bahodur Shastri stadionidagi maydonning yomon sharoiti tufayli OFK aksariyat o‘yinlarni boshqa maydonga ko‘chirdi. Oʻnta oʻyin Gachibowli Atletik stadionida va ikkitasi LBS stadionida oʻtkazilishiga qaror qilindi.","Natijada Hindiston 1984-yildan beri birinchi marta Osiyo Kubogiga yo'llanma oldi. 2008-yilgi musobaqaga Hindiston, Bangladesh, Shimoliy Koreya, Myanma va Turkmaniston kabi rivojlanayotgan davlatlar taklif qilingan, ammo Laos va Falastin musobaqadan chiqib ketgan."
"Yil davomida har bir nomzod ariza hujjatlarini tayyorladi. 2013-yil 14-sentabrda Krasnoyarsk FISU shtab-kvartirasiga arizalarini topshirdi va mezbonlik maqomini oldi. Bu bosqichdagi yagona raqobatchi oʻz nomzodini bekor qildi. 2013-yil 9-noyabr kuni Bryusselda FISU aʼzolari yashirin ovoz berish yoʻli bilan Krasnoyarskni XXIX Butunjahon qishki Universiada-2019 mezboni etib tanladilar. Rossiya tarixda birinchi marta Qishki Universiadaga mezbonlik qiladi. Ilgari Moskva 1973-yilda, 2013-yilda Qozonda yozgi Universiada oʻyinlariga mezbonlik qilgan edi. Krasnoyarskda Qishki Universiadaga tayyorgarlik koʻrish va oʻtkazish boʻyicha tashkiliy qoʻmita Rossiya Federatsiyasi Prezidentining 2014-yil 14-yanvardagi farmoniga muvofiq tuzilgan. 2016-yil 5-iyun kuni Krasnoyarskda, Yenisey daryosi qirgʻogʻida 2019-yilgi Qishki Universiada boshlanishiga ortga hisoblash soati ishga tushirildi. Soat 1000 kundan boshlab hisoblana boshladi.",2013-yilda FISU a'zolari yashirin ovoz berish orqali Krasnoyarskni mezbon etib tanladilar. Bu Rossiyaning tarixda birinchi marta Qishki Universiadaga mezbonlik qilishi edi. Tashkiliy qo'mita Prezident farmoniga muvofiq tuzilgan va 2016-yilda ortga hisoblash soati ishga tushirilgan.
"Tojikiston SSR vazirlar kengashi raisi, Oʻsh viloyati va Oʻsh shahar ijroiya qoʻmitalari raisi Mamadali Qurbonovich Qurbonov (ammasi Rahimaxonni umr yoʻldoshi) pochchasi boʻladi. Mamadali Qurbonovning oʻgʻli Sergo-Shahzoda (Oʻsh shahrida 1964-yili tugʻilgan) Ural togʻ-metallurgiya kompaniyasi direktor oʻrinbosari, „Transmashxolding“ YoHJ vitse-prezidenti boʻlib ishlaydi. 1943 yili 18 yoshga toʻlganda Azizullo oʻz xohishi bilan urushga borish uchun harbiy komissariatga boradi. Harbiy komissariatda komandir ruschalab: „Familiyang nima?“-deb soʻraydi, Azizullo ruschani tushunmagani uchun javob berishga qiynaladi. Shunda komandir ruscha-oʻzbekcha aralashtirib: „Otangni ismi nima?“-deb soʻraydi. Azizullo: „Izzatulla“-deb javob beradi. Shundan keyin Azizullo Sultonovni familiyasi harbiy xujjatlariga Izzatullayev deb yozilib qoladi. Ikkinchi Jahon Urushidan keyin Azizullo gospitalda Tatyana ismli qiz bilan tanishib qoladi va uni Yangiyoʻlga olib keladi.","Uning qarindoshlaridan biri Tojikiston SSR vazirlar kengashi raisi Mamadali Qurbonov bo'lgan. 1943-yilda 18 yoshida Azizullo urushga o'z xohishi bilan ketgan, va ruscha suhbat tufayli uning familiyasi hujjatlarda Izzatullayev deb yozilib qolgan. Urushdan keyin u Tatyana ismli qiz bilan tanishib, uni Yangiyo'lga olib kelgan."
"Hozirda unda 70 ta davlatdan 8000 talaba bor. Abu Dabi universiteti Abu Dabi kampusi 2016-yil avgust oyida ochilgan kampus 12 ta oʻquv xonalari, 110 ta professor-oʻqituvchilar va xodimlarning ofislari, majlislar xonalari va koʻp maqsadli xonalar bilan taʼminlangan. Al-Ayn kampusi Universitetning eng dastlabki kampuslaridan biri boʻlgan Al-Ayn −2003-yilda ochilgan. 2017-yilda Al-Ayndagi yangi kampus 2019-yil sentabrigacha 81 million dollar sarfi evaziga ochildi. Yangi kengaytmalarda 70 ta sinf xonasi va 137 ta ofis mavjud boʻlib, ular 2500 dan ortiq oʻquvchilarni sigʻdiradi. Dubay kampusi Abu-Dabi universiteti 2017-yil sentabr oyida Dubay bilimlar parkida joylashgan yangi kampusni ochdi. 3490 kvadrat metrlik kampusning ochilish marosimida Madaniyat va bilimlarni rivojlantirish vaziri Shayx Nahayan Bin Muborak Al Nahayon, ayni paytdagi universitet vitse-prezidenti qatnashdi. Xalqaro reyting QS World Universitiesning 2018-yildagi reytingiga koʻra Abu Dabi universiteti dunyodagi eng yaxshi 750 ta eng yaxshi universitetlardan biri (va Birlashgan Arab Amirliklarida 6-oʻrin) qatoriga qoʻyildi. Manbalar Abu Dhabi University adds five new international scholars to its growing team of 145 faculty members „Abu Dhabi University seeking US accreditation to raise standards“ „Abu Dhabi University inaugurates new Dh16 million dorm“ „Abu Dhabi University recognized amongst the world’s top 550 universities“ „Abu Dhabi University seeking US accreditation to raise standards“ „New Abu Dhabi University to open its doors September 2003“ ADU in Profile","Abu Dabi universitetida hozir 70 davlatdan 8000 talaba o'qiydi. Universitetning Abu Dabi, Al-Ayn va Dubay kampuslari bor bo'lib, ular turli yillarda ochilgan va kengaytirilgan. QS World Universities reytingiga ko'ra universitet dunyodagi eng yaxshi 750 talik ro'yxatga kiradi."
"Bu 2016-yil va 2017-yillarda oziq-ovqat va qishloq xoʻjaligi tashkilotining korporativ statistik maʼlumotlar bazasi asosida ananas yetishtirish boʻyicha mamlakatlar roʻyxati. 2017-yilda ananasning umumiy ishlab chiqarish hajmi 27 402 956 metrik tonnani tashkil etdi, bu 2016-yildagi 26 195545 tonnadan 4,6 foizga koʻpdir.","Bu 2016–2017-yillarda ananas yetishtirish bo'yicha mamlakatlar ro'yxati. 2017-yilda umumiy ishlab chiqarish 27,4 million tonnani tashkil etib, bu avvalgi yildan 4,6 foizga ko'p."
"Afgʻonistonda taʼlim — mamlakatdagi K–12 va oliy taʼlim tizimini qamrab oladi. Mazkur soha Afgʻoniston taʼlim vazirligi hamda Afgʻoniston oliy taʼlim vazirligi tomonidan tartibga solinadi. 2021-yil holatiga koʻra, Afgʻonistonda qariyb 10 million nafar oʻquvchi-talabalar va 220 000 nafar oʻqituvchi faoliyat yuritgan. Shunga qaramay, mamlakatda hamon yangi maktablar va malakali kadrlarga ehtiyoj yuqoriligicha qolmoqda. 2021-yil avgust oyida Tolibon hokimiyatga kelganidan soʻng, qizlar uchun oʻrta taʼlim olish taqiqlandi. Biroq ayrim provinsiyalarda qizlar uchun oʻrta maktablar hamon oʻz faoliyatini davom ettirmoqda. 2022-yil dekabr oyida Tolibon maʼmuriyati ayollar uchun oliy taʼlim olishni ham chekladi, bu qaror xalqaro hamjamiyat tomonidan keskin qoralandi. 2023-yil dekabrida BMT barcha yoshdagi qizlarning diniy maktablarda tahsil olishi mumkinligi haqidagi xabarlarni oʻrganishga kirishdi. 2024-yil noyabr holatiga koʻra, mamlakatning ayrim hududlarida ayollarga diniy taʼlim maskanlarida stomatologiya va hamshiralik kabi yoʻnalishlarda oʻqishga ruxsat berilgan.","Afg'onistonda ta'lim K-12 va oliy ta'lim tizimini qamrab oladi. 2021-yilda mamlakatda 10 million o'quvchi va 220 ming o'qituvchi bo'lgan. Tolibon hokimiyatga kelgach qizlar uchun o'rta va oliy ta'lim cheklangan, bu xalqaro jamiyat tomonidan qoralangan."
"Taʼlim vaziri Noorullah Munirning maʼlumotlariga koʻra, Afgʻonistondagi 20 000 ta rasmiy maktabning 9 000 tasi yaroqsiz holatda, 5 000 tasining binosi mavjud emas, qolgan 4 000 tasi esa kapital taʼmirlashga muhtoj. Mamlakatda majburiy taʼlim toʻqqizinchi sinfgacha etib belgilangan boʻlib, oʻquv yili ikki semestrdan iborat (martdan yanvargacha). 2021-yilgi hokimiyat almashinuvidan soʻng Afgʻoniston Islom Amirligi rasmiylari oʻsmir qizlar uchun oʻrta taʼlimni toʻxtatib qoʻydi. 2001-yilda Tolibon rejimi agʻdarilgach, taʼlim tizimida sezilarli ijobiy oʻzgarishlar kuzatilgan edi. 2001-yilda maktabga boruvchilar soni 1,2 million kishini (shundan 50 000 nafardan kamrogʻi qizlar) tashkil etgan boʻlsa, 2013-yilga kelib bu koʻrsatkich 8,2 millionga (3,2 million nafari qizlar) yetdi. 2017-yilda qizlarning maktabga jalb etilish darajasi 39% ni tashkil etdi (2003-yilda 6%).","Ta'lim vaziriga ko'ra, Afg'onistondagi 20 000 maktabning ko'pi yaroqsiz yoki ta'mirga muhtoj. 2001-yilda Tolibon rejimi ag'darilgach ta'limda katta yaxshilanish bo'lgan — maktabga boruvchilar soni 1,2 milliondan 8,2 millionga o'sgan, ammo 2021-yildan keyin qizlar ta'limi yana cheklangan."
"Islom Abxaziya hududidagi anʼanaviy diniy guruhlardan biridir. 2003-yilda oʻtkazilgan sotsiologik soʻrov natijalariga koʻra, mamlakat aholisining 16 foizi oʻzini musulmon deb biladi. Abxaziya musulmonlari diniy boshqarmasi raisining soʻzlariga koʻra, 250 ga yaqin kishi musulmonlardir, ulardan 130 nafari Gagra va Gudauta viloyatlarida istiqomat qiladi. Ikkita masjid bor (Gudauta va Suxumida). Xorijdagi abxaz jamoalari soʻnggi yillarda islom taʼsirini kuchaytirish va aksariyati musulmonlar boʻlgan abxazlarni chet eldan vataniga qaytarishga harakat qilmoqda. Abxaziya musulmonlari diniy boshqarmasi ularga musulmonlarni ishga joylashtirishda kamsitish holatlari, asossiz ravishda jinoiy javobgarlikka tortilgan va kaltaklangani haqida shikoyatlar kelib tushgani haqida xabar bergan. 2007-yil 17-avgustda shahar markazida Imom Xamzat (Rokki) Gitsba Gudautada nomaʼlum shaxslar tomonidan avtomatik qurolda otib oʻldirilgan. 2010-yil 10-iyul kuni Suxumi masjidi imom-xatibi Solih Kvaratsxeliyaga tegishli VAZ-2107 rusumli avtomashina tagidan portlovchi qurilma topilgan. 2010-yil 17-iyulda Gagra shahrida, oʻz uyi hovlisida Abxaziya MDBning Gagra viloyatidagi vakili, Abxaziya Respublikasi Jamoatchilik palatasi aʼzosi Emik Chakmachoʻgʻli nomaʼlum turdagi toʻpponchadan oʻq otilishi natijasida oʻldirilgan. 2010-yilning 8-oktabr kuni Gudautada masjid sifatida foydalaniladigan bino yaqinida uch nafar musulmon faollar avtomatik quroldan oʻqqa tutildi: Rasul Piliya (voqea joyida halok boʻlgan), aka-uka Rustam va Raul Gitsba (ogʻir jarohatlar olgan).","Islom Abxaziyada an'anaviy dinlardan biri bo'lib, aholining 16 foizi o'zini musulmon deb biladi, taxminan 250 kishi faol musulmon. So'nggi yillarda bir necha musulmon faol va dinlarga oid shaxslar hujumga uchragan yoki o'ldirilgan."
"Togʻ tepasidan turib yerning lojuvard rangdagi osmon bilan tutashganini yaqqol koʻrdim. Qarash chizigʻi vertikalga perpendikulyar boʻlgan chiziqdan 00 341 pasaydi. Perpendikulyar boʻlgan togʻ balandligini oʻlchadim, u shu yerda qoʻllanadigan oʻlchovda 652,055 choʻzim (gaz)ga teng keldi“. Beruniy oʻlchab topgan qiymatlar boʻyicha oʻziga xos usul bilan Yer kurrasi radiusining uzunligi 12803337,036 gazga teng ekanligini hisoblab chiqardi. Agar bir gaz 0,4933 metr ekanligini eʼtiborga olsak, Yer kurrasi radiusi uzunligi, Beruniy hisobicha, 6315,886 kilometr boʻladi. Bu raqam hozirgi vaqt¬da olingan qiymatdan juda kam farq qiladi, yaʼni xatolik radius uzunligining 0,9 foizini tashkil etadi. Soʻngra Beruniy shu 320 001 kenglikdagi bir gradus meridian yoyning uzunligi 223550,329 gaz yoki 110,277 kilometr ekanini hisoblab chiqadi.","Togʻ tepasidan yer bilan osmon tutashgan chiziq koʻrindi. Qarash chizigʻi vertikaldan 0°34'1"" pasaygan, togʻ balandligi esa 652,055 gaz boʻlgan. Shu maʼlumotlar asosida Beruniy Yer radiusini taxminan 6315,886 kilometr deb hisoblab chiqargan. Bu hozirgi qiymatdan atigi 0,9 foiz farq qiladi. Shu kenglikda bir gradus meridian yoy uzunligi 110,277 kilometr deb topilgan."
"Ularning ajdodlari 40–60 ming yildan beri Avstraliyada yashab, ovchilik va termachilik bilan shugʻullanib kelishgan. 2006-yilda mahalliy aholi soni 517 000 kishini yoki umumiy aholining 2,5 foizini tashkil etdi. Aksariyat aborigen avstraliyaliklar tush koʻrish yoki orzu qilish vaqtiga asoslangan eʼtiqod tizimiga ega boʻlib, bu ajdodlar ruhlari yer va madaniyatni yaratgan vaqtga, shuningdek, individual va jamoa mas’uliyati va oʻziga xosligini belgilaydigan bilim va amaliyotlarga ishora qiladi .","Aborigenlarning ajdodlari 40-60 ming yildan buyon Avstraliyada yashab, ovchilik va termachilik bilan shugʻullangan. 2006-yilda ularning soni 517 000 kishi, yaʼni umumiy aholining 2,5 foizini tashkil etgan. Aksariyat aborigen avstraliyaliklar ""tush koʻrish"" deb ataluvchi eʼtiqod tizimiga ega boʻlib, unda ajdodlar ruhlari yer va madaniyatni yaratgan davr, shuningdek jamoaviy burch va oʻziga xoslikni belgilovchi bilim va anʼanalar aks etadi."
"100 metrga toʻsiqlar osha yugurish — yengil atletikaning ayollar oʻrtasidagi yugurish turlariga kiradi. Tezlik, sprinterlik qobiliyatlar va toʻsiqlardan oshib oʻtish texnikasini talab qiladi. 1932-yildan Olimpiada o‘yinlari dasturiga kiritilgan. 100 metrga toʻsiqlar osha yugurish musobaqalari faqat yozda 400 metrlik sintetik qoplamali yugurish yo‘laklariga ega stadionlarda oʻtkaziladi. 100 metrga yugurish boʻyicha birinchi rasmiy musobaqa 1922-yilda oʻtkazilgan. 1948-yilgi Olimpiada oʻyinlarida Niderlandiyalik yuguruvchi Fanni Blankers-Kunning 4 oltin medalni qoʻlga kiritishi bu masofa tarixidagi hozirgacha eng yorqin natija hisoblanadi. Hozirgi kunda Avstraliyalik, germaniyalik, AQSHlik, nigeriyalik va yamaykalik sprinterlar bu masofada eng kuchlilar hisoblanishadi. Ayniqsa Nigeriyalik Tobi Amyusan 2022-yilda AQSHning Yudjin shahrida boʻlib oʻtgan Jahon chempionatida hammani hayron qoldirib, masofani 12.12 soniyada bosib oʻtdi va AQShlik Kendra Harrisonning 2016-yildan beri oʻzgarmay kelayotgan rekordini yangiladi.","100 metrga toʻsiqlar osha yugurish — ayollar oʻrtasidagi yengil atletika turi boʻlib, tezlik va toʻsiqdan oshish texnikasini talab qiladi. 1932-yildan Olimpiada dasturiga kiritilgan. 1948-yilda niderlandiyalik Fanni Blankers-Kunning 4 ta oltin medal olishi bu masofa tarixidagi eng yorqin natija hisoblanadi. 2022-yilda nigeriyalik Tobi Amyusan jahon chempionatida 12,12 soniya natija koʻrsatib, 2016-yildan buyon turgan rekordni yangiladi."
"Barcha qayd etilgan tizimlar bir-biri bilan birgalikda amalga oshirildi (ya’ni hakamlar nafaqat g‘olibni tanlashlari, balki kartochkalarni to‘ldirishlari ham kerak edi), kartochka va boshqa shu kabi qoidalar baholashda murakkablikni keltirib chiqardi. Turnirlar va chempionatlarda odatda 5 ta ovoz berish tizimidan foydalanilgan. Xalqaro duallar odatda 3 ta ovoz berish tizimidan foydalangan, ikkita hakam mehmon davlatni, bitta hakam esa mezbon davlatni ifodalagan.Ikkala tizim ham bir qator munozarali natijalarga olib keladi, chunki zarba statistika ko‘pincha ikkalasida ham hisobga olinmagan. 1960-yilgi Rim Olimpiadasi saralash bosqichida Sovet Ittifoqi vakili Oleg Grigoryev bahsli tarzda Buyuk Britaniyaning Francis Taylor ustidan g‘olib deb topilganidan so‘ng, XOQ chorak final oldidan 15 ga yaqin hakamlarni o‘z vazifalarini bajarishdan ozod qilishga qaror qildi. 1988-yilgi Seul Olimpiadasi bahslaridan so‘ng, yaqqol dominant finalchi Roy Jons Jr. (hatto sovet hakamlari ham g‘olib deb qaror qilgan, sharhlovchilar va uning mag‘lub bo‘lgan raqibi, o‘zi adolatsizlik uchun uzr so‘ragan) oltin medaldan deyarli mahrum qilinganidan so'ng, yangi tizim yaratildi va amalga joriy qilindi, bu tizimda faqat aniq zarbalar ball keltirardi, garchi aniq zarba qanday bo'lishi haqida bahslar hali ham mavjud bo‘lib, bu ham yana boshqa shubhali natijalarga olib keldi. 1996-yilgi Atlanta Olimpiadasining yarim finalida qozog‘istonlik Vasiliy Jirov amerikalik Antonio Tarver ustidan 15:9 hisobida g‘alaba qozonganida, ko‘plab kuzatuvchilar Tarverni butun jang davomida ustunlik qildi deb o‘ylashgandi va natija ularni hayron qoldiradi.","Turnirlarda odatda 5 hakamli, xalqaro uchrashuvlarda 3 hakamli ovoz berish tizimi qoʻllanilgan, lekin bu tizimlar bir necha bahsli natijalarga sabab boʻlgan. 1960 va 1988-yillardagi Olimpiadalardagi mojarolardan soʻng baholash tizimi bir necha marta qayta koʻrib chiqilgan, biroq bahsli natijalar keyin ham davom etgan."
"To‘rtta vazn toifasida bahslar o‘tkazildi: Featherweight, Lightweight, Middleweight va Heavyweight. 1902-yilga kelib amerikalik bokschilar BAA chempionatida chempionlik uchun kurash olib borishdi, bu esa sportni xalqaro tus olishiga zamin yaratdi. 1924-yilga kelib, ABAda 105 ta klub bor edi. Boks birinchi marta 1904-yilda Olimpiya o‘yinlarida paydo bo‘lgan va 1912-yilgi o‘yinlardan tashqari har doim ularning bir qismi bo‘lgan. 1904-yildan 2020-yilgacha AQSH va Kuba eng ko‘p oltin medallarni qo‘lga kiritdi"";"" AQSH uchun 50 (umumiy 117 ta medal) va Kuba uchun 41 (umumiy 78 ta medal). Xalqaro miqyosda havaskor boks XX asrning birinchi yarmida barqaror ravishda tarqaldi, ammo 1920-yilda Parijda birinchi xalqaro tashkilot - Fédération Internationale de Boxe Olympique (Xalqaro Olimpiya boks federatsiyasi) tashkil etilganda, beshta a’zo davlat mavjud edi. 1946-yilda Londonda Xalqaro havaskor boks assotsiatsiyasi (AIBA) tashkil etilganida, beshta qit’adan yigirma to‘rt davlat ishtirok etdi va o‘sha paytdan beri AIBA havaskor boksning rasmiy jahon federatsiyasi bo‘lib kelmoqda.","Boks toʻrtta vazn toifasida oʻtkazilgan va 1902-yilga kelib AQShda milliy chempionat darajasiga yetgan. Olimpiadada 1904-yildan (1912-yildan tashqari) doimiy ishtirok etadi. AQSH va Kuba eng koʻp oltin medal olgan davlatlar. 1920-yilda birinchi xalqaro boks federatsiyasi, 1946-yilda esa AIBA tashkil etilgan, u hozirgacha havaskor boksning rasmiy jahon federatsiyasi hisoblanadi."
"Havaskor boks XIX asrning o‘rtalari va oxirlarida sport turi sifatida paydo bo‘ldi. Bu qisman professional boks atrofidagi bahs-munozaralar natijasida vujudga kelgan edi. Dastlab yuqori va o‘rta sinf vakillari an’anaviy ishchi sinf sportini o‘zlashtirish uchun qilgan urinish sifatida masxara qilingan bo‘lsa-da, xavfsizroq, ""ilmiy"" boks uslubi keyinchalik maktablar, universitetlar va qurolli kuchlarda ommalashdi. Shunday bo‘lsa-da, chempionlar odatda shahar kambag‘allari orasidan yetishib chiqardi. Queensberry havaskorlar chempionati 1867-yildan 1885-yilgacha davom etdi va shuning uchun professional bokschilardan farqli o‘laroq, havaskor bokschilar Queensberry qoidalari nashr etilganidan keyingina qo‘lqoplardan foydalanishdan bosh tortmadilar. Angliyada havaskor boks assotsiatsiyasi (ABA) 1880-yilda o‘n ikkita klub birlashganda tashkil etilgan. Keyingi yili u o‘zining birinchi chempionatlarini o‘tkazdi.","Havaskor boks XIX asr oʻrtalarida sport turi sifatida paydo boʻlgan, buni professional boks atrofidagi bahslar keltirib chiqargan. Dastlab masxara qilingan boʻlsa-da, keyinroq bu ""ilmiy"" uslub maktab va universitetlarda ommalashgan, garchi chempionlar koʻpincha kambagʻal oilalardan chiqqan boʻlsa-da. Angliyada havaskor boks assotsiatsiyasi (ABA) 1880-yilda tashkil topib, keyingi yili birinchi chempionatini oʻtkazgan."
"Amputantlar oʻrtasidagi futbol oʻyinida maydon oʻyinchilari pastki qism amputantlik nuqsoni bilan (oyoq qismidagi tana nuqsoni), darvozabonlarda esa yuqori qism amputantlik nuqsoni (qoʻl qismidagi tana nuqsoni) bilan ishtirok etishadi. Maydon oʻyinchilar loftstrand (bilak) tayoqchalaridan foydalangan holda maydonda harakatlanishadilar va protezsiz oʻynashadi. amputantlar futboli boʻyicha Jahon chempionati yoki amputantlar oʻrtasidagi futbol boʻyicha Jahon chempionati (1984-yildan 2022-yilgacha) amputatsiya futboli boʻyicha jahon chempionatidir. amputantlar futboli boʻyicha Jahon chempionatini Butunjahon Amputantlar Futbol Federatsiyasi (WAFF) tashkil qiladi. Manba: 2022-yilgi amputantlar oʻrtasidagi Jahon chempionatining barcha oʻyinlari mahalliy Turkiya vaqtiga binoan oʻtkazilgan TRT (UTC+03:00). Umumiy ochkodagi farqlar; Oʻzaro oʻyinlardagi natija; Gollar nisbati; Umumiy gollar farqi; Urilgan umumiy gollar; Eng kam qizil kartochkalar soni; Eng kam sariq kartochkalar soni;"" Qur’a tashlash. Manba:""","Amputantlar futbolida maydon oʻyinchilari oyoq amputatsiyasi bilan, darvozabonlar esa qoʻl amputatsiyasi bilan ishtirok etadi. Maydon oʻyinchilari tayoqcha yordamida harakatlanib, protezsiz oʻynaydi. Amputantlar oʻrtasidagi Jahon chempionatini Butunjahon Amputantlar Futbol Federatsiyasi (WAFF) tashkil qiladi."
"Abdulloh bin Ahmad Badaviy (1939-yil 26-noyabrda tugʻilgan) – malayziyalik siyosatchi. U 2003—2009-yillarda Malayziyaning beshinchi Bosh vaziri boʻlib ishlagan. Abdulloh Ahmad Badaviy shuningdek, Malayziyadagi eng yirik siyosiy partiya (oʻsha paytda) Birlashgan Malayziya Milliy Tashkilotining (BMMT) oltinchi prezidenti boʻlgan va Barisan National (BN) boshqaruvchi parlament koalitsiyasiga rahbarlik qilgan. U norasmiy ravishda Pak Lah nomi bilan tanilgan, Pak „amaki“ yoki „janob“ degan maʼnoni anglatadi, Lah esa uning „Abdulloh“ ismidan olingan. Abdulloh Ahmad Badaviy 1978-yildan 2013-yilgacha Kepala Batas uchun ketma-ket sakkiz muddat parlament aʼzosi yaʼni deputat boʻlib xizmat qilgan. Abdulloh Ahmad Badaviy davlat vazirliklarida ishlagan davrida uning hukumati iqtisodiy-siyosat va ish faoliyati, jumladan, inflyatsiya va yashash narxining oshishi bilan bogʻliq xavotirlar sababli koʻplab tanqidlarga uchragan.","Abdulloh Ahmad Badaviy (1939-yilda tugʻilgan) — malayziyalik siyosatchi, 2003–2009-yillarda Malayziyaning beshinchi Bosh vaziri boʻlgan. U BMMT partiyasi prezidenti va Barisan National koalitsiyasi rahbari edi, xalq orasida „Pak Lah“ nomi bilan tanilgan. U 1978–2013-yillarda Kepala Batas okrugidan sakkiz muddat parlament aʼzosi boʻlgan. Uning hukumati inflyatsiya va narxlar oshishi sababli tanqidga uchragan."
"2022-yilgi amputantlar oʻrtasidagi Jahon chempionati, yaʼni 2022-yilgi Amputantlar futboli boʻyicha Jahon kubogi, bu har yili ikki marta oʻtkaziladigan amputantlar oʻrtasidagi milliy erkaklar jamoalari xalqaro musobaqasining 16-chempionati. 2022-yilgi amputantlar oʻrtasidagi Jahon chempionati Butunjahon amputantlar Futbol Federatsiyasi (WAFF) tomonidan tashkil etilgan va 2022-yil 30-sentabr — 9-oktabr kunlari Turkiyaning Istanbul shahrida boʻlib oʻtadi. 2018-yilgi amputantlar oʻrtasidagi Jahon chempionati Meksikada bo‘lib o‘tgan edi. Turkiya 2022-yilgi amputantlar oʻrtasidagi Jahon chempionati finalida Angolani mag‘lub etib, WAFF amputantlar oʻrtasidagi Jahon chempionatida ilk bor chempionlikni qo‘lga kiritdi. O‘zbekiston Gaiti amputantlar terma jamoasini magʻlub etib 2022-yilgi amputantlar oʻrtasidagi Jahon chempionatida bronza medaliga sazovor bo‘ldi. Amputantlar futboli — bu har bir jamoada yettita oʻyinchi (oltita maydon oʻyinchisi va bitta darvozabon) bilan oʻynaladigan imkoniyati cheklangan sportchilar uchun maxsus futbol sport turi.","2022-yilgi Amputantlar futboli boʻyicha Jahon chempionati WAFF tomonidan tashkil etilgan boʻlib, 30-sentabr — 9-oktabr kunlari Turkiyaning Istanbul shahrida oʻtkazilgan. Turkiya finalda Angolani magʻlub etib, birinchi marta chempion boʻldi. Oʻzbekiston Gaiti terma jamoasini yengib, bronza medalga sazovor boʻldi. Amputantlar futboli — imkoniyati cheklangan sportchilar uchun yetti kishilik jamoalarda oʻynaladigan futbol turi."
"Abdulloh Ahmad Badaviy Malaya universitetini tugatgandan soʻng Malayziya maʼmuriy va diplomatik korpusiga (davlat xizmatining rasmiy atamasi) borib qoʻshiladi. Abdulloh Ahmad Badaviy Yoshlar va sport vazirligida Yoshlar ishlari boʻyicha direktor, shuningdek, Milliy Operatsion Kengash (MAGERAN) kotibi lavozimlarida ham ishlagan. 1978-yilda Abdulloh Ahmad Badaviy Seberang Perai shimolidagi Kepala Batas saylov okrugi boʻyicha parlament aʼzosi boʻlish uchun isteʼfoga chiqadi (uni otasi ham vakillik qilgan). 1988-yil fevral oyida UMNO (Baru) tashkil etilganda, UMNO Prezidenti va Bosh vaziri Abdulloh Ahmad Badaviyni UMNO (Baru) pro-kommitasiga vitse-prezident sifatida olib keldi. 1990-yilda Abdulloh Ahmad Badaviy vitse-prezident lavozimini saqlab qoldi. 1991-yilda Vazirlar Mahkamasidagi oʻzgarishlar paytida Mahathir uni tashqi ishlar vaziri lavozimiga qaytadan olib keladi.","Abdulloh Ahmad Badaviy universitetni tugatgach, davlat xizmatiga qoʻshildi va Yoshlar va sport vazirligida ishladi. 1978-yilda u Kepala Batas okrugidan parlament aʼzosi boʻlish uchun isteʼfoga chiqdi. 1988-yilda UMNO (Baru) tashkil etilganda vitse-prezident boʻldi, 1991-yilda esa Mahathir uni tashqi ishlar vaziri etib tayinladi."
"Chorak finallar yakunlanib, yarim final juftliklari aniqlandi Yarim finalning so‘nggi ishtirokchisi Argentina terma jamoasi bo‘ldi. Barcha chorak final uchrashuvlari yakunlangach, 2026-yilgi jahon chempionatining yarim final juftliklari ma’lum bo‘ldi. Yarim finalning so‘nggi ishtirokchisi Argentina terma jamoasi bo‘ldi. Chorak final uchrashuvida argentinaliklar qo‘shimcha bo‘limlarda Shveytsariya terma jamoasini 3:1 hisobida mag‘lub etib, turnirning keyingi bosqichiga yo‘l olishdi. Avvalroq, Angliya terma jamoasi yarim final yo‘llanmasini qo‘lga kiritgan edi, ular ham qo‘shimcha vaqtda Norvegiyaning qarshiligini sindirdi - 2:1. Shunday qilib, jahon chempionatining yarim finalida quyidagi o‘yinlar bo‘lib o‘tadi: Fransiya - Ispaniya (14-iyul)"";"" Argentina - Angliya (15-iyul). Ikkala yarim final ham Toshkent vaqti bilan soat 00:00da boshlanadi. Eslatib o‘tamiz, jahon chempionati finali 19-iyul kuni bo‘lib o‘tadi.","Barcha chorak final uchrashuvlari yakunlanib, 2026-yilgi jahon chempionatining yarim final juftliklari maʼlum boʻldi. Argentina qoʻshimcha vaqtda Shveytsariyani 3:1 hisobida magʻlub etdi. Angliya esa Norvegiyani 2:1 hisobida yengdi. Yarim finalda Fransiya — Ispaniya (14-iyul) va Argentina — Angliya (15-iyul) oʻyinlari boʻlib oʻtadi. Final 19-iyulda boʻladi."
"Jud Bellingem Tuxelning tanqidiga javob berdi Bu juda kuchli jamoa va ularga qarshi bahs olib borish oson emas. Angliya terma jamoasi yarim himoyachisi Jud Bellingem JCH–2026 chorak finalida Norvegiyaga qarshi bahsdan (2:1) so‘ng bosh murabbiy Tomas Tuxelning tanqidiga munosabat bildirdi. Avvalroq Tuxel jamoa uchrashuv davomida o‘ziga o‘zi muammolar yaratganini ta’kidlagan edi. ""Balki u Erling Xoland, Martin Edegor, Antonio Nusa va Syorlotga qarshi bunday sharoitda o‘ynash qanday ekanini bilmas. Bu juda kuchli jamoa va ularga qarshi bahs olib borish oson emas. Shu sababli, menimcha, biz jamoa ichidagi ijobiy muhitni saqlab qolishimiz va turnirning hal qiluvchi bosqichi oldidan aynan shu ruhda davom etishimiz kerak"", — dedi Bellingem.","Jud Bellingem Tuxelning tanqidiga javob berdi Angliya yarim himoyachisi Jud Bellingem JCH–2026 chorak finalida Norvegiyaga qarshi gʻalabadan (2:1) soʻng bosh murabbiy Tuxelning tanqidiga munosabat bildirdi: “Bu juda kuchli jamoa, ularga qarshi oʻynash oson emas edi. Turnirning hal qiluvchi bosqichi oldidan jamoa ichidagi ijobiy muhitni saqlab qolishimiz kerak”, — dedi u."
"Tomas Tuxel: “Natijadan xursandman, ammo o‘yinimizdan emas” Jud Bellingem jahon darajasidagi futbolchi. Angliya terma jamoasi bosh murabbiyi Tomas Tuxel JCH–2026 chorak finalida Norvegiya ustidan qozonilgan 2:1 hisobidagi g‘alabadan so‘ng jamoasining o‘yinini keskin tanqid qildi. ""Men hech qachon “biz azob chekdik” demaganman. Bugun muammolarni o‘zimiz yaratdik. Natija ajoyib — biz turnirning eng kuchli to‘rt jamoasi qatoriga kirdik. Bu katta yutuq, ammo o‘yinimizdan umuman qoniqmadim. Futbolchilarning ishtiyoqi va fidoyiligi yuqori darajada edi. Lekin maydonda juda ko‘p ehtiyotsizlik, texnik xatolar, past tezlik va barqarorlik yetishmasligi kuzatildi. Bugun omad biz tomonda bo‘ldi. Bu mentalitet bilan bog‘liq muammo emas. Aksincha, aynan xarakterimiz bizga g‘alaba keltirdi.","Tomas Tuxel: “Natijadan xursandman, ammo oʻyinimizdan emas” Angliya bosh murabbiyi Tuxel Norvegiya ustidan 2:1 gʻalabadan soʻng jamoasining oʻyinini tanqid qildi: “Bugun muammolarni oʻzimiz yaratdik. Natija ajoyib, biz eng kuchli toʻrt jamoa qatoriga kirdik, ammo oʻyinimizdan qoniqmadim — texnik xatolar va past tezlik kuzatildi. Aynan xarakterimiz bizga gʻalaba keltirdi”."
"EzBioCloud maʼlumotlar bazasi tizimli ravishda tuziladi va muntazam yangilanadi. Bundan tashqari, maʼlumotlar bazasi veb-saytida prokaryotik genomlarning ikkita ketma-ketligi oʻrtasidagi foiz oʻxshashligini topish uchun ANI kalkulyatori, ikkita ketma-ketlik uchun juft- juft moslashtirish vositasi va boshqalar kabi bioinformatika vositalari taqdim etadi. RDP — bu rRNK ketma-ketligi haqida maʼlumot va tegishli dasturlar va xizmatlarni taqdim etuvchi maʼlumotlar bazasi. Masalan: filogeniya boʻyicha rRNK moslashuvlari, moslashishdan kelib chiqqan filogenetik daraxtlar, rRNKning ikkilamchi tuzilmalari va rRNK genini tadqiq qilish uchun maʼlumotlarni vizuallashtirish va tahlil qilish uchun turli dasturlar kiradi. Koʻpgina dasturiy paketlar yuklab olish va erkin foydalanish uchun mavjud. Silva Silva — qoʻlda tekshirilgan va muntazam yangilanib turuvchi ribosoma kichik subbirligi (16S/18S) va katta ribosoma subbirligi (23S/28S) rRNK ketma-ketligining barcha maʼlumotlarni oʻz ichiga olgan maʼlumotlar bazasi.","EzBioCloud maʼlumotlar bazasi muntazam yangilanib boradi va ANI kalkulyatori kabi bioinformatika vositalarini taqdim etadi. RDP bazasi esa rRNK ketma-ketligi, filogenetik daraxtlar va rRNKning ikkilamchi tuzilmalari boʻyicha maʼlumot beradi. Silva bazasi esa qoʻlda tekshirilgan rRNK ketma-ketliklarini oʻz ichiga oladi."
"Xoland: “Angliyani mag‘lub etishga juda yaqin edik” Braziliyaga qarshi o‘yinda vaziyatni o‘z foydamizga o‘zgartira olgandik. Norvegiya terma jamoasi hujumchisi Erling Xoland JCH–2026 chorak finalida Angliyaga 1:2 hisobida mag‘lub bo‘lgan uchrashuvdan so‘ng o‘z hissiyotlari bilan o‘rtoqlashdi. “Rostini aytsam, hislar juda og‘ir. Menimcha, biz bundan ko‘prog‘iga loyiq edik va Angliyani mag‘lub etishga juda yaqin kelgandik. Ichimda qandaydir bo‘shliq bor, ammo shu bilan birga faxr ham bor. Axir biz chorak finalgacha yetib keldik va Angliyaga haqiqiy kurash taklif qildik. Hissiyotlarim juda aralash”. — Hal qiluvchi vaziyatlardagi ikkita bahsli hakamlik qaroriga qanday qaraysiz? “Ba’zida jahon chempionati taqdiri bitta-ikkita epizod bilan hal bo‘ladi. Braziliyaga qarshi o‘yinda vaziyatni o‘z foydamizga o‘zgartira olgandik.","Xoland: “Angliyani magʻlub etishga juda yaqin edik” Norvegiya hujumchisi Erling Xoland JCH–2026 chorak finalida Angliyaga 1:2 magʻlub boʻlgach hissiyotlari bilan oʻrtoqlashdi: “Hislar ogʻir. Biz koʻprogʻiga loyiq edik va Angliyani magʻlub etishga yaqin kelgandik. Ammo chorak finalgacha yetib kelib, haqiqiy kurash taklif qildik. Hissiyotlarim aralash. Braziliyaga qarshi oʻyinda vaziyatni oʻzimiz uchun oʻzgartira olgan edik”, — dedi u."
"Senegal terma jamoasi bosh murabbiyi iste’foga chiqarildi Pap Tiav Senegal terma jamoasini 2024-yil oktabridan buyon boshqarib kelayotgan edi. Senegal futbol federatsiyasi (FSF) milliy terma jamoa bosh murabbiyi Pap Tiav va uning murabbiylar shtabi bilan hamkorlik yakunlanganini rasman e’lon qildi. Bunday qarorga JCH–2026dagi muvaffaqiyatsiz ishtirok sabab bo‘ldi. Senegal 1/8 finalda Sietlda Belgiyaga dramatik tarzda mag‘lub bo‘ldi. Pap Tiav shogirdlari uchrashuv davomida 2:0 hisobida oldinda borayotgan edi. Biroq asosiy vaqt yakunida ustunlikni boy berib, hisobning tenglashishiga yo‘l qo‘ydi. Qo‘shimcha bo‘limning 120+5-daqiqasida esa Belgiya penalti orqali g‘alaba golini urdi. 45 yoshli mutaxassisni iste’foga chiqarish qarori FSF ijroiya qo‘mitasi yig‘ilishida qabul qilindi. Pap Tiav Senegal terma jamoasini 2024-yil oktabridan buyon boshqarib kelayotgan edi.","Senegal terma jamoasi bosh murabbiyi iste’foga chiqarildi Senegal futbol federatsiyasi bosh murabbiy Pap Tiav bilan hamkorlik yakunlanganini eʼlon qildi. Sabab — JCH–2026 1/8 finalida Belgiyaga 2:0 hisobidan ustunlikni boy berib, qoʻshimcha vaqtda penalti orqali magʻlub boʻlishi boʻldi. Pap Tiav 2024-yil oktabridan buyon jamoani boshqarib kelgan edi."
"“Real” futbolchilari JCH tarixidagi yangi rekordni o‘rnatdi . Turnirning eng yaxshi to‘purari esa uning “Real”dagi jamoadoshi Kilian Mbappe bo‘lib, Fransiya terma jamoasi safida 8 ta gol muallifiga aylangan. Angliya terma jamoasi yarim himoyachisi Jud Bellingemning JCH–2026 chorak finalida Norvegiyaga qarshi (2:1) urgan goli Madridning “Real” klubi futbolchilari uchun turnirdagi 19-gol bo‘ldi. “Qirollik klubi” vakillari jahon chempionatlari tarixida bitta turnir davomida eng ko‘p gol urgan klub futbolchilari sifatida rekord o‘rnatdi. Bellingemning o‘zi ushbu mundialda 6 ta gol urishga muvaffaq bo‘ldi. Turnirning eng yaxshi to‘purari esa uning “Real”dagi jamoadoshi Kilian Mbappe bo‘lib, Fransiya terma jamoasi safida 8 ta gol muallifiga aylangan. Shu tariqa, jahon chempionatlari tarixida ilk bor bitta klub futbolchilari bir mundial davomida shuncha ko‘p gol urishga erishdi.","“Real” futbolchilari JCH tarixidagi yangi rekordni oʻrnatdi Bellingemning Norvegiyaga qarshi urgan goli “Real” klubi uchun turnirdagi 19-gol boʻldi — bu bitta klub futbolchilarining bitta mundialda eng koʻp gol urish rekordi. Bellingem oʻzi 6 ta gol urdi, jamoadoshi Mbappe esa 8 ta gol bilan turnirning eng yaxshi toʻpchisi boʻldi."
"Ay-rim hollarda matematik statistika usullaridan foydalaniladi. Oʻzbekistonda I.s. amaliyoti bilan alohida vazirlik — Makroiqtisodiyot va statistika vazirligi va uning viloyat, shahar va tuman boʻlimlari shugʻullanadi.",Ayrim hollarda matematik statistika usullaridan foydalaniladi. Oʻzbekistonda bu amaliyot bilan Makroiqtisodiyot va statistika vazirligi hamda uning mahalliy boʻlimlari shugʻullanadi.
"Britaniyada yiliga taxminan 6,000 kishi Islomga kiradi, va koʻpchilik yangi konvertlar ayollar. Huffington Postga koʻra, AQShda yiliga 20,000 kishi Islomni qabul qiladi. Filippinda 2011-yilda taxminan 220,000 kishi Islomga qaytdi, bu jarayon Balik Islam deb ataladi. Britaniyada 2013-yilda yiliga 5,000 kishi Islomga kirgan, koʻpchiligi ayollar.","Britaniyada yiliga taxminan 6,000 kishi Islomga kiradi, koʻpchiligi ayollar. AQShda esa yiliga 20,000 kishi Islomni qabul qiladi. Filippinda 2011-yilda 220,000 kishi Islomga qaytgan — bu jarayon Balik Islam deb ataladi."
"O'zbek milliy maqom san'ati markazi O‘zbekiston Respublikasi Prezidentining 2017-yil 17-noyabrdagi PQ-3391-son qarori bilan tashkil etilgan. Markaz maqom san'ati, uning o‘rganilishi va rivojlanishini qo‘llab-quvvatlash, ilmiy tadqiqotlar o‘tkazish, yosh avlodni maqom musiqasiga jalb qilish va uni o‘rgatish hamda xalqaro miqyosda o‘zbek maqom san’atining nufuzi va ahamiyatini oshirish maqsadida faoliyat ko‘rsatadi. 2022-yil 2-fevraldagi PQ-112-son qarori asosida, markazning hududiy bo‘limlari tashkil etildi, bu esa maqom san'atining rivojlanishini yanada kengaytirish va barcha hududlarda milliy musiqaning qadimiy va zamonaviy shakllarini o‘rgatish imkonini yaratdi. Xalqaro maqom san'ati anjumani O‘zbekiston Respublikasi Prezidentining 2017-yil 17-noyabrdagi PQ-3391-son qarori asosida har yili ikki marotaba o‘tkaziladi. Bu anjuman maqom san'ati, uning tarixiy va zamonaviy shakllarini muhokama qilish, xalqaro miqyosda ilmiy almashinuvlarni amalga oshirish hamda maqom san'ati bo‘yicha yirik tadqiqotlar olib borish uchun muhim mexanizm hisoblanadi.","O'zbek milliy maqom san'ati markazi 2017-yilda Prezident qarori bilan tashkil etilgan boʻlib, maqom san'atini oʻrganish, yoshlarni unga jalb qilish va xalqaro miqyosda targʻib qilish bilan shugʻullanadi. 2022-yilda markazning hududiy boʻlimlari ochilgan. Xalqaro maqom san'ati anjumani har yili ikki marta oʻtkazilib, ilmiy almashinuvlar uchun muhim mexanizm hisoblanadi."
"Bu faol boshqaruv organlarining eng qadimgisi bo‘lib, uning qoidalari (uchta 3 daqiqalik raundlar formati, himoya vositalari, sakkizgacha sanash davomida turish, uchta nokaut qoidasi va boshqalar) xalqaro musobaqalarda amalda standart bo‘lib kelgan. U IBA boks bo‘yicha jahon chempionatlarini tashkil etadi. IBA ilgari Yozgi Olimpiada o‘yinlarida boks musobaqalarini tashkil qilardi""; 2019-yilda tashkilot Xalqaro Olimpiya Qo‘mitasi (XOQ) tomonidan boshqaruv muammolari va korruptsiya ayblovlari tufayli qo'mita a'zoligidan chetlatilgan va shuning uchun tashkilot endi Olimpiya boksida ishtirok eta olmaydi. 2023-yilda XOQ IBAni tashkilot muammolari hal qilinmaganligi tufayli ovoz berish yo'li bilan a'zolikdan chetlatdi. Jahon boksi tashkiloti 2023-yilda tashkil etilgan;"" u IBAdan ajralib, boksning Olimpiadaga kiritilishini davom ettirishni qo‘llab-quvvatlash maqsadida tashkil etilgan.","Bu eng qadimgi boks boshqaruv organi boʻlib, uning qoidalari (uch daqiqalik raundlar, himoya vositalari va boshqalar) xalqaro musobaqalarda standart hisoblanadi. U jahon chempionatlarini tashkil qiladi. 2019-yilda IBA korruptsiya ayblovi tufayli XOQ tarkibidan chetlatilgan va Olimpiada boksida ishtirok eta olmaydi. 2023-yilda esa u aʼzolikdan butunlay chiqarilgan, shundan soʻng Jahon boksi tashkiloti tuzilgan."
"Ushbu sanalardan soʻng, Airbus va uning mijozlari oʻrtasida etkazib berishda uzilishlar yuzaga kelgan taqdirda maxsus kompensatsiya shartnomalari imzolandi. Dastlabki hisob-kitoblarga koʻra, A380F yuk modeli 2009-yilning birinchi yarmida, Boeing 747-8F birinchi yetkazib berilishidan taxminan 6 oy oldin yetkazib beriladi. Buzilishlar FedEx buyurtmalarini bekor qilishga va Emirates buyurtmalarini almashtirishga olib keldi. Natijada, buyurtmalar roʻyxatida faqat UPS ning 10 ta A380-800Flari qoladi. UPS va Airbus birinchi marta 2007-yil fevral oyida buyurtma va ishlab chiqarish masalasini koʻrib chiqish imkoniyatiga ega boʻlib, ikkala tomonga 2007-yil martigacha vaqt berdi. Taʼkidlanishicha, ushbu vaqt oraligʻida har ikki tomon uchun ham mumkin boʻlgan buyurtmani bekor qilish uchun kompensatsiya olinmaydi. 2007-yil 1 martdagi Airbus bayonotiga koʻra, A380-800F yuk modeli hozir ijobiy istiqbollarni taʼminlamaganligi sababli, ular ishlab chiqarish va texnik imkoniyatlarini A380 yoʻlovchi modeliga oʻtkazdilar.","Airbus va uning mijozlari oʻrtasida yetkazib berish uzilishlari uchun kompensatsiya shartnomalari tuzilgan. A380F yuk modeli Boeing 747-8F dan 6 oy oldin yetkazilishi rejalashtirilgan edi, ammo FedEx buyurtmani bekor qildi, Emirates esa oʻzgartirdi. Natijada faqat UPS ning 10 ta buyurtmasi qoldi. 2007-yilda Airbus A380-800F loyihasini ijobiy istiqbol koʻrmagani sababli toʻxtatib, resurslarni yoʻlovchi modeliga yoʻnaltirdi."
"Ichiro Mizuki (水木 一郎, Mizuki Ichirou) (1948 yil 7 yanvar Tokyo tug`ilgan) Yaponiyaning anison-ashulachi, bastakori va aktyor. Solist sifatida Mizuki 1968 yilda guruh Kimi ni sasageru Boku no Uta, Suteki na Yoru va 1970da Dare mo inai Umi, Hoshi ni Inori wo komete qoʻshiqlari bilan mashhur boʻlib ketadi. 2000da uning otasi Mizuki va uning toʻrt nafar ukalari bilan JAM Project guruhini tashkil etadi. 1989: ""OTAKEBI Sanjou! Hoeru Otoko Ichiro Mizuki Best"" (OTAKEBI参上!吠える男 水木一郎ベスト) 1990: ""Ichiro Mizuki OTAKEBI 2"" (水木一郎 OTAKEBI2) 1990: ""Ichiro Mizuki All Hits Vol.1"" (水木一郎 大全集Vol.1) 1991: ""Ichiro Mizuki All Hits Vol.2"" (水木一郎 大全集Vol.2) 1991: ""Ichiro Mizuki Ballade Collection ~SASAYAKI~ Vol.1"" (水木一郎バラード・コレクション～SASAYAKI～Vol.1) 1991: ""Ichiro Mizuki All Hits Vol.3"" (水木一郎 大全集Vol.3) 1992: ""Ichiro Mizuki All Hits Vol.4"" (水木一郎 大全集Vol.4) 1992: ""Ichiro Mizuki All Hits Vol.5"" (水木一郎 大全集Vol.5) 1993: ""Dear Friend"" 1994: ""Ichiro Mizuki no Tanoshii Asobi Uta"" (水木一郎のたのしいあそびうた) 1995: ""Ichiro Mizuki Best & Best"" (水木一郎 ベスト&ベスト) 1997: ""ROBONATION Ichiro Mizuki Super Robot Complete"" (ROBONATION 水木一郎スーパーロボットコンプリート) 1998: ""Neppuu Densetsu"" (熱風伝説) 1999: ""Neppuu Gaiden -Romantic Master Pieces-"" (熱風外伝-Romantic Master Pieces-) 2001: ""Aniki Jishin ~30th Anniversary BEST~"" (アニキ自身~30th Anniversary BEST~) 2004: ""Ichiro Mizuki Best of Aniking -Red Spirits-"" (水木一郎 ベスト・オブ・アニキング -赤の魂-) 2004: ""Ichiro Mizuki Best of Aniking -Blue Spirits-"" (水木一郎 ベスト・オブ・アニキング -青の魂-) 1968: ""Kimi ni sasageru Boku no Uta"" (君にささげる僕の歌) 1970: ""Dare mo inai Umi"" (誰もいない海) 1990: ""Natsukashi Kutte Hero ~I'll Never Forget You!~"" (懐かしくってヒーロー~I'll Never Forget You!~) 1992: ""Natsukashi Kutte Hero PartII ~We'll Be Together Forever!~"" (懐かしくってヒーロー・PartII~We'll Be Together Forever!~) 1994: ""SEISHUN FOR YOU ~Seishun no Uta~"" (SEISHUN FOR YOU~青春の詩~) 1997: ""221B Senki Single Version"" (221B戦記 シングルバージョン) 1999: ""Golden Rule ~Kimi wa mada Maketenai!~"" (Golden Rule~君はまだ負けてない!~) /","Ichiro Mizuki (1948-yilda Tokioda tugʻilgan) — yaponiyalik anison-ashulachi, bastakor va aktyor. U 1968-yilda „Kimi ni sasageru Boku no Uta“ qoʻshigʻi bilan mashhur boʻlgan. 2000-yilda oʻzi va toʻrt boshqa ashulachi bilan JAM Project guruhini tuzgan. Uning koʻplab albomlari 1989–2004-yillar oralig‘ida chiqqan, jumladan „Ichiro Mizuki All Hits“ turkumi va „Neppuu Densetsu“."
"Hazrati Zaynulobiddin Ziyoratgohi — Forish tumanining eng chekka, Navoiy viloyati Nurota tumani bilan chegaradosh hududida Mojurum qishlogʻida joylashgan. Bu qishloq Jizzax shahridan 121 km uzoqlikda joylashgan. HPVG+3H Majrum qabristoni, Majrum, Jizzakh Region, Uzbekistan Quruq va iliq kontinental iqlimga ega boʻlgan bu yer, yiliga 300-400 millimetr yogʻingarchilik hosil qiladi. Yillik oʻrtacha harorat 14 daraja, yanvarda oʻrtacha harorat 19 daraja sovuq boʻlsa, iyulda esa 30 daraja issiqni tashkil etadi. Aytish joizki, hududda aniqlangan mutlaqo yuqori harorat 47 daraja issiq, mutlaqo past harorat esa 32 daraja sovuqqa teng. Qish oʻrtacha sovuq, qor yogʻishi va ayozli kunlar davomli haroratning iliqligi bilan yomgʻirli va shamolli ob-havo bilan almashib turadi.","Hazrati Zaynulobiddin Ziyoratgohi Jizzax viloyati Forish tumanidagi Mojurum qishlogʻida joylashgan boʻlib, Jizzax shahridan 121 km uzoqlikda. Bu yerning iqlimi quruq va kontinental, yillik yogʻin 300–400 mm ni tashkil qiladi. Oʻrtacha yillik harorat 14 daraja boʻlib, qish sovuq, yoz esa issiq keladi."
"Xalqaro universitetlar sport federatsiyasi (FISU,) Universiadada boks bo‘yicha musobaqalar uchun mas’ul edi. Yaxshi niyat o‘yinlarini tashkil etish qo‘mitasi (qisman AQSH va Sovet sport qo‘mitasidan iborat) Yaxshi niyat o‘yinlarida boks musobaqalari uchun mas’ul edi. Milliy kollej atletika assotsiatsiyasi 1948-yildan 1960-yilgacha AQShning kollej boks chempionatlarini ruxsat berdi Qo‘shma Shtatlardagi kollej darajasidagi boks musobaqalari odatda ikkita tashkilotdan biri tomonidan tartibga solinadi: Milliy kollej boks assotsiatsiyasi (1978-yilda tashkil etilgan) yoki Amerika Qo‘shma Shtatlari kollejlararo boks assotsiatsiyasi (2012-yilda tashkil etilgan). Professional boks",Xalqaro universitetlar sport federatsiyasi (FISU) Universiadada boks musobaqalari uchun masʼul boʻlgan. Yaxshi niyat oʻyinlarida esa alohida qoʻmita javobgar edi. AQShda kollej darajasidagi boks musobaqalarini ikkita tashkilot — Milliy kollej boks assotsiatsiyasi va Amerika kollejlararo boks assotsiatsiyasi tartibga soladi.
"XOQ tomonidan nazorat qilinadigan ishchi guruhlar IBAning to‘xtatilishi tufayli 2020-yildan beri Olimpiadada boksga ma'sul bo'lib kelmoqda. XOQ boks qoidalariga IBA qoidalari kiritilgan. Xalqaro harbiy sport kengashi (CISM) 1948-yilda tashkil etilgan bo‘lib, Jahon harbiy o‘yinlari va Jahon harbiy boks chempionatlarida boks musobaqalari uchun mas’uldir. 2021-yilda u IBA bilan hamkorlik shartnomasini imzoladi. Xalqaro havaskor boks federatsiyasi (FIBA) 1920-yilda tashkil etilgan, IBAning o‘tmishdoshi, Ikkinchi jahon urushidan ko‘p o‘tmay tarqatib yuborilgan. Xalqaro sport va jismoniy tarbiya assotsiatsiyasi (SASI) 1920-yilda tashkil etilgan, XOQning Xalqaro ishchilar olimpiadalarida boks bo‘yicha musobaqalar uchun mas’ul bo‘lgan kommunistik egizagi (sotsialistik mamlakatlar G‘arb mezbonlik qilgan olimpiadalarni e’tiborsiz qoldirgan paytlarda Olimpiadaning sotsialistik ekvivalenti). 1946-yilda SSSR XOQ va AIBAga qo‘shilishga qaror qilganidan keyin tarqatib yuborildi.","XOQ 2020-yildan beri IBA to‘xtatilgani sababli Olimpiadada boksga mas'ul. XOQ IBA qoidalaridan foydalanadi. Xalqaro harbiy sport kengashi (CISM) 1948-yilda tuzilgan va harbiy o‘yinlarda boks musobaqalarini o‘tkazadi, 2021-yilda IBA bilan shartnoma imzolagan. Undan oldin FIBA (1920-yilda tuzilgan) bu vazifani bajargan, lekin urushdan keyin tarqatilgan. SASI (1920) ham sotsialistik mamlakatlar uchun shunday vazifani bajargan, 1946-yilda SSSR XOQ va AIBAga qo‘shilgach tarqatilgan."
"Muammar Qaddafiy oʻz lavozimini tark etishdan bosh tortdi va 2011-yil iyulidan Turkiya muxolifatdagi Liviya Milliy ozodlik armiyasi va Liviya oʻtish davri milliy kengashiga yordam bera boshladi. Liviyadagi fuqarolar urushining ikkinchi bosqichi boshlanishi bilan Turkiya BMT tomonidan tan olingan, Tripolidagi Milliy kelishuv hukumatini qoʻllab-quvvatlashni davom ettirdi va Tobrukdagi Liviya vakillar palatasi qarshi chiqdi. Xalifa Xaftarning turkiylarga qarshi izchil pozitsiyasi Turkiya va Tobrukdagi hukumat oʻrtasidagi adovatning kuchayishiga. Turkiya vitse-prezidenti Fuat Oʻqtay bilvosita Xalifa Xaftarni davom etayotgan tartibsizliklar, namoyishlar va tinchlik jarayoniga toʻsqinlik qilishda aybladi va 2018-yilning noyabrida Liviyada tinchlik uchun konferensiyani tark etdi. Xalifa Xaftar Turkiya prezidenti Rajab Toyyib Erdoʻgʻonga qarshilik koʻrsatishda davom etdi, qurol yarogʻ ortilgan turk kemalarini tez tez qoʻlga oldi. 2019-yil aprel oyida Tripolida qilingan hujimdan soʻng Turkiya Xalifa Xaftarning Liviyadagi vaziyatni beqarorlashtirganini qoraladi. 2019-yil noyabr oyida Turkiya Liviya xalqaro tan olingan hukumati bilan xavfsizlik va harbiy hamkorlik boʻyicha kelishuvdan tashqari, Oʻrta yer dengizidagi dengiz chegaralari boʻyicha kelishuv imzolaganini maʼlum qildi.","Qaddafiy hokimiyatni tark etishdan bosh tortgach, Turkiya 2011-yildan Liviya muxolifatiga yordam bera boshladi. Fuqarolar urushi davomida Turkiya BMT tan olgan Tripoli hukumatini qo‘llab-quvvatladi, Tobrukdagi parlamentga esa qarshi chiqdi. Haftarning Turkiyaga qarshi pozitsiyasi ikki tomon o‘rtasida keskinlikni kuchaytirdi — u turk kemalarini bir necha bor qo‘lga oldi, Turkiya esa uni beqarorlikda ayblab, 2018-yilda tinchlik konferensiyasini tark etdi. 2019-yil noyabrda Turkiya Liviya hukumati bilan xavfsizlik va dengiz chegaralari bo‘yicha kelishuv imzoladi."
"Bozor iqtisodiyotiga oʻtishning shov-shuvli dasturlaridan birining muallifi. Iqtisodiyotni boshqarishning maʼmuriy usullariga asoslangan islohot natijasida inqiroz yanada kuchaydi, yuqori maoshli ishchilarning ish haqiga soliq yukining oshishi yashirin iqtisodiyotning kuchayishiga yordam berdi (birinchi navbatda, „konvertdagi ish haqi“ deb ataladigan toʻlovlar hisobiga). Hukumatning muvaffaqiyatsizliklarini ommaning islohotlar kursini qabul qilmasligi, yangi sharoitlarda ishlashga tayyor emasligi bilan oqladi. 1991-yil may oyidan dekabrigacha SSSR Prezidentining maslahatchisi. Iqtisodiy fan metodologiyasi, iqtisodiy siyosat va xoʻjalik mexanizmi muammolari sohasidagi yirik mutaxassis sifatida umrining soʻnggi yillarida oʻzining asosiy ilmiy qiziqishlarini Rossiya jamiyatini oʻzgartirish yoʻllarini ishlab chiqishga, madaniy-tarixiy fonni va iqtisodiy islohotlarning sivilizatsiyaviy istiqbollari yoʻllarini anglashga qaratdi. „Voprosi ekonomiki“ jurnalining bosh muharriri sifatida ham ish faoliyati olib borgan.","U bozorga o‘tishning mashhur dasturlaridan birining muallifi edi. Ma'muriy usullarga asoslangan islohot inqirozni kuchaytirdi, yuqori maoshlarga soliq oshishi yashirin iqtisodiyotning o‘sishiga sabab bo‘ldi. U hukumat muvaffaqiyatsizligini xalqning islohotlarga tayyor emasligi bilan izohladi. 1991-yilda SSSR Prezidentining maslahatchisi bo‘lgan. Keyingi yillarda Rossiya jamiyatini o‘zgartirish yo‘llari ustida ishlab, „Voprosi ekonomiki“ jurnaliga bosh muharrirlik ham qildi."
"Jeorjia Texnologiyalar Universitetida maktab birinchi darslarini o'tkazishdan oldin bo'lim ochgan birinchi shartnoma 1888-yilda Alpha Tau Omega edi, maktab birinchi darslarini o'tkazishdan oldin. 1954-yilda Alpha Xi Delta boʻlim tashkil etgan birinchi sorority edi 2019-yilda bakalavriatda o‘qiyotgan erkaklarning 28 foizi va bakalavriatda o‘qiyotgan ayollarning 33 foizi Yunonlarning Texnologiya tizimida faol bo‘lgan.","Jorjiya Texnologiyalar Universitetida birinchi birodarlik boʻlimi 1888-yilda, birinchi sorority esa 1954-yilda ochilgan. 2019-yilda erkak talabalarning 28 foizi va ayol talabalarning 33 foizi bunday tashkilotlarda faol boʻlgan."
"Va yana quyish, temirchilik, qozonxona va dvigatel xonaslari ham mavjud edi. U talabalar ishlashlari va maktabni sotish va moliyalashtirish uchun mahsulot ishlab chiqarishlari uchun mo'ljallangan. Bu ikkala bino ham aqlni, ham qo'lni o'rgatish muhimligini ko'rsatish uchun mo'ljallangan ya'ni, o'lchami tomondan bir xil edi, ammo o'sha paytda mashinasozlik do'konidan foyda olish uchun foydalanish kerakmi yoki yo'qmi degan kelishmovchiliklar ham mavjud edi. 1905-yil 20-oktyabrda AQSh prezidenti Teodor Ruzvelt Georgia Techga tashrif buyurdi. Tech Tower zinapoyasida Ruzvelt texnologik ta'limning ahamiyati haqida nutq so'zladi. Keyin har bir talaba bilan qo‘l berib ko‘rishdi. Brittain Dining Hall Sharqiy kampusning asosiy ovqat zali. U o'rta asr cherkovidan keyin modellashtirilgan bo'lib, o'yilgan ustunlar va ramziy raqamlarni ko'rsatadigan vitrajlar bilan to'la.","Bu binolarda quyish, temirchilik va dvigatel ustaxonalari ham boʻlgan — talabalar shu yerda amaliy koʻnikma olgan va mahsulot ishlab chiqargan. 1905-yilda AQSh prezidenti Teodor Ruzvelt Georgia Techga tashrif buyurib, texnologik taʼlim haqida nutq soʻzlagan. Brittain ovqatlanish zali oʻrta asr cherkovi uslubida qurilgan boʻlib, oʻyma ustunlar va vitrajlar bilan bezatilgan."
"Biroq, soliq boshpanalari yoki korporativ soliq boshpanalari, iqtisodiy maʼlumotlarni soxtalashtirishi va sunʼiy ravishda yuqori yoki oshirilgan kishi boshiga YaIM koʻrsatkichlaridan foydalanishi tobora koʻproq tan olinmoqda. Global yurizdiksiyalarning deyarli 15 foizidan ortigʻi soliq boshpanalari ekanligi taxmin qilinadi. Xalqaro valyuta jamgʻarmasi (IMF) tadqiqoti, global toʻgʻridan-toʻgʻri investitsiya oqimlarining 40 foizga yaqini, turli yurizdiksiyalarning YaIMiga katta taʼsir koʻrsatadigan „soxta“ tranzaksiyalar sifatida tavsiflanadi, deb taxmin qiladi. 3152 trillion—dunyodagi barcha xorijiy to‘g‘ridan-to‘g‘ri investitsiya pozitsiyalarining deyarli 40 foizi—butunlay sun'iydir: bu haqiqiy faoliyatga ega bo‘lmagan bo‘sh korporativ qobiqlar orqali o‘tayotgan moliyaviy investitsiyalarni tashkil etadi. Bu investitsiyalar deyarli har doim mashhur soliq boshpanalari orqali o‘tadi. Sakkizta asosiy o'tish iqtisodiyoti—Niderlandiya, Lyuksemburg, Gonkong SAR, Britaniya Virgin orollari, Bermuda, Kayman orollari, Irlandiya va Singapur—dunyo bo‘yicha maxsus maqsadli subyektlarga investitsiyalarning 85 foizidan ortig‘ini qabul qiladi, ular ko‘pincha soliq sababli tashkil etiladi. 2017-yilda, Irlandiyaning iqtisodiy maʼlumotlari AQSh ning transmilliy korporatsiyalarining soliqdan qochish strategiyalari, shuningdek BEPS harakatlari bilan shu qadar buzildiki, Irlandiya YaIM (va YMM) statistikasi iqtisodiyotning ishonchli oʻlchovi sifatida amalda tark etildi va oʻrniga modifikatsiyalangan yalpi milliy daromad deb nomlangan yangi statistika yaratildi.","Soliq boshpanalari va sunʼiy iqtisodiy maʼlumotlar orqali baʼzi mamlakatlarning jon boshiga YaIM koʻrsatkichi sunʼiy oshirilishi mumkin. Dunyodagi yurizdiksiyalarning taxminan 15 foizi soliq boshpanasi hisoblanadi. XVJ tadqiqotiga koʻra, global toʻgʻridan-toʻgʻri investitsiyalarning qariyb 40 foizi haqiqiy faoliyatsiz, sunʼiy „qobiq“ kompaniyalar orqali oʻtadi — bu koʻpincha Niderlandiya, Lyuksemburg, Irlandiya kabi mashhur soliq boshpanalarida sodir boʻladi. 2017-yilda Irlandiyaning YaIM koʻrsatkichlari transmilliy korporatsiyalarning soliqdan qochish sxemalari sababli shu qadar buzilganki, endi „modifikatsiyalangan yalpi milliy daromad“ deb ataladigan yangi koʻrsatkich qoʻllanilmoqda."
"Ayniqsa, fitna muvaffaqiyatli amalga oshirilgandan soʻng, u nafaqat lavozimida koʻtarilgan, balki yangi rejimning ustunlaridan biriga aylanadi, deb vaʼda qilingan. GHQga qaytgach, general Abdur Rahman general Ziya ul-Haq bilan bogʻlanib, Ziyaga qarshi fitnani fosh qilgan. 1979-yil iyun oyida qarshi toʻntarish fosh qilinganidan soʻng, prezident general Ziya ul-Haq general Abdur Rahmanni leytenant general unvoniga koʻtarib, ISI bosh direktori lavozimiga tayinlagan. Sovet Ittifoqi oʻzining armiyasini Afgʻonistonga joylashtirganida, Abdur Rahman boshchiligidagi Pokistonning eng yuqori harbiy qoʻmondonligi Sovet Ittifoqining keyingi nishoni Pokiston boʻlishi mumkinligiga ishongan edi. Ular Pokistonning strategik joylashuvi va Arab dengizidagi iliq suv portlariga ega ekanligi sababli, kelajakda bosqinchilik uchun asosiy maqsad boʻlishi mumkin deb hisobladi.","Fitna muvaffaqiyatli boʻlsa, unga yangi rejimda yuqori mavqe vaʼda qilingan edi. Biroq general Abdur Rahman general Ziya ul-Haqqa xabar berib, fitnani fosh qildi. 1979-yilda toʻntarish rejasi ochilgach, Ziya ul-Haq Abdur Rahmonni leytenant generallikka koʻtarib, ISI boshligʻi etib tayinladi. Sovet qoʻshinlari Afgʻonistonga kirgach, Pokiston harbiy rahbariyati mamlakat keyingi nishon boʻlishi mumkinligidan xavotirlangan."
"Halokatdan koʻp oʻtmay, senat raisi Ghulam Ishaq Khan prezidentlik lavozimini egallab, radio va televideniye orqali prezident Muhammad Ziyoul-Haqning vafot etganini eʼlon qiladi. Turli davlat razvedka xizmatlari, jumladan AQSh Markaziy Razvedka Boshqarmasi, SSSR Davlat xavfsizlik qoʻmitasi, Hindiston RAW, Isroil Mossad va Afgʻoniston KHAD yoki bu toʻrtta razvedka xizmatlariining Pokiston armiyasidagi muxolif guruhlar bilan birgalikdagi ittifoqi ushbu hodisada ishtirok etgani haqida taxminlar mavjud. Koʻp oʻtmay, tergov qilish uchun maxsus komissiya tuziladi. U halokatning eng ehtimoliy sababi samolyotda sodir etilgan sabotaj harakati ekanligini aniqladi. Shuningdek, yoʻlovchilar va ekipajning harakatsiz boʻlib qolishiga sabab boʻlgan zaharli gazlar chiqarilganini ham taxmin qildi, bu esa nega yordam signalining berilmaganini tushuntiradi.","Halokatdan koʻp oʻtmay, senat raisi Ghulam Ishaq Xon prezident lavozimini egallab, Ziyoul-Haqning vafotini eʼlon qildi. AQSh, SSSR, Hindiston va Afgʻoniston razvedkalarining bu voqeaga aloqadorligi haqida turli taxminlar bor. Maxsus komissiya tergov oʻtkazib, halokat sababi samolyotdagi sabotaj ekanini aniqladi, shuningdek zaharli gaz yoʻlovchilarni harakatsiz qilgani va shuning uchun yordam signali berilmagani taxmin qilindi."
"Akhtar Abdur Rahman 1988-yil 17-avgustda Pokistonning oltinchi va amaldagi prezidenti Muhammad Ziyoul-Haq, AQShning Pokistondagi elchisi Arnold Lewis Raphel va boshqa bir qator yuqori martabali generallar bilan samolyot halokati natijasi vafot etadi. U Baxavalpur shahriga AQShning M1 Abrams tankini namoyishini koʻrish uchun prezident Muhammad Ziyoul-Haqning Lockheed C-130 Hercules samolyotida hamrohlik qilgan. Ular namoyishdan soʻng, Baxavalpur aeroportidan Islomobod xalqaro aeroportiga uchishlari kerak boʻladi. Samolyotning havoga koʻtarilishi muvaffaqiyatli oʻtadi, biroq parvozning taxminan 2+1⁄2 daqiqasidan soʻng, nazorat minorasi samolyot bilan aloqani yoʻqotib qoʻyadi. Samolyotni havoda koʻrgan guvohlarning aytishicha, u notekis uchgan va birdan burun qismi bilan pastga shoʻngʻib, yerga urilganda portlab ketgan. Natijada, samolyot ichidagi 31 nafar yoʻlovchining barchasi halok boʻlgan.","Akhtar Abdur Rahman 1988-yil 17-avgustda prezident Ziyoul-Haq, AQSh elchisi va boshqa yuqori martabali shaxslar bilan birga samolyot halokatida vafot etdi. Parvoz boshlanganidan 2,5 daqiqa oʻtgach aloqa uzilib, samolyot yerga qulab, portlab ketdi. Barcha 31 yoʻlovchi halok boʻldi."
"Birinchi Xalqaro maqom san'ati anjumani 2018-yil 6-10-sentyabrda Qashqadaryo viloyatining Shahrisabz shahrida yuqori badiiy saviyada o‘tkazildi. Ushbu anjumanda 73 mamlakatdan 300 nafarga yaqin taniqli musiqashunos olimlar, mutaxassislar va ijrochilar ishtirok etdilar. Ikkinchi Xalqaro maqom san'ati anjumani 2024-yilning 27-30-iyun kunlari Jizzax viloyatining Zomin tumanida YUNESKO va AYSESKO tashkilotlari shafeligi ostida o‘tkazildi. Ushbu anjumanda 80 dan ortiq davlatlardan 400 nafardan ko‘proq ishtirokchi qatnashdi. Anjumanlar davomida maqom san’ati ijro uslublari, o‘quv metodikalari va maqom musiqasining xalqaro miqyosda rivojlanish istiqbollari muhokama qilinadi. Maqom anjumanida, shuningdek, xalqaro tanlov ham o‘tkaziladi, unda ishtirokchilar maqom san’ati ijro etish bo‘yicha o‘z mahoratlarini namoyish etadilar. I.Rajabov, Maqomlar masalasiga doir, 1963"";"" O.Ibrohimov, Maqom va makon, 1996 Ravshan Yunusov.","Birinchi Xalqaro maqom sanʼati anjumani 2018-yilda Shahrisabzda oʻtkazilib, unda 73 mamlakatdan 300 ga yaqin mutaxassis ishtirok etdi. Ikkinchisi 2024-yilda Zomin tumanida YUNESKO homiyligida oʻtkazilib, 80 dan ortiq davlatdan 400 dan ortiq kishi qatnashdi. Anjumanlarda maqom sanʼati va uning rivojlanishi muhokama qilinadi, shuningdek xalqaro tanlov ham oʻtkaziladi."
"Aleksandr Lukashenko (Alyaksandar Lukashenka, Alyaksandr Lukash, Aleksandr Lukashenko, Alyaksandar Rigʻoravich Lukashenka, IPA: [alʲaʼksandr rɨ'ɣorəvʲɪtʃ ɫukaʼʂɛnkə]""; 30-avgust, 1954, Kopis) — Belarus prezidenti. Mogilyov pedagogika instituti (1975) va Belorus qishloq xoʻjaligi akademiyasini, ekonomika fakultetini (1985) tugatgan. 1977—78 yillarda tuman ijroiya qoʻmitasida ishlagan. 1982-yildan agrosanoat majmuida turli lavozimlarda. 1982-yilda kolxoz raisi oʻrinbosari lavozimiga saylanadi, 1985-yildan 1987 gacha Shklovskiy tumani Lenin nomidagi kolxoz partiya qoʻmitasida kotib boʻlib ishlagan. 1990-yildan Belorus Respublikasi Oliy Kengashi aʼzosi;"" 1993—94 yillarda Oliy Kengashning korrupsiyaga qarshi kurash komissiyasi raisi. 1994-yil iyuldan Belorus Respublikasi prezidenti. 1994-yil 21—23 dekabrda rasmiy tashrif bilan Oʻzbekistonda boʻlgan.","Aleksandr Lukashenko (1954-yilda tugʻilgan) — Belarus prezidenti. U pedagogika va qishloq xoʻjaligi taʼlimini olgan, 1980-yillarda kolxozda va partiya lavozimlarida ishlagan. 1990-yildan Oliy Kengash aʼzosi, 1994-yildan Belarus prezidenti. 1994-yil dekabrda Oʻzbekistonga rasmiy tashrif buyurgan."
"Talab 1,5 baravar. Keyinchalik Airbus bu muammoni 30 kilogrammlik qanotni mustahkamlash bilan hal qildi. 2006-yil 21-dekabrda Airbus Future Programs prezidenti Kristian Sherer samolyot hozir talab qilinadigan ogʻirlik chegaralarida ekanligini eʼlon qildi. Ilgari Emirates Airlines bosh ijrochi direktori Tim Klark samolyot hali ham 5,5 tonna (yoki sof boʻsh ogʻirligining 1,5 foizi) juda ogʻir ekanligini taʼkidlagan edi. Bu raqamlar, albatta, notoʻgʻri. Airbus A380 qismlari boshqa Airbus turlari kabi turli ishlab chiqarish zavodlarida ishlab chiqariladi. Bular birinchi navbatda : Germaniya Hamburg-Finkenwerder, Bremen, Nordenham, Buxtehude, Stade, Laupheim, Varel Birlashgan Qirollik Broughton, Filton Fransiya Nantes, Saint Nazaire, Toulouse, Meaulte Ispaniya Getafe, Puerto Real, İllescasBu qismlar Tuluzaga samolyot, kema va yoʻl orqali ularning oʻlchamiga qarab keltiriladi va Airbus A380 butun holda u yerda yigʻiladi.","Airbus qanotni 30 kilogramm mustahkamlash bilan ogʻirlik muammosini hal qildi, garchi baʼzi mutaxassislar samolyotni hali ham ogʻir deb hisoblagan boʻlsa-da. A380 qismlari Germaniya, Buyuk Britaniya, Fransiya va Ispaniyadagi turli zavodlarda ishlab chiqarilib, keyin Tuluzaga keltirilib yigʻiladi."
"Maʼlumki, har bir samolyot maxsus turbulentlik yaratadi. Bu turbulentliklar samolyot tezligiga qarab qanotlar ustida tez oqib oʻtadigan havo samolyotning oxirgi qismida bir nechta girdoblar hosil qilganda sodir boʻladi. Qoʻnayotgan yoki aerodromda boʻlgan boshqa samolyotlarga, ayniqsa qoʻnish va uchish vaqtida zarar etkazilishining oldini olish uchun Airbus A380 iyul oyida Germaniyaning Deutsches Zentrum für Luft- und Raumfahrt (DLR) Aerokosmik Markazi Instituti tomonidan Oberpfaffenhofen aeroportida muvaffaqiyatli sinovdan oʻtkazildi. va avgust 2006. yakunlandi va zarur xalqaro sertifikat oldi. Ushbu sinovlar tufayli kerakli xavfsizlik masofasi oʻlchandi va Boeing 747-400 tipidagi samolyot maʼlumotlari asosida aniqlandi. 2006-yil 4 va 8-sentyabr kunlari uzoq masofali parvoz sinovlari (Early Long Flights yoki qisqacha ELF) amalga oshirildi, shu jumladan birinchi yoʻlovchilar va ekipaj. 474 nafar yoʻlovchi bilan oʻtkazilgan ushbu sinovlarda 50.000 Airbus ishchisi oʻrtasida oʻtkazilgan qura tashlash natijasida barcha yoʻlovchilarga chiptalar berildi.","Har bir samolyot havoda turbulentlik hosil qiladi, bu boshqa samolyotlarga xavf tugʻdirishi mumkin. A380 uchun bu muammo 2006-yilda Germaniyaning DLR institutida sinovdan oʻtkazilib, kerakli xavfsizlik masofasi aniqlandi. Shu yili uzoq masofali parvoz sinovlari ham oʻtkazilib, unda 474 yoʻlovchi (Airbus ishchilari orasidan qura tashlab tanlangan) ishtirok etgan."
"Muvaffaqiyatsiz bir haftalik jangdan soʻng, Santa Anna orqaga chekingan. 1911-yilda inqilobiy kuchlar Akapulkoning asosiy maydonini egallab olishdi. 1920-yilda Uels shahzodasi (kelajakdagi qirol Edvard VIII) bu hududga tashrif buyurdi. Ko‘rgan voqealaridan taʼsirlanib, u yerni Yevropadagi vatandoshlariga tavsiya qilib, Meksikadagi elita orasida mashhur bo‘ldi. Mehmonxona va savdo infratuzilmalarining katta qismi Korrigan shahridan (Texas) Albert B. Pullen ismli tadbirkor tomonidan hozir Eski Akapulko deb nomlanuvchi hududda qurilgan. 1933-yilda Karlos Barnard La Quebrada qoyalaridagi 12 xonadan iborat El Mirador mehmonxonasining birinchi qismini ishga tushirdi. Wolf Schoenborn katta miqdorda oʻzlashtirilmagan yerlarni sotib oldi va Albert Pullen Las Americas mehmonxonasini qurdi. 1940-yillarning oʻrtalarida birinchi savdo pristavkasi va omborxonalar qurildi. 1950-yillarning boshida Prezident Migel Aleman Valdes port infratuzilmasini yangiladi, elektr liniyalari, drenaj tizimlari, yoʻllar va portni Mexiko shahri bilan bogʻlaydigan birinchi avtomagistralni qurdirdi.","Bir haftalik jangdan soʻng Santa Anna chekindi, 1911-yilda esa inqilobchilar Akapulkoni egallashdi. 1920-yilda Uels shahzodasining tashrifidan soʻng bu joy Meksika elitasi orasida mashhur boʻlib qoldi. 1933-yilda birinchi yirik mehmonxona qurildi, 1950-yillarda esa prezident Migel Aleman port infratuzilmasini yangilab, uni Mexiko shahri bilan avtomagistral orqali bogʻladi."
"Shu tariqa Óscar Bonfiglio jahon chempionatida gol o‘tkazib yuborgan birinchi darvozabonga aylandi. Oʻsha oʻyinda yana bir fransuz André Maschinot jahon chempionati tarixidagi ilk dublga erishdi. Amerikalik darvozabon Jimmy Douglas Belgiyaga qarshi oʻyindan soʻng jahon chempionati doirasidagi uchrashuvda birorta ham gol oʻtkazib yubormagan birinchi darvozabonga aylandi. Guillermo Stábile 19-iyul kuni Meksikaga qarshi o‘yinda jahon chempionatlari tarixida ilk xet-trik qayd etdi. Biroq, 2006-yil 10-noyabrdan boshlab, 17-iyul kuni Paragvayga qarshi oʻyinda uchta gol urgan amerikalik Bert Patenaude birinchi xet-trik muallifi hisoblanadi. Bungacha uchinchi golni Patenaude emas Tom Florie kiritgan deb hisoblangan. „Football History Symposium“ gazetasining Patenaude bilan bir jamoada harakat qilgan Billy Gonsalves va Jim Brownlardan olgan intervyulari hamda Argentinaning La Prensa gazetasi va Braziliyaning O Estadio do San Paulo nashri bergan maʼlumotlar asosida FIFA uchinchi golni Patenaude hisobiga rasmiylashtirdi.","Óscar Bonfiglio jahon chempionatida gol yeb qoʻygan birinchi darvozabon boʻldi, shu oʻyinda fransuz Andre Maschinot ilk dublga erishdi. Amerikalik Jimmy Duglas esa hech qanday gol yeb qoʻymagan birinchi darvozabon boʻldi. Argentinalik Gilermo Stabile ilk xet-trikni urgan deb hisoblangan, lekin keyinchalik FIFA bu rekordni amerikalik Bert Patenaudega tegishli deb rasmiylashtirdi — u Paragvayga qarshi uchta gol urgan edi."
"Futbolchi tanaffusga qadar oʻynadi. Kiyim almashtirish xonasidan toʻgʻri kasalxonaga joʻnatildi. Futbolchi birinchi boʻlimning soʻnggi 15 daqiqasida oyogʻi singan holda maydonda harakat qilganligi aniqlandi. Shu vaziyatdan soʻng oʻyinning qolgan qismi ham toʻqnashuvlarga boy tarzda oʻtishi aniq boʻldi. 20-daqiqada Luis Monti hisobni ochdi va shu tariqa Argentinani oldinga olib chiqdi. Ikkinchi bo‘limda amerikaliklar umuman qarshilik qila olishmadi va argentinaliklar yana 5 ta gol urib, finalga yo‘l olishdi. Ikkinchi oʻyinda 1924-yilgi olimpiadadagi Yugoslaviya – Urugvay uchrashuvi deyarli takrorlandi (olimpiadada janubiy amerikaliklar 7:0 hisobida gʻalaba qozonishgan). Jahon chempionatining yarim finalida yugoslavlar Đorđe Vujadinovićning goli bilan hisobni ochishdi. Biroq, urugvayliklar tezda hisobni tenglashtirishdi va 2:1 hisobida oldinga chiqib olishdi.","Futbolchi tanaffusgacha oʻynadi, keyin uni kasalxonaga olib ketishdi — u birinchi boʻlimning oxirgi 15 daqiqasida sinilgan oyoq bilan oʻynagani maʼlum boʻldi. 20-daqiqada Luis Monti hisobni ochib, Argentinani ilgarilatdi, ikkinchi boʻlimda esa argentinaliklar yana 5 ta gol urib finalga chiqishdi. Yarim finalda yugoslavlar avval hisobni ochsa-da, urugvayliklar tezda 2:1 hisobiga oʻtib olishdi."
"Aleksandr Danilovich Menshikov (1673–1729) — Pyotr I ning safdoshi, shavkatli knyaz (1707), generalissimus (1727). Saroy otboqarining oʻgʻli. 1700–1721-yillardagi Shimoliy urush davrida yirik sarkarda. 1718–24 va 1726–27 yillarda Harbiy kollegiya prezidenti. Yekaterina I davrida amalda davlat hukmdori. Imperator Pyotr II tomonidan Beryozov (hozirgi Tyumen viloyatidagi Be-ryozovo qishlogʻi)ga surgun qilingan.","Aleksandr Menshikov (1673–1729) — Pyotr I ning safdoshi, knyaz va generalissimus. U Shimoliy urushda yirik sarkarda boʻlib, Yekaterina I davrida amalda davlatni boshqargan, keyin esa Beryozovga surgun qilingan."
"Unda Argentina, Urugvay va Chili terma jamoalari ishtirok etgan. Gʻalabani tarkibining asosiy qismi Britaniya orollari aholisidan iborat boʻlgan Argentina terma jamoasi qoʻlga kiritgan. Ushbu musobaqa ilk marotaba 1916-yilda boʻlib oʻtgan Janubiy Amerika chempionati (hozirgi Amerika kubogi)ning tashkil etilishiga turtki boʻlgan. 1914-yilda FIFA olimpiya oʻyinlari tarkibidagi futbol musobaqalarini „Havaskorlar futboli boʻyicha jahon chempionati“ deb tan olishga rozi boʻldi va musobaqani oʻtkazish masʼuliyatini oʻz zimmasiga oldi. 1920-yilgi olimpiada oʻyinlarida Yevropaning 13 jamoasi bilan bir qatorda Misr jamoasi ham ishtirok etdi. Belgiya terma jamoasi turnir g‘olibi boʻldi. Biroq, faqat Urugvay terma jamoasining gʻalabasi bilan yakunlangan 1924-yilgi olimpiya oʻyinlari doirasidagi musobaqa FIFA tomonidan birinchi jahon chempionati sifatida eʼtirof etilgan. 1928-yilda urugvayliklar chempionlik unvonini himoya qilishgan. 1921-yildan beri prezident Jules Rimet rahbarlik qilib kelayotgan FIFA tashkiloti futbolga boʻlgan qiziqish yanada ortganligi sababli futbol boʻyicha jahon chempionatini oʻtkazishga qaror qildi. 1928-yil 26-mayda, olimpiya oʻyinlarida futbol musobaqasi boshlangan kuni Amsterdamda FIFA kongressi boʻlib oʻtdi.","1920-yildagi olimpiadada futbol musobaqasida Belgiya gʻolib chiqqan boʻlsa-da, FIFA 1924-yilgi olimpiadada Urugvay gʻalaba qozongan musobaqani birinchi jahon chempionati deb tan olgan. 1928-yilda urugvayliklar chempionlikni yana himoya qilishgan. Shu yili FIFA prezidenti Jules Rimet boshchiligida alohida jahon chempionatini oʻtkazishga qaror qilindi."
"Shuning uchun koʻpchilik muxlislar va uchrashuv rasmiylari futbolchilarni yaxshi tanimagan. Peruliklar esa bundan unumli foydalanishdi. Ammo bu oʻzgarish Ruminiya terma jamoasining uchinchi golini kiritishiga va yakunda 3:1 hisobida g‘alaba qozonishiga to‘sqinlik qila olmadi. Mazkur uchrashuv eng kam muxlis tashrif buyurgan oʻyin sifatida jahon chempionati tarixida qoldi. Rasmiy maʼlumotlarga koʻra, oʻyinga atigi 2549 tomoshabin tashrif buyurgan. „Centenario“ stadioni qurilishi yakunlanmaganligi uchun Urugvay terma jamoasining birinchi o‘yini 5 kunga kechiktirildi. Chunki tashkilotchilar stadionni urugvayliklar ishtirokidagi o‘yin bilan ochmoqchi edi. Birinchi o‘yin oldidan „Centenario“da Urugvay Konstitutsiyasi qabul qilinganining 100 yilligiga bag‘ishlangan tantanali marosim bo‘lib o‘tdi. Turnirdan toʻrt hafta oldin urugvayliklar qattiq nazorat ostida yigʻin oʻtkazishdi.","Muxlislar futbolchilarni yaxshi tanimagani uchun bu holatdan peruliklar foydalangan boʻlsa-da, Ruminiya baribir 3:1 hisobida gʻalaba qozondi. Bu oʻyinga atigi 2549 tomoshabin kelib, jahon chempionati tarixidagi eng kam tomoshabinli oʻyin boʻldi. ""Centenario"" stadioni tayyor boʻlmagani sababli Urugvay jamoasining birinchi oʻyini besh kunga kechiktirildi."
"Ishtirok etishga rozilik bildirgan jamoalarning aksariyati Amerika qitʼasi mamlakatlari edi: Argentina, Braziliya, Boliviya, Chili, Meksika, Paragvay, Peru va AQSh. Mezbon Urugvay terma jamoasi bilan qoʻshib hisoblanganda turnirda yettita Janubiy Amerika va ikkita Shimoliy Amerika terma jamoasi ishtirok etgan. Urugvayga Atlantika okeani orqali faqat kemada borish mumkin edi. Bu esa koʻp vaqt va katta xarajat talab qiladi. Shuning uchun Yevropa qitʼasidan jahon chempionatiga atigi toʻrtta jamoa roʻyxatga olindi. Ammo Yevropa jamoalarining hech biri yakuniy qarorini 28-fevralgacha FIFAga maʼlum qilmagan. Buning sababi sifatida jahon iqtisodiy inqirozi koʻrsatilgan. Jahon iqtisodiy inqirozining choʻqqisi 1929–1930-yillar qishiga toʻgʻri keldi. Angliya, Shotlandiya, Uels va Shimoliy Irlandiya jamoalari oʻsha paytda FIFA aʼzosi hisoblanmasa ham Urugvay Futbol Assotsiatsiyasi Yevropadagi jamoalarni jalb qilish uchun Angliya Futbol Assotsiatsiyasiga xat yuborgan.","Turnirda asosan Amerika qitʼasi jamoalari — Argentina, Braziliya, Boliviya, Chili, Meksika, Paragvay, Peru va AQSh ishtirok etdi, mezbon bilan birga jami toʻqqiz jamoa boʻldi. Urugvayga borish uzoq va qimmat boʻlgani sabab Yevropadan faqat toʻrtta jamoa qatnashdi — buning sababi jahon iqtisodiy inqirozi ham boʻlgan."
"Botez olti yoshida singlisi oʻrnida shaxmat oʻynay boshlagan. U yetti yoshida USChess turnirlarida oʻynay boshladi. 2010-yilda u 8 yoshgacha boʻlgan qizlar oʻrtasidagi Kanada yoshlari oʻrtasidagi shaxmat chempionatida gʻolib chiqdi. 2015-yilda (oʻn uch yoshida) u Britaniya-Kolumbiya boʻyicha shaxmat ayollar chempioni boʻldi. Oʻsha yili Botez Syuzan Polgar milliy ochiq chempionatida ham gʻolib chiqdi. 2016-yilda, SPFNO 2016: U14 GIRLS musobaqasida Botez turnirda toʻrtinchi va 2016-yilda Susan Polgar Foundation Girls’ Invitational da 13-oʻrinni egalladi. Botez 2018-yilda oʻzining eng yuqori FIDE klassik reytingiga 1773 ball va 2019-yilda eng yuqori USChess reytingiga 1933-yilda erishdi. Hozirda u oʻz reytingiga koʻra dunyoda 181318-oʻrinni egalladi. Botez singlisi bilan bir qatorda Twitch BotezLive kanalini boshqaradi, 2022-yilning may oyi holatiga koʻra, 18,3 milliondan ortiq tomoshaga ega boʻlgan 1,1 million obunachiga ega.","Botez olti yoshida shaxmat oʻynay boshlagan va yetti yoshidan turnirlarda qatnashgan. 2010-yilda Kanada yoshlar chempionatida, 2015-yilda esa Britaniya-Kolumbiya ayollar chempionatida gʻolib chiqqan. Hozir u singlisi bilan Twitch’da BotezLive kanalini yuritadi, unda 1,1 million obunachi bor."
"Urugvayda toʻplar nisbati +12 (har bir oʻyin uchun oʻrtacha +3)ni tashkil etgan. Argentinalik Guillermo Stábile 8 ta gol bilan ushbu jahon chempionatining eng yaxshi toʻpurari boʻldi. Chempionatda 37 nafar futbolchi tomonidan jami boʻlib 70 ta toʻp kiritildi. Shuningdek, ushbu mundialda bitta avtogol kiritildi. Manba: RSSSF Turnirning 18 ta o‘yiniga jami 549 090 nafar tomoshabin tashrif buyurdi (har bir o‘yinga o‘rtacha 30 505 tomoshabin). FIFA maʼlumotlariga koʻra, chempionatning eng koʻp muxlis tashrif buyurgan oʻyini — Urugvay va Yugoslaviya terma jamoalari oʻrtasidagi yarim final. Oʻyinga 79 867 tomoshabin tashrif buyurgan. Urugvay terma jamoasi ishtirokidagi barcha oʻyinlar muxlislarning tashrifi boʻyicha reytingda kuchli beshlikdan joy oldi.",Urugvaylik Guillermo Stabile 8 ta gol bilan turnirning eng yaxshi toʻpurari boʻldi. Jami 70 ta gol urilgan. Turnirning 18 ta oʻyiniga jami 549 090 tomoshabin kelgan (oʻrtacha 30 505 kishi). Eng koʻp tomoshabin toʻplagan oʻyin — Urugvay-Yugoslaviya yarim finali (79 867 kishi) boʻlgan.
"Shunday qilib Bert Patenaude jahon chempionatlari tarixidagi ilk xet-trik muallifi hisoblanadi. Plácido Galindo — jahon chempionati doirasidagi bahsda maydondan chetlatilgan ilk futbolchi. Peru terma jamoasi sardori Ruminiyaga qarshi oʻyinda maydondan chetlatilgan. Biroq, unga qizil kartochka koʻrsatilmagan. Chunki oʻsha paytda futbolda kartochkalar hali joriy etilmagan edi. Shuning uchun ushbu turnirda futbolchilar sariq kartochka ham olishmagan. Futbolchilarga jazo tariqasida kartochka koʻrsatish 1970-yilgi jahon chempionatidan boshlab amalga kiritilgan. Ishtirokchi jamoalar sonining kamligi va bir qator tashkiliy muammolarga qaramay birinchi jahon chempionati muvaffaqiyatli o‘tdi. Uchta asosiy favoritdan faqat Braziliya terma jamoasi guruh bosqichida muvaffaqiyatsizlikka uchrab, musobaqadagi ishtirokini yakunladi. Qolgan ikki favorit — Urugvay va Argentina kutilganidek finalga chiqdi.","Bert Patenaude jahon chempionatlari tarixidagi ilk xet-trik muallifi boʻlgan. Plácido Galindo esa maydondan chetlatilgan ilk futbolchi boʻlgan, garchi oʻsha paytda hali qizil-sariq kartochkalar joriy etilmagan edi (ular 1970-yildan kiritilgan). Uchta favoritdan faqat Braziliya guruh bosqichida chiqib ketgan, Urugvay va Argentina esa finalga chiqqan."
"Abdullo Tangriyev (1981-yil 28 martda tugʻilgan) — oʻzbekistonlik dzyudochi. U yilgi Yozgi Olimpiada oʻyinlari 2008ning +100 kg vazn toifasida kumush medalni qoʻlga kiritgan. Abdullo Tangriyev 1981-yil 28 martda Surxondaryo viloyatida tugʻilgan. U 10 yoshidan dzyudo bilan shugʻullangan. 1995-yildan Chirchiq Olimpiya maktabida mashgʻulotlarga kirishgan. U oʻz isteʼdodini erta yoshidan namoyish eta olgan va 19 yoshida Oʻzbekiston Milliy Olimpiya terma jamoasiga chaqirilib, Yozgi Olimpiada oʻyinlari 2000da qatnashgan. Olimpiadadan soʻng 2001-yilda dzyudo boʻyicha Oʻzbekiston chempionligini qoʻlga kiritdi. 2003-yilda u Cheju provinsiyasida oʻtkazilgan superogʻir vazn toifasida birinchi marta Osiyo chempioni boʻldi. Keyingi yillarda (2005, 2007, 2008, 2011) dzyudo boʻyicha Osiyo chempioni boʻldi. 2003-yil xuddi shu yili Tangriyev Osaka shahrida boʻlib oʻtgan dzyudo boʻyicha 23-Jahon chempionatida uchinchi oʻrinni egalladi. 2005-yil (Rio-de-Janeyro) va 2009-yil (Rotterdam) dzyudo boʻyicha Jahon chempionatida ikki marta bronza medaliga sazovor boʻldi. 2008-yilda Yozgi Olimpiada Oʻyinlarida Tangriyev 100kg vazn toifasida musobaqaning final bosqichiga chiqdi va u kurashni boy berib ikkinchi oʻrinni egalladi. 2012-yilda Yozgi Olimpiada oʻyinlari 2012da Tangriyev giyohvand moddalar sinovidan oʻtkazilganida nasha topilganligi sababli professional sportdan 2 yilga chetlashtirildi.","Abdullo Tangriyev (1981-yilda tugʻilgan) — oʻzbekistonlik dzyudochi, 2008-yilgi Olimpiada oʻyinlarida +100 kg toifasida kumush medal olgan. U 10 yoshidan dzyudo bilan shugʻullangan, 2000-yilgi Olimpiadada qatnashgan va koʻp marta Osiyo chempioni (2003, 2005, 2007, 2008, 2011) hamda ikki marta jahon chempionatida bronza medali sohibi (2005, 2009) boʻlgan. 2012-yilda dopingda qoʻlga tushib, 2 yilga sportdan chetlatilgan."
"Birinchi uchrashuvda boliviyaliklar Yugoslaviyaga yutqazdi. Boliviyaliklar so‘nggi yarim soat ichida to‘rt marta gol o‘tkazib yuborishdi va shu tariqa Yugoslaviya yarim finalga yo‘llanma oldi. Bundan tashqari ushbu turnirda Boliviyaliklarning bir nechta goli hisobga olinmadi. Yarim finalga chiqish imkoniyatini yo‘qotgan Braziliya va Boliviya jamoalari o‘rtasida bo‘lib o‘tgan guruhning uchinchi o‘yinida Braziliya birinchi bo‘limda bitta, ikkinchi bo‘limda esa yana uchta gol urdi. Preguinho dubl qayd etdi. Uchrashuvga kelgan muxlislar uchun oʻyinni kuzatish juda qiyin boʻldi. Chunki 45 daqiqa davomida jamoalar bir xil rangli formalarda harakat qilishdi. Tanaffusda Ulises Saucedo boshchiligidagi Boliviya terma jamoasi aʼzolari oʻz formalarini oʻzgartirishdi. Ushbu guruhdan turnir mezbonlari — Urugvay, Peru va Ruminiya terma jamoalari oʻrin olishdi.","Birinchi oʻyinda boliviyaliklar Yugoslaviyaga yutqazib, soʻnggi yarim soatda toʻrt gol yeb qoʻyishdi. Braziliya-Boliviya oʻyinida esa Braziliya jami toʻrt gol urib gʻalaba qozondi, Preguinho dubl qildi. Bu oʻyinda ikki jamoa bir xil rangli formada chiqqani uchun tomoshabinlarga kuzatish qiyin boʻlgan."
"Yevropa jamoalarining soni kamligi XX asrning birinchi yarmida Janubiy Amerikaga borish qiyin boʻlgani bilan izohlangan. Qurʼa natijalariga koʻra jamoalar toʻrt guruhga boʻlingan. Har bir guruh gʻoliblari pley-off bosqichiga yoʻl olishdi. Jahon chempionatlari tarixidagi dastlabki ikki uchrashuv bir vaqtda boshlandi. Ularda Fransiya va AQSH mos ravishda Meksikani 4:1, Belgiyani 3:0 hisobida magʻlub etgan. Fransiyalik Lucien Laurent jahon chempionati tarixidagi ilk gol muallifi hisoblanadi. Musobaqa oldidan mezbon mamlakat jamoasi eng kuchli terma jamoa sifatida baholanar edi. Chunki Urugvay milliy futbol terma jamoasi 1924 va 1928-yilgi yozgi Olimpiya oʻyinlari doirasida oʻtkazilgan futbol musobaqasida gʻolib chiqqan. Urugvay jahon kubogini ham qoʻlga kiritdi: yarim finalda Urugvay Yugoslaviya terma jamoasini, Argentina esa AQSh terma jamoasini magʻlub etdi. 68 ming tomoshabin koʻz oʻngida boʻlib oʻtgan final bahsida urugvayliklar 4:2 hisobidagi gʻalabani qoʻlga kiritishdi va jahon kubogining ilk sohibiga aylanishdi.","Yevropa jamoalari kamligi Amerikaga sayohat qiyinligi bilan bogʻliq edi. Jahon chempionati tarixidagi birinchi golni fransuz Lucien Laurent urgan. Finalda Urugvay Argentinani 4:2 hisobida yengib, birinchi jahon chempioni boʻldi."
"Keyin esa hisobni 3:1 koʻrinishiga keltirishdi. Mezbonlarning ustunligiga qaramay bahs eʼtirozlardan xoli boʻlmadi. Hisob 2:1 boʻlib turgan paytda Urugvay terma jamoasining hujumi vaqtida toʻp maydon tashqarisiga chiqib ketdi. Darvoza ortida turgan politsiyachi toʻpni Anselmoga uzatib berdi. Shundan soʻng futbolchi xotirjamlik bilan toʻpni darvozaga kiritdi. Tanaffusga biroz vaqt qolganda Yugoslaviyaning goli bahsli ofsayd sabab hisobga olinmadi. Mezbonlar ikkinchi bo‘limda yana 3 ta gol urib, finalga yo‘l olishdi. Urugvaylik Pedro Cea xet-trik qayd etdi. Uchinchi oʻrin uchun bahs 1934-yilgi jahon chempionatidan boshlab oʻtkazilgan. Baʼzi manbalarda birinchi jahon chempionatining 3-oʻrin uchun boʻlib oʻtgan oʻyinida Yugoslaviya AQShni 3:1 hisobida magʻlub etganligi haqida notoʻgʻri maʼlumotlar mavjud.","Hisob 2:1 boʻlganda bahsli holat yuz berdi: toʻp chetga chiqqach, uni tomoshabin (militsioner) Urugvay futbolchisiga qaytarib bergan va u gol urgan. Ikkinchi boʻlimda Urugvay yana 3 gol urib, 4:2 hisobida finalga chiqqan, Pedro Sea xet-trik qilgan. Uchinchi oʻrin uchun bahs faqat 1934-yildan boshlab oʻtkazila boshlagan."
"Turnirning oltin medallarini Buyuk Britaniya sharafini himoya qilgan Angliya havaskorlar terma jamoasi qoʻlga kiritdi. Inglizlar bu natijani Stokgolmda oʻtkazilgan keyingi olimpiya oʻyinlarda ham takrorlashgan. Olimpiya oʻyinlarida faqat havaskorlar ishtirok etganligi sababli Shotlandiyalik savdogar — Thomas Lipton 1909-yilda Turinda „Sir Thomas Lipton Trophy“ nomli turnir oʻtkazgan. Ushbu turnirda turli mamlakatlarning professional klublari ishtirok etishgan (har bir mamlakatdan bittadan klub). Turnir shuningdek „Birinchi jahon chempionati“ deb ham atalgan. Chunki Italiya, Shveysariya va Germaniya klublari ham turnirda ishtirok etishgan. Biroq, Angliya Futbol Assotsiatsiyasiyasi turnirni eʼtiborsiz qoldirib, oʻzining professional jamoasini ishtirok uchun Turin shahriga yubormadi. Bunga javoban Lipton Angliya sharafini himoya qilish uchun tarkibi Durham grafligida yashovchi havaskorlardan iborat boʻlgan „West Auckland“ klubini taklif qildi. „West Auckland“ klubi ushbu turnirda gʻolib chiqdi va 1911-yilda oʻz unvonini muvaffaqiyatli himoya qildi. 1910-yilda Buenos Ayresda Yevropadan tashqaridagi birinchi xalqaro turnir — „May inqilobining yuz yilligi kubogi“ boʻlib oʻtgan.","Olimpiya oʻyinlarida Angliya havaskorlar terma jamoasi oltin medal qozongan, keyingi olimpiadada ham shu natijani takrorlagan. 1909-yilda savdogar Tomas Lipton Turinda professional klublar ishtirokidagi turnir uyushtirgan, uni ba'zilar ""birinchi jahon chempionati"" deb ham atashgan. Angliya assotsiatsiyasi rasmiy jamoa yubormagach, havaskor ""West Auckland"" klubi Angliyani vakillik qilib, turnirda gʻolib chiqqan."
"Oʻquv yoʻnalishlari Islomshunoslik boʻyicha bakalavr Fiqh va uning asoslari boʻyicha magistratura Doktor Abdulloh Hasan — Jumeyra universiteti prezidenti. Doktor Saleh Abdelkarim — Islom va arabshunoslik kolleji Direktor Manzili: Latifa Bint Hamdan Street (West), Exit number 24, Al Khail Road, P. O. Box: 555532, Dubai, UAE Tel.: +971 (0)4 515 4555 Faks: +971 (0)4 346 5353",Universitetda islomshunoslik boʻyicha bakalavr va fiqh asoslari boʻyicha magistratura dasturlari mavjud.
"Futbol boʻyicha milliy terma jamoalar oʻrtasidagi birinchi uchrashuv 1872-yilda Glazgoda Shotlandiya va Angliya oʻrtasida boʻlib oʻtgan va golsiz durang bilan yakunlangan. XIX–XX asrlarda futbol dunyo boʻylab tez surʼatda ommalashib borgan. Xalqaro Olimpiya Qoʻmitasi (XOQ) ushbu sport turini 1900 va 1904-yilgi yozgi olimpiya oʻyinlari tarkibiga koʻrgazmali sport turi (gʻoliblarga medal berilmaydi) sifatida kiritishga qaror qildi. Shuningdek, 1906-yilgi olimpiya oʻyinlarida ham futbol sport turi boʻyicha gʻoliblarga medal berilmagan. 1904-yilda FIFA tashkil etilgan. Shundan soʻng FIFA Olimpiya oʻyinlari doirasidan tashqarida jahon miqyosidagi futbol turnirini oʻtkazishga harakat qila boshlagan. Musobaqa 1906-yilda Shveysariyada boʻlib oʻtishi kerak edi. Biroq, musobaqa bekor qilingan. 1908-yilda Londonda boʻlib oʻtgan olimpiya oʻyinlarida futbol rasmiy sport turlari roʻyxatiga kiritilgan.","Milliy terma jamoalar oʻrtasidagi birinchi futbol oʻyini 1872-yilda Shotlandiya va Angliya oʻrtasida boʻlib, golsiz durang bilan tugagan. Futbol 1900 va 1904-yillarda olimpiadaga koʻrgazmali sport sifatida kiritilgan, medal berilmagan. 1904-yilda FIFA tuzilgan, 1908-yildagi Londonda esa futbol rasmiy olimpiya sportiga aylangan."
"Hakam John Langenus uchrashuvni kutilganidan bir daqiqa kechroq yakunladi. Urugvay terma jamoasi esa ikkita olimpiada chempionligi yoniga jahon chempionligini ham qoʻshib qoʻydi. FIFA prezidenti Jules Rimet jahon chempionati kubogini Urugvay futbol assotsiatsiyasi rahbari Raúl Judega topshirdi. Ertasi kuni Urugvayda milliy terma jamoa gʻalabasi munosabati bilan bayram eʼlon qilindi. Argentina poytaxti Buenos-Ayresda esa gʻazablangan muxlislar Urugvay elchixonasiga tosh otishdi. Turnirning 18 o‘yinida jami 70 ta gol kiritildi (har bir o‘yinga o‘rtacha 3,9 tadan). Argentina 18 ta gol bilan butun turnirda eng ko‘p gol urgan jamoaga aylandi. Braziliya terma jamoasi eng kam gol oʻtkazib yubordi (2 ta). Belgiya va Boliviya esa turnirda birorta ham gol ura olmadi.","Urugvay terma jamoasi jahon chempioni boʻldi, kubokni FIFA prezidenti Jules Rimet topshirdi. Urugvayda bayram eʼlon qilindi, Argentinada esa muxlislar Urugvay elchixonasiga tosh otishdi. Turnirda jami 70 gol urilib, Argentina eng koʻp (18), Braziliya eng kam (2) gol yegan, Belgiya va Boliviya esa umuman gol ura olmagan."
"Toʻrtinchi oʻringa esa AQSh joylashtirildi. Oldin Yevropa, keyin Amerika jamoalari guruhlarga tasodifiy ravishda taqsimlandi. Qurʼa tashlash marosimidan soʻng chempionatning oʻtkazilish vaqti ham aniqlab olindi. Chempionat 13-iyul kuni mahalliy vaqt bilan soat 15:00 da bir vaqtning o‘zida ikkita o‘yin bilan boshlandi: „A“ guruhida Fransiya – Meksika va „D“ guruhida AQSH – Belgiya. Guruh bosqichi 22-iyul kuni „A“ guruhidan o‘rin olgan Argentina va Chili terma jamoalari o‘rtasidagi o‘yin bilan yakunlanadigan boʻldi. Yarim final bahslari 26 va 27-iyul kunlariga, final esa 30-iyulga belgilandi. Ushbu guruhdan Argentina, Chili, Fransiya va Meksika terma jamoalari oʻrin oldi. Jahon chempionatining dastlabki ikki o‘yinidan biri — Fransiya va Meksika jamoalari o‘rtasidagi o‘yin 13-iyul kuni Toshkent vaqti bilan soat 17:00 da „Pocitos“ stadionida boshlangan.","Qurʼa natijalariga koʻra AQSh toʻrtinchi oʻringa joylashtirilgan. Chempionat 13-iyulda ikkita oʻyin bilan boshlandi: Fransiya-Meksika va AQSh-Belgiya. Guruh bosqichi 22-iyulda, yarim finallar 26-27-iyulda, final esa 30-iyulda oʻtkazilishi belgilangan."
"Meksika va Yugoslaviya jamoalari saralashdan oʻta olmadilar. Shuning uchun 1930-yilgi jahon chempionatida qatnashgan atigi oltita jamoa 1934-yilgi turnirning guruh bosqichiga yoʻllanma oldi. Bular: Argentina, Belgiya, Braziliya, Ruminiya, AQSh va Fransiya. Ushbu jamoalarning barchasi birinchi bosqichdayoq musobaqani tark etishdi. Lekin bu holat Argentinalik Luis Montiga jahon chempionatlari tarixida ikkita finalda ishtirok etgan birinchi futbolchi boʻlishiga toʻsqinlik qila olmadi. Monti Italiya fuqaroligini oldi va 1934-yilda Italiya terma jamoasi safida jahon chempioni boʻldi. 1984-yilning 3-iyul kuni 76 yoshida vafot etgan Ernesto Mascheroni 1930-yilgi Urugvay terma jamoasining asosiy tarkibida harakat qilgan soʻnggi futbolchi edi. Urugvay terma jamoasining birorta oʻyinda maydonga tushmagan himoyachisi — Emilio Rekoba 1992-yil 12-sentyabrda (87 yoshida) vafot etgan. 1930-yilgi jahon chempionatida ishtirok etgan soʻnggi futbolchi — Francisco Varallo 2010-yilning 30-avgust kuni (100 yoshida) vafot etdi.","Meksika va Yugoslaviya 1934-yilgi saralashdan oʻta olmagan, shu bois 1930-yildagi oltita jamoa — Argentina, Belgiya, Braziliya, Ruminiya, AQSh va Fransiya — 1934-yilda guruh bosqichidayoq chiqib ketgan. Argentinalik Luis Monti keyinchalik Italiya fuqarosi boʻlib, ikkala jahon chempionatida finalda oʻynagan yagona futbolchi boʻlgan."
"Ushbu uchrashuvni urugvaylik hakam Domingo Lombardi boshqarib borgan. 19-daqiqada Ernest Libératining uzatmasidan soʻng Lucien Laurent jahon chempionati tarixidagi ilk gol muallifiga aylandi. Taxminan oʻn daqiqa oʻtgach, Fransiya terma jamoasi darvozaboni Alex Thépot jarohati tufayli maydonni tark etishga majbur boʻldi. Yarim himoyachi Augustin Chantrel esa oʻyinning qolgan qismini darvozabon sifatida davom ettirdi. Fransuzlar Marcel Langiller va André Maschinotning saʼy-harakatlari bilan yana ikki bor gol urishga muvaffaq boʻlishdi. 70-daqiqada Juan Carreño hisobdagi farqni qisqartirdi. 17 daqiqadan soʻng André Maschinot jahon chempionatlari tarixidagi ilk dubl muallifiga aylandi va oradagi ikki golli farq tiklandi. Meksika ustidan qozonilgan g‘alabadan ikki kun o‘tib fransuzlar guruh favoriti – Argentina bilan to‘qnash kelishdi.","19-daqiqada Lucien Laurent jahon chempionati tarixidagi ilk golni urdi. Fransiya darvozaboni jarohat olib maydonni tark etgach, uning oʻrnini yarim himoyachi egallagan. Meksika ustidan Fransiya gʻalaba qozondi, Andre Maschinot ikki gol urib ilk dublga erishdi. Ikki kundan soʻng fransuzlar Argentina bilan uchrashishdi."
"Biroq, u birorta ham oʻyin oʻtkazmagani uchun kamida bir oʻyin oʻtkazgan chililik himoyachi — Ulises Poirier FIFA tomonidan jahon chempionatining eng keksa futbolchisi sifatida rasman eʼlon qilindi. Poirier Meksikaga qarshi oʻtkazilgan oʻyin kunida 33 yosh-u 5 oylik edi. Taxminlarga koʻra, eng keksa futbolchi Rafael Garza Gutiérrez boʻlib, u turnir boshlanganda 33 yosh-u 7 oylik boʻlgan. Lekin FIFA Gutiérrezning yoshini 26 yosh-u 4 oy deb koʻrsatgan. FIFA Rafaelni uning ukasi Francisco Garza Gutiérrez bilan adashtirib yuborgan boʻlishi ehtimoli ham mavjud. Deyarli barcha futbolchilar oʻz milliy chempionatlarida oʻynashgan. Fransiya chempionatidagi uchta yugoslaviyalik futbolchilar bundan mustasno. Bular: hujumchi Branislav Sekulić („Montpellier“), Ljubiša Stevanović va Ivan Bek (ikkalasi ham „Sète“ klubi futbolchisi).","Chililik Ulises Poirier FIFA tomonidan jahon chempionatining eng keksa futbolchisi deb eʼlon qilingan (33 yosh 5 oy). Aslida undan kattaroq Rafael Garza boʻlishi mumkin edi, ammo FIFA uning yoshini notoʻgʻri koʻrsatgan. Deyarli barcha futbolchilar oʻz milliy chempionatlarida oʻynagan, faqat uchta yugoslav futbolchi Fransiya chempionatida oʻynagan."
"Eng kam tomoshabin Yevropa jamoalari ishtirokidagi o‘yinlarga tashrif buyurgan: Fransiya – Meksika bahsiga 4444 tomoshabin"";"" Chili – Fransiya qarama-qarshiligi jahon chempionati tarixidagi eng kam tomoshabin tashrif buyurgan uchrashuv hisoblanadi (2000 nafar tomoshabin). Biroq, yuqorida keltirilgan raqamlar kamaytirib koʻrsatilgan. Masalan: final oʻyiniga taxminan 90 000 tomoshabin tashrif buyurgan. Lekin rasmiy maʼlumotlarda 68 346 nafar deya qayd etilgan. Baʼzi oʻyinlarda tomoshabinlar sonini koʻpaytirib koʻrsatish holatlari ham boʻlgan: FIFA tomonidan berilgan maʼlumotlarga koʻra, Ruminiya va Peru oʻrtasidagi oʻyinga 2549 tomoshabin tashrif buyurgan. Lekin guvohlar (stadionga borgan muxlislar)ning aytishicha, stadion tribunalaridan koʻpi bilan 300 nafar atrofida muxlis oʻyinni kuzatib borgan. Jahon chempionati tarixidagi birinchi golni 13-iyul kuni fransiyalik Lucien Laurent Meksika bilan bahsning 19-daqiqasida Óscar Bonfiglio darvozasiga kiritdi.","Ba'zi oʻyinlarga juda kam tomoshabin kelgan — masalan, Chili-Fransiya oʻyiniga atigi 2000 kishi. Ammo rasmiy raqamlar noaniq: finalga 90 000 kishi kelgan boʻlsa-da, rasmiy hujjatda 68 346 deb koʻrsatilgan, ba'zan esa raqamlar oshirib koʻrsatilgan — Ruminiya-Peru oʻyiniga rasman 2549 kishi kelgan deyilsa-da, guvohlar aytishicha atigi 300 kishi boʻlgan. Turnirning birinchi golini fransuz Lucien Laurent Meksikaga qarshi 19-daqiqada urgan."
"Centenario stadioni jahon chempionatini oʻtkazish uchun qurilgan va Urugvay konstitutsiyasi qabul qilinganligining 100 yilligi munosabati bilan Urugvay xalqiga sovgʻa qilingan. Juan Antonio Scasso loyihasi asosida qurilgan mazkur stadionni Jules Rimet „kelajakdagi futbol ibodatxonasi“ deb atagan. 90 000 muxlisga moʻljallangan Centenario stadioni ayni paytda Britaniya orollaridan tashqarida joylashgan eng katta stadionga aylangan. Stadionda 18 ta o‘yindan 10 tasi, jumladan, yarim final va final o‘yinlari bo‘lib o‘tgan. Biroq, kuchli yomgʻir tufayli stadionning qurilishi turnir boshlanganidan 5 kun oʻtgach yakunlangan. Qurilish ishlari yakunlangunga qadar oʻyinlarga Gran Parque Central va Pocitos (mos ravishda „Nacional“ va „Peñarol“ klublariga tegishli) stadionlari mezbonlik qilgan. 1930-yilgi jahon chempionatida toʻqqiz mamlakatdan 15 nafar hakam ishlagan.","Centenario stadioni jahon chempionatini oʻtkazish uchun, Urugvay konstitutsiyasining 100 yilligiga bagʻishlab qurilgan va Britaniya orollaridan tashqaridagi eng katta stadion boʻlgan (90 000 oʻrinli). Unda yarim final va final oʻtkazilgan. Yomgʻir sabab qurilish turnir boshlangandan 5 kun keyin tugallangan, shu bois dastlabki oʻyinlar boshqa ikki stadionda oʻtkazilgan."
"Rafiqasi bilan uchrashish uchun murabbiyning ruxsatisiz mashgʻulot maydonini tark etgan urugvaylik darvozabon Andrés Mazali jamoadan chetlatildi. Urugvayning birinchi konstitutsiyasi qabul qilinganidan roppa-rosa 100 yil o‘tib, Urugvay terma jamoasi ishtirokida jahon chempionatining ilk o‘yini bo‘lib o‘tdi: turnir mezbonlari peruliklarga qarshi kechgan shiddatli bahsda 1:0 hisobida g‘alaba qozonishdi. Uchrashuvga tashrif buyurgan tomoshabinlar Peruning himoya chizigʻini alohida taʼkidlab oʻtishdi. Peru bu turnirda urugvayliklardan atigi 1 ta toʻp oʻtkazib yuborgan yagona jamoa boʻldi. Urugvay matbuotida terma jamoa yaxshi oʻyin koʻrsatmaganligi uchun tanqid qilindi. Peruda esa terma jamoa turnirni tark etganiga qaramay ular koʻrsatgan oʻyin shov-shuvga sabab boʻldi. Keyingi o‘yinda Urugvay birinchi bo‘limning oʻzida ruminiyaliklar darvozasiga 4 ta gol urdi va Ruminiyani 4:0 hisobida hech qanday qiyinchiliksiz magʻlub etdi.","Urugvaylik darvozabon Andrés Mazali ruxsatsiz mashgʻulotni tark etib, rafiqasi bilan uchrashgani uchun jamoadan chetlatildi. Urugvay birinchi oʻyinda Peruni 1:0 hisobida yengib, faqat 1 ta gol yeb qoʻygan yagona jamoa boʻldi. Keyingi oʻyinda esa Ruminiyani 4:0 hisobida yengdi."
"Argentina final hushtagi yangraganidan keyin ancha vaqt oʻtib oʻyinni davom ettirish qaroriga qarshi FIFAga norozilik bildirgan va hattoki turnirdan chiqishi mumkinligini ham istisno qilmagan. Ertasi kuni Chili va Meksika terma jamoalari oʻrtasida oʻyin boʻlib oʻtdi va chililiklarning 3:0 hisobidagi gʻalabasi bilan yakunlandi. Fransiya terma jamoasining ushbu turnirdagi so‘nggi o‘yini (Chiliga qarshi) jahon chempionati tarixidagi ilk penalti belgilanganligi bilan yodda qoldi. Belgilangan penaltini chililik Carlos Vidal oʻyinning 30-daqiqasida amalga oshirdi. Biroq, darvozabon Thépot zarbani qaytardi. Argentina va Meksika terma jamoalari oʻrtasidagi bahsda uchta penalti belgilandi va ulardan birida meksikalik darvozabon Óscar Bonfiglio argentinalik Fernando Paternosterning zarbasini qaytardi. „Albiseleste“ futbolchisi Guillermo Stábile xalqaro maydondagi debyut uchrashuvida xet-trikka erishdi.","Argentina FIFAga norozilik bildirib, turnirni tark etishi mumkinligini aytdi. Ertasi kuni Chili Meksikani 3:0 yengdi. Fransiyaning oxirgi oʻyinida jahon chempionati tarixidagi ilk penalti belgilandi, ammo Thépot uni qaytardi. Argentina-Meksika oʻyinida 3 ta penalti belgilanib, argentinalik Stabile xet-trik urdi."
"Yugoslaviya terma jamoasi Marsel shahridan yoʻlga chiqqan „Florida“ nomli kemada Urugvayga yetib bordi. Dastlab Yugoslaviyada terma jamoasining ushbu turnirda ishtirok etishi shubha ostiga olingan. Xorvatiyalik futbolchilar 16-mart kuni Yugoslaviya futbol federatsiyasining shtab-kvartirasi Zagrebdan Belgradga ko‘chirilishi munosabati bilan milliy terma jamoaga boykot eʼlon qilganidan so‘ng, qirol Aleksandr I terma jamoani moliyalashtirishdan bosh tortdi. Belgradlik mutasaddilar bu muammoga yechim topishdi. Ular birinchi navbatda „Beograd“ va „Jugoslavija“ klublaridan faqat mahalliy (serbiyalik) futbolchilardan iborat boʻlgan jamoa tuzishga qaror qilishdi. Shuningdek, Fransiyada faoliyat yuritayotgan uchta serbiyalik futbolchi (jumladan, Ivan Bek) terma jamoa safiga chaqirildi. Shunday qilib, Yugoslaviya terma jamoasi sharafini faqat serbiyalik futbolchilar himoya qilishdi.","Yugoslaviya terma jamoasi kemada Urugvayga yetib bordi. Ichki nizolar sababli qirol jamoani moliyalashtirishdan bosh tortgach, Belgraddagi mutasaddilar faqat serbiyalik futbolchilardan iborat jamoa tuzishdi, ularga Fransiyada oʻynovchi uchta serbiyalik futbolchi ham qoʻshildi."
"Guruhdagi Peru va Ruminiya terma jamoalari oʻrtasidagi birinchi oʻyinda turnirdagi eng tezkor gol urildi: 50-soniyadayoq Adalbert Deșu raqib darvozasiga toʻp kiritdi. Peru – Ruminiya bahsida jahon chempionatlari tarixidagi ilk chetlatilish qayd etildi: uchrashuvning 56-daqiqasida Plácido Galindo chililik hakam Alberto Warnken tomonidan László Raffinskyga nisbatan qoʻpollik ishlatgani uchun maydondan chetlatildi. Peruliklar 75-daqiqada Luis de Souzaning saʼy-harakatlari evaziga hisobni tenglashtirishdi. Lekin oradan toʻrt daqiqa oʻtib Constantin Stanciu Ruminiya terma jamoasini yana hisobda oldinga olib chiqdi. Darhol peruliklar qoidaga zid holatda oʻzgarish amalga oshirib, Souzaning oʻrniga Nue Rodrigesni maydonga tushirdi. Mutasaddilarning hech biri buni payqamadi. Chunki bu paytda futbolchilarning formalariga raqamlar yozish yoʻlga qoʻyilmagan edi.","Peru-Ruminiya oʻyinida turnirdagi eng tezkor gol 50-soniyada urildi. Shu oʻyinda jahon chempionati tarixidagi ilk maydondan chetlatish ham qayd etildi — Plácido Galindo qoʻpollik uchun chetlatildi. Peru hisobni tenglashtirsa-da, Ruminiya yana ilgarilab ketdi."
"Bu taklif 1929-yil 18-noyabrda Angliya Futbol Assotsiatsiyasi tomonidan rad etilgan. Turnir boshlanishiga ikki oy vaqt qolgan paytda ham Yevropa jamoalaridan hech biri turnirda ishtirok etishga rasman rozilik bermagan edi. Faqat FIFA prezidenti Jules Rimetning aralashuvidan soʻng Belgiya, Fransiya, Ruminiya va Yugoslaviya terma jamoalari kemada Urugvayga borishga kelishib olishdi. Ruminiya terma jamoasiga Constantin Rădulescu murabbiylik qilgan. Rudolf Wetzer esa Ruminiya terma jamoasining asosiy futbolchilaridan biri boʻlgan. Jamoa Ruminiyaning yangi saylangan qiroli — Carol IIning shoshilinch buyrugʻiga binoan musobaqaga joʻnatilgan. Jamoa tarkibini qirolning shaxsan oʻzi tanlagan. Shuningdek, Carol II Ruminiya futbol federatsiyasi rahbarlariga futbolchilar musobaqadan qaytganlaridan soʻng ish bilan taʼminlanishi toʻgʻrisida maʼlum qilgan.","Angliya Futbol Assotsiatsiyasi taklifni rad etgach, faqat FIFA prezidenti Jules Rimetning aralashuvi bilan Belgiya, Fransiya, Ruminiya va Yugoslaviya jamoalari Urugvayga borishga rozi boʻlishdi. Ruminiya jamoasi yangi qirol Karol II ning shaxsan buyrugʻi va tanlovi bilan musobaqaga joʻnatilgan."
"Argentinaliklar jamoa sardori Manuel Ferreira ishtirok etmagan bahsda Meksika terma jamoasini 6:3 hisobida magʻlub etdi. Manuel Ferreira haydovchilik guvohnomasi imtihoni uchun Buenos-Ayres shahriga ketganligi sababli Argentina – Meksika oʻyinida ishtirok eta olmagan. 3-turdagi Argentina – Chili uchrashuvi guruh gʻolibini aniqlab bergan. Oʻyin nafaqat Argentinaning 3:1 hisobidagi gʻalabasi va yarim finalga yoʻl olishi, balki Montining meksikalik Arturo Torresga nisbatan oʻyin davomidagi qoʻpol harakatlari bilan ham yodda qoldi. Ikkinchi guruhdan Yugoslaviya, Braziliya va Boliviya terma jamoalari oʻrin oldi. Qurʼa vaqtida saralangan va jahon chempionati favoriti hisoblangan Braziliya turnirning birinchi oʻyinida Yugoslaviya terma jamoasiga 1:2 hisobida magʻlub boʻldi. Guruh bahslarining birortasida ham gʻalaba qozona olmagan Boliviya terma jamoasi „Olgʻa Urugvay“ (ispancha: Viva Uruguay) shiori tushirilgan futbolkalarda harakat qilish uchun chempionat boshlanishidan oldin tashkilotchilarga maʼlum miqdorda toʻlov qilgan.","Argentina Meksikani 6:3 hisobida yengdi, garchi sardori Manuel Ferreira imtihon tufayli oʻyinda qatnashmagan boʻlsa-da. Argentina-Chili oʻyinida Argentina 3:1 gʻalaba qozonib, yarim finalga chiqdi. Ikkinchi guruhdan Yugoslaviya, Braziliya va Boliviya oʻrin oldi, garchi favorit Braziliya birinchi oʻyinda Yugoslaviyaga yutqazgan boʻlsa-da."
"Andrea Cecilia Cristina Botez (2002-yil 6-aprelda tugʻilgan) — Kanadadagi ruminiyalik shaxmatchi, Twitch strimeri va YouTuber. BotezLive Twitch kanalida Botezning otasi, jamoa tomonidan „Papa Botez“ nomi bilan tanilgan Andrea Botez Kanadaga koʻchib oʻtish tarixini aytib berdi. U rafiqasi bilan Ruminiya Sotsialistik Respublikasidan qochib Kanadaga koʻchib oʻtdi, Andreaning katta singlisi Aleksandra Dallasda tugʻilgan. Botezlar oilasi Texasga koʻchib oʻtdi, u yerda ikkala opa-singil maktabni tugatdi. Ularning otasi Aleksandra va Andreani olti yoshida shaxmat bilan tanishtirdi va u ularni mashq qilishni boshladi. Shaxmat boʻyicha mashgʻulotlarning boshida Andrea shaxmat boʻyicha yoshlar oʻrtasidagi jahon chempionati kabi yirik turnirlarda qatnashayotgan otasi va singlisini kuzatib bordi, bu esa Andreani shaxmatga jiddiy yondashishga undadi.","Andrea Botez (2002-yilda tugʻilgan) — Kanadadagi ruminiyalik shaxmatchi va Twitch strimeri. Uning ota-onasi Ruminiyadan Kanadaga koʻchib oʻtgan, keyin oila Texasga joylashgan. Otasi Andrea va uning singlisi Aleksandrani olti yoshida shaxmatga oʻrgatgan."
"Moskva davlat universiteti siyosatshunoslik fakultetining davlat siyosati kafedrasida, Moskva davlat universitetining Moskva iqtisodiyot maktabida va Chexov nomidagi Moskva davlat texnika universiteti maktab-studiyasining menejment va ijro sanʼati iqtisodiyoti kafedrasida dars beradi. Moskva iqtisodiy forumi hamraisi. „Oʻzgarishlar dunyosi“ jurnalining bosh muharriri, „Iqtisodiyot masalalari“ jurnalining tahrir hay’ati aʼzosi. Rossiya yahudiylari kongressi jamoatchilik kengashi aʼzosi, Xalqaro menejment akademiyasi akademigi. 2007-yilda Abalkinning taklifiga koʻra, u International N. D. Kondratiyev Foundation prezidenti lavozimida uning oʻrnini egalladi. 2022-yil fevral oyida u rossiyalik olimlar va ilmiy jurnalistlarning Rossiyaning Ukrainaga bostirib kirishini qoralagan va Rossiya qoʻshinlarini Ukraina hududidan olib chiqishga chaqirgan ochiq maktubiga imzo chekdi. 2015-yilda jurnalist Lev Moskovkinning yozishicha, „Moskovskaya pravda“ gazetasining Oliy maktab professorlarining Kondratev sikllarini rad etish sabablari haqidagi savoliga javob berar ekan, Grinberg „Oliy maktab professorlarining mafkurasini yoqtirmasligini“ taʼkidladi.","U Moskva davlat universitetida dars beradi, ""Oʻzgarishlar dunyosi"" jurnalining bosh muharriri va Xalqaro menejment akademiyasi akademigi. 2022-yilda u Rossiyaning Ukrainaga bostirib kirishini qoralagan ochiq maktubga imzo chekkan olimlardan biri boʻlgan."
"Tadqiqot sohasi demokratlashtirish, globallashuv va integratsiya kabi mavzularga eʼtibor qaratib, butun dunyodagi siyosiy tizimlarni hisobga oladi. Soʻnggi 40 yil ichida qiyosiy siyosat tufayli siyosatshunoslikda yangi nazariya va yondashuvlar qoʻllandi. Ulardan baʼzilari siyosiy madaniyat, qaramlik nazariyasi, rivojlanish, korporatizm, oʻzgarishning mahalliy nazariyalari, qiyosiy siyosiy iqtisod, davlat-jamiyat munosabatlari va yangi institutsionalizmga qaratilgan. Qiyosiy siyosatning baʼzi misollari prezidentlik va parlament tizimlari, demokratiya va diktaturalar, turli mamlakatlardagi parlament tizimlari, Kanada kabi koʻp partiyali tizimlar va AQSh kabi ikki partiyali tizimlar oʻrtasidagi farqlarni oʻrganishdir. Qiyosiy siyosat maʼlum bir vaqtda, odatda hozirgi vaqtda amalga oshirilishi kerak. Tadqiqotchi turli davrlardagi tizimlarni solishtira olmaydi. Tarixan fan mamlakatlararo taqqoslash orqali siyosatshunoslikdagi keng savollarni oʻrgangan boʻlsa-da, zamonaviy qiyosiy siyosatshunoslik birinchi navbatda submilliy taqqoslashlardan foydalanadi.","Qiyosiy siyosatshunoslik demokratlashtirish, globallashuv kabi mavzularni oʻrganib, soʻnggi 40 yilda koʻplab yangi nazariya va yondashuvlarni yaratdi — masalan, siyosiy madaniyat, qaramlik nazariyasi va davlat-jamiyat munosabatlari. U koʻpincha hozirgi davrdagi tizimlarni taqqoslaydi, tarixiy davrlarni emas."
"Boshqa manbalar esa o‘yin bekor qilinganligini taʼkidlashgan: Haydar Javad nashr etgan kitobdagi maʼlumotlarga ko‘ra, Yugoslaviya terma jamoasi futbolchilari Urugvayga qarshi yarim final bahsidagi hakamlik darajasidan qoniqmaganligi sababli AQShga qarshi oʻyinda ishtirok etishdan bosh tortishgan. Chempionat yakunida AQSh (Tom Florie) va Yugoslaviya (Milutin Ivković) jamoalarining sardorlari bronza medallarini qabul qilib olishgan. FIFA texnik qoʻmitasi 1986-yilgi jahon chempionati haqidagi bayonnomaga qoʻshimcha tarzda reytinglarni ham eʼlon qildi va avvalgi barcha chempionatlar uchun ham shunday maʼlumotlar eʼlon qilinishi haqida qaror chiqardi. FIFA tomonidan eʼlon qilingan hisobotda AQSh jamoasi 3-oʻrinni, Yugoslaviya esa 4-oʻrinni egallaganligi qayd etilgan. Boshqa manbalarda esa Yugoslaviyaliklar yarim finalda turnir chempioni – Urugvayga magʻlub boʻlgani uchun 3-oʻrinni egallaganligi qayd etilgan.","Ba'zi manbalarga ko'ra, Yugoslaviya AQShga qarshi yarim finalda hakamlikdan norozi bo'lib, o'yinda qatnashishdan bosh tortgan. Natijada AQSh 3-o'rinni, Yugoslaviya 4-o'rinni egallagan. Ammo boshqa manbalarda Yugoslaviya finalchi Urugvayga yutqazgani uchun 3-o'rin olgani aytiladi."
"Bu guruhda birinchi oʻyinda belgiyaliklarni 3:0 hisobida magʻlub etgan AQSh terma jamoasi yetakchilik qildi. Bu holat koʻpchilik uchun kutilmagan boʻldi va Urugvayning „Imparcial“ nashri holatga nisbatan shunday munosabat bildirdi: „Amerikaliklarning faolligi koʻpchilik mutaxassislarni hayratda qoldirdi“. Belgiya terma jamoasi vakillari o‘z mag‘lubiyatiga sifatsiz futbol maydoni va noxolis hakamlikni sabab qilib koʻrsatishgan. Belgiya darvozasiga ikkinchi gol urilganda hakamlar ofsaydni payqamaganligini iddao qilishgan. Kuchli shamol ostida kechgan guruhning ikkinchi oʻyini amerikalik futbolchi Bert Patenaud tomonidan amalga oshirilgan jahon chempionati tarixidagi ilk xet-trik bilan yodda qoldi. 2006-yil 10-noyabrga qadar turnir tarixidagi birinchi xet-trik argentinalik Guillermo Stábilega emas, undan 2 kun keyin bu ishni amalga oshirgan Bert Patenaudga tegishli deb hisoblangan.","Guruhda birinchi o'yinda Belgiyani 3:0 hisobida yutgan AQSh yetakchilik qildi. Bu ko'pchilikni hayratga solgan, Urugvay matbuoti amerikaliklarning faolligidan hayratini bildirgan. Belgiyaliklar mag'lubiyatni yomon maydon va noxolis hakamlikka bog'lashgan. Ikkinchi o'yin kuchli shamolda o'tgan va unda amerikalik Bert Patenaud jahon chempionati tarixidagi birinchi xet-trikni urgan."
"Oʻtkazib yuborilgan goldan 8 daqiqa oʻtib Argentina hisobni tenglashtirdi: gol muallifi — Carlos Peucelle. Tanaffusga oz vaqt qolganda turnirning eng yaxshi toʻpurari Guillermo Stábile turnirdagi 8-golini urdi va jamoasini hisobda oldinga olib chiqdi. Urugvayliklar sardori Jose Nasazzi esa John Langenusga Stábilening ofsaydda ekanligini isbotlashga harakat qildi. Lekin uning urinishi muvaffaqiyatsiz yakunlandi. Ikkinchi boʻlimda urugvayliklar bor eʼtiborini hujumga qaratishdi. Argentinalik futbolchi Luis Monti gollar farqini ikkitaga yetkazish imkoniyatidan foydalana olmaganidan soʻng Urugvay pozitsion hujum amalga oshirdi va bu hujumni Pedro Cea muvaffaqiyatli yakunlab, hisobni tenglashtirdi. Oradan 10 daqiqa o‘tib Santos Iriartening goli Urugvayni hisobda oldinga olib chiqdi va o‘yin tugashiga biroz vaqt qolganida Hector Castro ilk jahon chempionati finalidagi soʻnggi gol muallifiga aylandi .","Argentina hisobni tenglashtirdi (Carlos Peucelle). Tanaffusdan oldin Guillermo Stábile yana gol urib, jamoasini oldinga chiqardi. Urugvay sardori bu golni ofsayd deb bahslashdi, lekin foyda bermadi. Ikkinchi bo'limda Urugvay hujumga o'tib, Pedro Cea hisobni tenglashtirdi, so'ng Santos Iriarte va Hector Castro navbat bilan gol urib, Urugvayni birinchi jahon chempioni qilishdi."
"Paragvay terma jamoasi murabbiylar shtabi chempionat yetakchilari — „Olimpia“ va „Libertad“ futbolchilariga ishonch bildirdi. Yana uchta klub kamida besh nafarardan futbolchisini terma jamoa safiga yubordi. Bular: Boliviyaning „Oruro Royal“, Braziliyaning „Fluminense“ va Fransiyaning „Racing“ klublari. Turnirning soʻzsiz favoriti hisoblangan Urugvay terma jamoasi tarkibida olti nafar ikki karra olimpiada chempionlari (Jose Nasazzi, Jose Andrade, Pedro Cea, Pedro Petrone, Hector Scarone va Santos Urdinaran) bor edi. AQSh terma jamoasining bir qismi Amerika fuqaroligini qabul qilgan britaniyalik muhojir futbolchilardan iborat boʻlgan. Shotlandiyalik Jimmy Gallagher, Alexander Wood, Andy Auld, Jim Brown, Bart McGhee hamda ingliz George Moorhouse shular jumlasidan. Barcha oʻyinlar Urugvay poytaxti Montevideodagi Centenario, Pocitos va Grand Parc Central stadionlarida boʻlib oʻtgan.",Paragvay terma jamoasi murabbiylari yetakchi klub o'yinchilariga ishonch bildirdi. Yana uch klub jamoaga bir necha futbolchi yubordi. Turnirning favoriti hisoblangan Urugvay tarkibida oltita ikki karra olimpiada chempioni bor edi. AQSh terma jamoasining ko'p qismini Amerika fuqaroligini qabul qilgan britaniyalik muhojirlar tashkil etgan. Barcha o'yinlar Montevideodagi uch stadionda o'tkazilgan.
"Kongressda oʻtkazilgan soʻrovnoma natijasi (25 ta „rozi“""; 5 ta „qarshi“ — barchasi Skandinaviya davlatlari;"" 1 ta betaraf — Germaniya)ga koʻra 1930-yilgi musobaqa FIFA tasarrufi ostida oʻtishi toʻgʻrisida qaror qabul qilindi. Ushbu qarorga XOQ va FIFA oʻrtasidagi turnirda ishtirok etuvchi futbolchilarning darajasi (havaskor yoki professional) borasidagi ziddiyat sabab boʻldi. Rimet professional sportchilar ishtirok etishi tarafdori edi. Lekin bu oʻsha paytdagi olimpiya oʻyinlarida professional sportchilarning ishtirok etishini taqiqlovchi qoidaga zid boʻlgan. Italiya, Shvetsiya, Ispaniya, Niderlandiya va Urugvay davlatlari birinchi jahon chempionati mezbonligiga daʼvogarlik qilgan. Ovoz berish jarayonida oʻsha paytgacha milliy terma jamoasi ikki marta olimpiya oʻyinlarida gʻolib boʻlishga ulgurgan va oʻz arizasida jahon chempionati uchun katta stadion qura olish imkoniyati borligini maʻlum qilgan Urugvay davlati ustunlik qildi.","Kongressda o'tkazilgan ovoz berish natijasida 1930-yilgi jahon chempionati FIFA tasarrufida o'tishi haqida qaror qabul qilindi. Bunga sportchilarning havaskor yoki professional bo'lishi borasidagi FIFA va Olimpiya qo'mitasi o'rtasidagi kelishmovchilik sabab bo'lgan. Italiya, Shvetsiya, Ispaniya, Niderlandiya va Urugvay mezbonlikka nomzod bo'lgan, ammo ikki karra olimpiya chempioni bo'lgan va katta stadion qurishga tayyor Urugvay tanlab olingan."
"Fransuzlar turnirga Jules Rimetning talabidan soʻng yoʻl olishgan. Ammo „uchranglilar“ning asosiy himoyachisi — Manuel Anatol va bosh murabbiy Gaston Barreau Urugvayga borishga rozi boʻlmadi. Belgiyaliklar turnirga murabbiy Rodolphe Seeldrayers qoʻl ostida yoʻl olishdi. Ruminiyaliklar Genuya shahridan „Conte Verde“ nomli kemada Urugvay tomon yoʻl oldi. Fransuzlar 1930-yilning 21-iyun kunida Villefranche-sur-Mer portidan ruminiyaliklarga qoʻshilishdi. Belgiyaliklar esa Barselonadan xuddi shu kemaga chiqishdi. Kemada futbolchilardan tashqari FIFA prezidenti — Jules Rimet, 3 nafar hakam: John Langenus, Henri Christophe, Thomas Balvay va jahon chempioniga topshiriladigan maxsus kubok ham bor edi. 1930-yilning 29-iyun kuni Braziliya terma jamoasi aʼzolari ham Rio-de-Janeyrodagi portdan „Conte Verde“ga chiqishdi. Bu jamoalarning barchasi 4-iyulda Urugvayga yetib kelishdi.","Fransuzlar Jules Rimetning taklifi bilan turnirga yo'l olishdi, lekin jamoaning asosiy himoyachisi va bosh murabbiyi Urugvayga borishdan bosh tortdi. Belgiyaliklar ham o'z murabbiyi bilan yo'lga chiqdi. Fransuz va ruminiya jamoalari, keyin belgiyaliklar bir kemada Urugvayga suzib ketishdi. Kemada FIFA prezidenti, uch hakam va jahon chempioni uchun kubok ham bor edi. Braziliya jamoasi ham xuddi shu kemada yo'lga chiqdi, barcha jamoalar 4-iyulda Urugvayga yetib keldi."
"Keyinchalik maʻlum boʻlishicha, gollardan biri Bert emas balki uning jamoadoshi Tom Florie tomonidan kiritilgan. AQSh terma jamoasi guruhdagi ikkala oʻyinda ham gʻalaba qozonib, birinchi oʻrinni egalladi va pley-offda oʻynash huquqini muddatidan oldin qoʻlga kiritdi. Shu sababli Paragvay va Belgiya oʻrtasidagi soʻnggi oʻyin (Paragvay 1:0 hisobida gʻalaba qozondi) oʻz ahamiyatini yoʻqotdi. Guruh g‘oliblari Argentina, Yugoslaviya, Urugvay va AQSh yarim finalga yo‘l oldi. Yarim finalning ikkala uchrashuvi ham bir xil — 6:1 hisobida yakunlandi. AQSh va Argentina terma jamoalari oʻrtasidagi birinchi oʻyin kuchli yomgʻir ostida oʻtdi. Tarkibida 6 nafar Britaniya fuqarosi boʻlgan AQSh terma jamoasi yarim himoyachisi Raphael Tracey birinchi boʻlimda jiddiy jarohat oldi.","Ma'lum bo'lishicha, gollardan birini Bert emas, uning jamoadoshi Tom Florie urgan ekan. AQSh ikkala o'yinda ham g'alaba qozonib, guruhda birinchi o'rinni oldi. Guruh g'oliblari — Argentina, Yugoslaviya, Urugvay va AQSh yarim finalga chiqdi. Ikkala yarim final ham 6:1 hisobida tugadi. AQSh-Argentina o'yini kuchli yomg'ir ostida o'tdi, unda amerikalik futbolchi jiddiy jarohat oldi."
"Argentina 3-avgustda Yugoslaviyani oʻz uyida qabul qilgan. Toʻrt yil oʻtib Italiyada boʻlib oʻtgan ikkinchi jahon chempionati oldidan turnir tarixida birinchi marta saralash bosqichi boʻlib oʻtdi. Chunki turnirda qatnashish istagini bildirgan jamoalar soni FIFA rejalashtirganidan (16 nafar) ikki baravar koʻp edi. Biroq, 1930-yilgi turnirda ishtirok etgan oʻn uchta jamoadan faqat sakkiztasi Italiyadagi jahon chempionatiga qatnashish istagini bildirdi. Urugvay terma jamoasi Yevropa jamoalari (jumladan, italiyaliklar) 1930-yilgi jahon chempionining turnirda ishtirok etishini xohlamaganligidan gʻazablandi va boykot eʼlon qildi. Boliviya va Paragvay terma jamoalari ham Urugvay tarafida boʻlishdi. Keyin Chili va Peru terma jamoalari saralash turniridan chiqib ketishdi. Bu esa Argentina va Braziliya jamoalarining togʻridan toʻgʻri guruh bosqichiga yoʻllanma olishiga sabab boʻldi.","Argentina 3-avgustda Yugoslaviyani mezbon sifatida qabul qildi. To'rt yildan keyin Italiyada o'tkaziladigan ikkinchi jahon chempionati oldidan birinchi marta saralash bosqichi o'tkazildi, chunki qatnashmoqchi bo'lgan jamoalar soni FIFA rejalashtirganidan ko'p edi. Faqat sakkiz jamoa Italiyaga borishni istadi. Urugvay Yevropa jamoalarining o'zini istamaganidan g'azablanib, turnirni boykot qildi, Boliviya va Paragvay ham unga qo'shildi. Chili va Peru saralashdan chiqib ketishi natijasida Argentina va Braziliya to'g'ridan-to'g'ri guruh bosqichiga yo'llanma oldi."
"Bruce 1899-yilda Qirollik jamiyati (FRS) a'zosi etib saylandi. U 1904-1908-yillarda Qirollik Armiyasi Tibbiyot Korpusi jurnalining muharriri boʻlib ishlagan. 1901-yilda Edinburg universitetining Kemeron mukofoti laureati boʻlgan. 1904-yilda Qirollik jamiyatining Qirollik medali, 1905-yilda Mary Kingsley medali va Britaniya Tibbiyot Assotsiatsiyasining Stewart mukofotiga sazovor boʻlgan. U 1915-yilda Qirollik shifokorlar kollejida Croonian oʻqituvchisi sifatida faoliyat yuritgan. 1915-yilda Leeuwenhoek medali bilan taqdirlangan, 1908-yilda ritsar unvoniga ega boʻlgan va 1918-yilda Vannaning ritsar qo‘mondoni (KCB) unvoniga ko‘tarilgan. U 1924 — 1925-yillarda Britaniya Ilmiy Assotsiatsiyasi prezidenti boʻlgan. Bruce 1904 — 1932-yillarda tripanosomiazdagi kashfiyotlari uchun Fiziologiya va tibbiyot boʻyicha Nobel mukofotiga 31 marta nomzod boʻlgan, ammo hech birida tanlanmagan.","Bryus 1899-yilda Qirollik jamiyati a'zosi bo'lib saylandi, 1904—1908-yillarda harbiy tibbiyot jurnalining muharriri bo'lib ishladi. U bir necha mukofot va unvonlarga (ritsar unvoni, Leeuwenhoek medali, Croonian o'qituvchisi va boshqalar) sazovor bo'lgan hamda 1924—1925-yillarda Britaniya Ilmiy Assotsiatsiyasi prezidenti bo'lgan. U tripanosomiaz sohasidagi kashfiyotlari uchun Nobel mukofotiga 31 marta nomzod bo'lgan, ammo hech qachon g'olib chiqmagan."
"Yevropa jamoalari ham hayratlanarli darajada yaxshi o‘yin ko‘rsatdi. Yugoslaviya yarim finalgacha yetib bordi. Fransiya ham Argentina bilan tengma-teng oʻynadi. Iqtisodiy nuqtayi nazardan ham turnir muvaffaqiyatli oʻtdi: Jahon chempionati oʻyinlariga tashrif buyurgan 500 000 dan ortiq tomoshabinlar tufayli FIFA taxminan 233 000 Urugvay pesosi miqdorida daromadga ega boʻldi. Bu oʻsha paytda 255 107 AQSh dollariga teng edi. 1986-yilda FIFA shu yilgacha boʻlgan barcha turnirlardagi jamoalarning oʻrinlarini oʻzida aks ettirgan hisobotini eʼlon qildi. Hisobotga koʻra, 1930-yilgi jahon chempionatida yakuniy jadval quyidagi koʻrinishda boʻlgan: Janubiy Amerikadagi turnirdan keyingi o‘rtoqlik uchrashuvlarida Fransiya, Yugoslaviya va AQSH terma jamoalari ishtirok etishdi. Braziliya 1-avgustda Fransiya, 10-avgustda Yugoslaviya va 17-avgustda AQSH terma jamoalariga qarshi oʻrtoqlik uchrashuvlarida ishtirok etgan.","Yevropa jamoalari ham yaxshi o'yin ko'rsatdi: Yugoslaviya yarim finalgacha yetdi, Fransiya esa Argentina bilan tengma-teng o'ynadi. Turnir iqtisodiy jihatdan ham muvaffaqiyatli o'tdi — 500 mingdan ortiq tomoshabin tufayli FIFA katta daromad oldi. Turnirdan keyin Braziliya, Fransiya, Yugoslaviya va AQSh o'rtoqlik uchrashuvlari o'tkazdi."
"Futbol boʻyicha 1930-yilgi jahon chempionati (inglizcha: 1930 FIFA World Cup, ispancha: Copa Mundial de Fútbol de 1930) — FIFA tomonidan milliy terma jamoalar oʻrtasida ilk bor tashkil etilgan jahon chempionati. Chempionat 1930-yil 13–30-iyul kunlari Urugvayda boʻlib oʻtgan. Birinchi jahon chempionatini oʻtkazish toʻgʻrisidagi qaror 1928-yil 26-mayda FIFA tomonidan qabul qilingan va 1929-yil 18-mayda Urugvay davlati ovoz berish yoʻli bilan mezbon sifatida tanlab olingan. Birinchi jahon chempionatining barcha oʻyinlari Urugvay poytaxti — Montevideoda boʻlib oʻtgan. Montevideoda jahon chempionati uchun 90 000 tomoshabinga moʻljallangan Centenario stadioni qurilgan. Musobaqaga FIFAga aʼzo barcha davlatlar taklif qilingan. Biroq, bor-yoʻgʻi 13 ta jamoa musobaqada ishtirok etish uchun Urugvayga borgan: Janubiy Amerikadan yettita, Yevropadan toʻrtta va Shimoliy Amerikadan ikkita jamoa.","Futbol bo'yicha 1930-yilgi jahon chempionati — FIFA tashkil etgan birinchi jahon chempionati bo'lib, 1930-yil 13—30-iyul kunlari Urugvayda o'tkazilgan. Uni o'tkazish to'g'risidagi qaror 1928-yilda qabul qilingan, Urugvay esa 1929-yilda mezbon etib tanlangan. Barcha o'yinlar Montevideoda, shu maqsadda qurilgan 90 000 o'rinli Centenario stadionida bo'lib o'tgan. Musobaqada Janubiy Amerikadan yettita, Yevropadan to'rtta va Shimoliy Amerikadan ikkita — jami 13 ta jamoa qatnashgan."
"Ulardan 11 nafari kamida bitta oʻyinda bosh hakam sifatida ishlagan. Chempionat bahslarini Yevropa qitʼasidan to‘rt nafar (fransuz Thomas Balvay, ruminiyalik Constantin Rădulescu (u Ruminiya terma jamoasi murabbiyi ham edi) va ikki belgiyalik — Henri Christophe va John Langenus) hamda Amerika qitʼasidan 11 nafar (olti nafari Urugvaylik) hakam boshqarib borgan. Ruminiya terma jamoasi bosh murabbiysi Rădulescudan tashqari Boliviya terma jamoasi bosh murabbiyi Ulises Saucedo ham bahslarda hakamlik qilgan. Hakamlikda yuzaga kelishi mumkin boʻlgan xatoliklarni kamaytirish maqsadida turnir boshlanishidan oldin barcha hakamlar ishtirokida oʻyindagi ehtimoliy bahsli vaziyatlarni muhokama qilish uchun qisqa yigʻilish oʻtkazilgan. Biroq, turnir hakamlar bilan bo‘lgan ikkita voqea sabab yodda qoldi: braziliyalik hakam Gilberto de Almeida Rêgo Argentina va Fransiya o‘rtasidagi bahsni asosiy vaqt tugashiga olti daqiqa qolganida yakunladi.","Turnirda 11 nafar hakam kamida bitta o'yinda bosh hakam bo'lib ishlagan — to'rtta Yevropadan, o'n bittasi Amerika qit'asidan (oltisi Urugvaydan). Xatolarni kamaytirish uchun turnir oldidan hakamlar yig'ilishi o'tkazilgan. Ammo braziliyalik hakam Argentina-Fransiya o'yinini vaqtidan olti daqiqa oldin yakunlagani esda qolgan."
"Armanistonda futbol (armancha: ֆուտբոլ futbol yoki votnagndak armancha: ոտնագնդակ) eng ommabop sport turi hisoblanadi. 2014-yil avgust holatiga koʻra futbol boʻyicha Armaniston milliy terma jamoasi FIFA Jahon reytingida 36-oʻrinni egallab turgan. 1991-yilda mustaqillikni qoʻlga kiritgandan soʻng, Armaniston FIFAning barcha musobaqalarida qatnashadigan oʻz milliy assotsiatsiyasiga ega boʻldi(Katta yoshlilar va yoshlar futboli). Ararat Yerevan FK Sovet Ittifoqidagi yuqori ligada yetakchi jamoalardan biri boʻlib, koʻpincha Yevropa musobaqalarida oʻynagan. Armanistonning bir qator futbolchilari SSSR terma jamoasida oʻynashgan, jumladan 1982-yilgi Jahon chempionatida Xoren Oganesiyan va 1960-yilda Eduard Markarovlar shular jumlasidandir. Keyinchalik Markarov Sovet Ittifoqi yoshlar jamoasining yordamchi murabbiyiga aylandi va 1991-yilda Portugaliyada boʻlib oʻtgan FIFA yoshlar oʻrtasidagi Jahon chempionatida murabbiylar shtabining bir qismi boʻlib ishladi va terma jamoa musobaqada 3-oʻrinni egalladi.","Futbol Armanistonda eng ommabop sport turi. Armaniston milliy terma jamoasi 2014-yilda FIFA reytingida 36-o'rinni egallagan. Mustaqillikdan keyin mamlakat o'z milliy assotsiatsiyasiga ega bo'ldi. Ararat Yerevan FK Sovet Ittifoqi ligasining yetakchi jamoalaridan biri edi. Armaniston futbolchilari SSSR terma jamoasida ham o'ynagan, jumladan Xoren Oganesiyan va Eduard Markarov."
"Ararat Yerevan FK 1973-yilgi Sovet chempionati va Kubogidagi gʻalabalari bilan ajralib turadi. Ararat FK 1974-75-yillardagi Yevropa kubogining chorak finaliga qadar yetib borgan va oxir-oqibat chempion Frans Bekkenbauerning Bavariya jamoasiga yutqazgan. Armanistondagi birinchi stadion ham 1920-yillar oxirida hozirgi Yerevan sirkining oldida qurilgan va „Spartak“ deb nomlangan. 1958-yilda Gyumri (oʻsha paytda Leninakan)da Shirak FKga asos solingan va 1991-yilda Armaniston mustaqillikka erishguniga qadar Sovet Ittifoqining birinchi ligasida oʻynagan. Futbol mustaqil Armanistonda eng ommabop sport turiga aylandi. Armaniston 1991-yilda mustaqil davlatga aylandi, Armaniston SSR futbolchilari avval futbol boʻyicha Sovet Ittifoqi terma jamoasida oʻynagan boʻlsa, endi oʻz milly jamoasida oʻynay boshladi. Armaniston futbol federatsiyasi 1992-yil 18-yanvarda tashkil topgan va 1992-yilda FIFA bilan, 1993-yilda UEFA bilan aloqalarni oʻrnatgan.","Ararat Yerevan FK 1973-yilgi Sovet chempionati va Kubogida g'alaba qozongan, 1974-75-yillarda esa Yevropa kubogining chorak finaliga yetgan. Armanistondagi birinchi stadion 1920-yillar oxirida qurilgan. 1958-yilda Shirak FK tashkil topgan. Armaniston 1991-yilda mustaqillikka erishgach, o'z milliy jamoasiga ega bo'ldi va futbol federatsiyasi 1992-yilda FIFA, 1993-yilda UEFA bilan aloqa o'rnatgan."
"XX asrning boshlarida Usmonlilar imperiyasining tarkibidagi Konstantinopol, Smirna va boshqa koʻplab shaharlarda birinchi arman futbol klublari tashkil etilgan. Armaniston va Turkiya jamoalari oʻrtasidagi birinchi oʻyin 1906-yilda qayd etilgan. Balta-Liman nomli Armaniston klubi (Konstantinopol mahallasi nomidan, hozirgi Baltalimani deb nomlangan) Galatasaroy bilan maydonga tushdi. Keyinchalik Balta-Liman tarqatib yuborilgan va ikkita yangi klub: Araks va Tork tashkil etilgan. Biroq, Birinchi jahon urushi va Arman qirgʻinining boshlanishi armanlarning Usmonlilar sportiga qoʻshilishining pasayishiga olib keldi. Sovet Armanistonidagi futbol jamoalarining eng qadimgilari 1926-1927-yillarda qayd etilgan boʻlib, Tbilisida Trans-Kavkaz chempionati tashkil qilingan. Musobaqada uchta Janubiy Kavkaz mamlakati: Armaniston, Ozarbayjon va Gruziya ishtirok etgan. Armanistondagi birinchi professional klub 1935-yilda „Spartak“ nomi bilan tashkil topgan va keyinchalik „Ararat“ deb oʻzgartirilgan.","XX asr boshida Usmonlilar imperiyasi hududida birinchi arman futbol klublari tashkil topgan. Armaniston va Turkiya jamoalari o'rtasida birinchi o'yin 1906-yilda bo'lib o'tgan. Birinchi jahon urushi va arman qirg'ini futbolning rivojlanishiga to'sqinlik qilgan. Sovet Armanistonida futbol 1926-27-yillardan boshlab rivojlangan, 1935-yilda esa ""Spartak"" nomli birinchi professional klub tashkil topgan, keyinchalik u ""Ararat"" deb o'zgartirilgan."
"Universitet mashg'ulotlarni taklif qiladi va aykido, shaxmat, yengil atletika, basketbol, velosport, toqqa chiqish, futbol, futzal, gimnastika, dzyudo, karate, og'ir atletika, suzish, regbi ittifoqi, softbol, taekvondo, tennis, tennis, triatlon bo'yicha universitet jamoalariga ega. Universitet akademik, badiiy, ekologik, ijtimoiy va sport faoliyati bilan shug'ullanadigan talabalar guruhlari va tashkilotlarini qo'llab-quvvatlaydi. Universitet tomonidan uchta madaniy guruh boshqariladi.Ularning uchtasi xalq raqslari guruhi, an’anaviy talabalar musiqa guruhi va xonandalar klubidir. Universitetning sobiq talabalari va professorlari orasida: sobiq prezidentlar – Alvaro Uribe Vélez, Mariano Ospina Peres, Karlos E. Restrepo, Liborio Mejía va Mariano Ospina Rodriges ""; yozuvchilar – Tomas Carrasquilla, Fernando Gonsales va Gonsalo Arango ;"" siyosatchilar – Karlos Gaviria Diaz va Fabio Valensiya Kossio kabilar bor. Altair Digital Communication","Universitet turli sport turlari (shaxmat, futbol, suzish va boshqalar) bo'yicha jamoalarga ega bo'lib, talabalar guruhlarini qo'llab-quvvatlaydi. Uch madaniy guruh — xalq raqslari, musiqa guruhi va xonandalar klubi mavjud. Universitetning mashhur bitiruvchilari orasida sobiq prezidentlar, yozuvchilar va siyosatchilar bor."
"Bakalavriatga qabul yiliga ikki marta o'tkaziladigan bilim sinovi orqali amalga oshiriladi. Kirish imtihonlari o'rta maktabda olingan ba'zi asosiy ko'nikmalar va bilimlarni o'lchaydigan vositadir. Bu umumiy qobiliyat imtihonidir va shuning uchun abituriyentni siz kirmoqchi bo'lgan martaba bo'yicha baholamaydi. Imtihon ikkita komponentdan iborat, o'qish malakasi testi (ispancha) va mantiqiy fikrlash testi va San'at fakultetidan tashqari barcha dasturlarning nomzodlariga teng. Imtiyozga ega bo'lish uchun siz minimal chegara ballidan o'tishingiz va har bir akademik dastur uchun mavjud bo'lgan o'rinlar soni doirasida bo'lishingiz kerak. Har bir semestr uchun test ko'pincha o'ta raqobatbardosh bo'ladi, ya'ni har bir akademik dasturlarga kirishda tanlov juda yuqori, ba'zi hollarda abituriyentlar ulushi 10% dan kamroqni tashkil qiladi.","Bakalavriatga qabul yiliga ikki marta o'tkaziladigan umumiy bilim sinovi orqali amalga oshiriladi. Bu imtihon o'quvchining kasbiy yo'nalishini emas, umumiy qobiliyatini baholaydi va o'qish hamda mantiqiy fikrlash testlaridan iborat. Har bir dasturga kirish uchun raqobat juda yuqori bo'lib, ba'zida qabul ulushi 10 foizdan kam bo'ladi."
"Bu 2009-yil boshida choʻchqa grippi pandemiyasi Meksika iqtisodiyotini deyarli falaj qilib, mehmonxonalarni sayyohlarni qaytarish uchun chegirmalar berishga majbur qilganidan keyin sodir boʻldi. Biroq, 2009-yilda mehmonxonalar bandligi avvalgi yilga nisbatan besh foizga kamaydi. 2009-yil dekabr oyida Arturo Beltran Leyvaning oʻlimi Beltran Leyva kartelidagi turli guruhlar oʻrtasida nizolarga sabab boʻldi. Guruh zoʻravonliklari Akapulkoda 2010 va 2011-yilgacha davom etdi, ayniqsa 2010-yil 1- martda giyohvand moddalar bilan bogʻliq zoʻravonlik oqibatida kamida 15 kishi halok boʻldi. 2011-yil 8-yanvarda yana 15 kishi oʻldi. Birinchi hodisa qurbonlari orasida shahar politsiyasining olti nafar xodimi va sobiq merning ukasi ham bor boʻldi. Ikkinchi voqeada Plaza Sendero savdo markazi yaqinida tashlab ketilgan 15 nafar yigitning boshsiz jasadi topilgan. 2011-yil 20-avgust kuni Meksika rasmiylari Akapulkoda beshta boshsiz jasad topilgani, ulardan uchtasi shaharning asosiy sayyohlik hududiga joylashtirilgani va ikkitasi bir necha bo‘laklarga bo‘lingani haqida xabar berdi. 2013-yilning 4-fevralida oltita ispaniyalik erkakni bog‘lab, talon-toroj qilishdi va ular bilan birga bo‘lgan olti nafar ispaniyalik ayolni Akapulko chekkasidagi plyajdagi uyga bostirib kirgan beshta niqobli qurolli shaxs to‘da bilan zo‘rladi. 2014-yil 28-sentyabr kuni meksikalik siyosatchi Braulio Saragosa shahardagi El Mirador mehmonxonasida otib o‘ldirilgan.","2009-yilgi cho'chqa grippi pandemiyasi Meksika iqtisodiyotiga zarba berdi. 2009-yil dekabrida bir kartel yetakchisining o'limi guruhlar o'rtasida nizolarga sabab bo'lib, 2010-2011-yillarda Akapulkoda giyohvand moddalar bilan bog'liq zo'ravonlik kuchaydi — bir necha o'nlab kishi halok bo'ldi. 2013 va 2014-yillarda ham qo'rqinchli voqealar (talon-torojlik, zo'rlash, o'ldirish) sodir bo'lgan."
"Acapulco Meksikaning Tinch okeani sohilida Gerrero shtatida joylashgan shahar. Munitsipalitetning 40 foizi togʻli hudud""; yana qirq foizi yarim yassi;"" qolgan yigirma foiz esa tekislikdan iborat.Dengiz sathidan 1, 699 metr balandlikda joylashgan. Eng yuqori choʻqqilari — Potrero, San-Nikolas va Alto Kamaron. Bir yirik daryo munitsipalitetidan oqib oʻtadi: Papagayo va uning bir qator arroyolari (oqimlari). Shuningdek, ikkita kichik laguna, Tres Palos va Koyuka, bir qator termal buloqlar mavjud. Akapulko tropik nam va quruq iqlimga ega. Fasllari issiq va quruq. Fasllar orasidagi harorat Meksikadagi shimoldagi kurortlarga qaraganda bir tekisroq, ammo bu balandlikka qarab farq qiladi. Eng issiq joylar shaharning dengizga yaqin tomonlarida mavjud.","Akapulko — Meksikaning Tinch okeani sohilida, Gerrero shtatida joylashgan shahar. Munitsipalitetning 40 foizi tog'li, 40 foizi yarim yassi, 20 foizi tekislikdan iborat. Iqlimi tropik nam va quruq bo'lib, harorat balandlikka qarab farq qiladi, eng issiq joylar dengizga yaqin hududlarda."
"Hududning aholisi 2015-yil maʼlumotlariga koʻra 786 830 kishi. Milliy statistika va geografiya instituti (INEGI) tomonidan 2010-yil 12-iyundagi II Aholi va uy-joylarni roʻyxatga olish natijalariga koʻra, Akapulko Gerrero shtatidagi eng koʻp aholi yashaydigan shahardir. Shu paytgacha jami aholi soni 673 479 kishi boʻlib, shundan 324 746 nafari erkaklar va 348 733 nafari ayollar boʻlgan. Bu Meksikadagi yigirma ikkinchi eng zich shahar va Meksikadagi oʻninchi oʻrinda turuvchi eng koʻp aholi punkti hisoblanadi. 2010-yilda Milliy statistika va geografiya instituti, Milliy aholi kengashi va ijtimoiy rivojlanish kotibiyati tomonidan amalga oshirilgan oxirgi hisob va rasmiy delimitatsiyaga muvofiq, Akapulko poytaxti hududi 3 538,5 km 2 ga ega boʻlib, jami 863 431 aholini birlashtirgan.","2015-yilda hudud aholisi 786 830 kishini tashkil etgan. 2010-yil ma'lumotiga ko'ra, Akapulko Gerrero shtatidagi eng ko'p aholi yashaydigan shahar bo'lib, jami aholisi 673 479 kishi, shundan 324 746 nafari erkak va 348 733 nafari ayol bo'lgan."
"Meksika Milliy avtonom universiteti tomonidan 2002-yilda oʻtkazilgan iqlim va geografiya boʻyicha tadqiqotga koʻra, 2015 va 2020-yillarda Akapulko shahri aholisi bir milliondan oshadi. Turizm munitsipalitetning asosiy iqtisodiy daromadi boʻlib, turizmning asosiy markazi Akapulko koʻrfazida joylashgan. Munitsipalitet aholisining qariyb yetmish uch foizi tijorat bilan shugʻullanadi, tijoratning aksariyati turizm va port bilan bogʻliq. Togʻ-kon sanoati va ishlab chiqarishda aholining yigirma foizidan kamrogʻi ishlaydi va faqat besh foizga yaqini qishloq xoʻjaligi bilan band. Sanoat ishlab chiqarishi asosan idishlarni quyish, sut mahsulotlari, sement mahsulotlari va energiya ishlab chiqarish bilan cheklangan. Qishloq xoʻjaligi mahsulotlariga pomidor, makkajoʻxori, tarvuz, loviya, yashil chili qalampiri, poliz ekinlari kiradi. Akapulko Meksikaning eng qadimgi qirgʻoq boʻyidagi sayyohlik yoʻnalishlaridan biri boʻlib, 1950-yillarda Gollivud yulduzlari va millionerlar dam olgan joy sifatida mashhur boʻlgan.","Tadqiqotga ko'ra, 2015-2020-yillarda Akapulko aholisi bir milliondan oshgan. Turizm munitsipalitetning asosiy daromad manbai bo'lib, aholining qariyb 73 foizi savdo bilan shug'ullanadi. Akapulko 1950-yillarda Gollivud yulduzlari dam oladigan mashhur qirg'oq bo'yi kurorti bo'lgan."
"Qirgʻizistondagi parlamet saylovlari 2010-yilning 10-oktabr kuni Qirgʻiziston parlamentiga deputatlar partiyaviy tartibda saylandilar. Kutilmaganda ushbu parlament saylovida nisbatan yangi va radikal millatchilik g'oyalarni ilgrai surgan ""Ata-Jurt"" suyosiy partiyasi g'alaba qozondi. Tahlilchilar parlament saylovida radikal millatchi partiyaning eng ko‘p ovoz yiqqaniga shu yil iyun oyida Oʻsh va Jalolobodda sodir bo‘lgan qonli voqealar sezilarli darajada ta‘sir ko‘rsatdi, degan fikrda bo'ldi. Tahlilchilar tomonidan parlamentdagi asosiy ko‘pchilik o‘rinlarni egallashi bashorat qilingan “Ata-Mekon” partiyasi saylovchilarning 5 foizdan ortiqroq ovozini olib, saylovda g‘alaba qozongan partiyalar ro‘yxatining 5 pog‘onasini egallab qolgan. Sobiq prezident Roza O‘tunboyeva a‘zo bo‘lgan Sotsial-demokratlar partiyasi esa 8 foiz ovoz olib, mazkur ro‘yxatda ikkinchi o‘rinni olgan.","2010-yil 10-oktabrda Qirgʻizistonda partiyaviy tartibda parlament saylovlari boʻlib oʻtdi. Kutilmaganda millatchilik gʻoyalarini ilgari surgan ""Ata-Jurt"" partiyasi gʻalaba qozondi — tahlilchilarning fikricha, bunga shu yil iyunda Oʻsh va Jalolobodda sodir boʻlgan qonli voqealar taʼsir qilgan. Yengish kutilgan ""Ata-Mekon"" partiyasi 5 foizdan sal koʻproq ovoz olib, roʻyxatda beshinchi oʻrinni egalladi. Sobiq prezident Roza Otunbayeva aʼzo boʻlgan Sotsial-demokratlar partiyasi 8 foiz ovoz bilan ikkinchi oʻrinni oldi."
"Shu bilan birga, bugungi kunda professional boks taqiqlangan yoki ilgari taqiqlangan Kuba va ba’zi postsovet davlatlaridan kelgan bokschilar ko‘pincha davlat tomonidan homiylik qilingan va de-fakto professional bo‘lsalar ham, rasman havaskor bo‘lib qolishgan va ko‘pincha bir nechta Olimpiada o‘yinlarida qatnashgan. Chiziqli tizimdan foydalanadigan professional boksdan farqli o‘laroq, havaskor boks musobaqalari prinsipial jihatdan farq qiladi (garchi professional va havaskor jang kechalari bir-biriga juda o‘xshash ko‘rinishi mumkin). Jahon chempionatlari odatda yoshga qarab quyidagi kichik toifalarga bo‘linadi: Harbiy xizmatchilar va qamoqdagilar uchun tanlovning o‘ziga xos turlari ham mavjud: Vazn toifalari bo‘yicha musobaqalar quyidagicha bo‘lishi mumkin: Havaskor boksda bir nechta yirik xalqaro boshqaruv organlari mavjud: Xalqaro boks assotsiatsiyasi (IBA, ilgari AIBA), 1946-yilda tashkil etilgan.","Kuba va ayrim postsovet davlatlaridan kelgan bokschilar koʻpincha davlat homiyligida boʻlib, aslida professional boʻlsalar-da, rasman havaskor hisoblanadi va bir necha Olimpiadada qatnashadi. Havaskor boks professional boksdan tashkiliy jihatdan farq qiladi, garchi tashqi koʻrinishi oʻxshash boʻlsa-da. Jahon chempionatlari yosh boʻyicha toifalarga boʻlinadi, harbiylar va mahbuslar uchun alohida musobaqalar ham bor. Havaskor boksning yirik xalqaro tashkiloti — 1946-yilda tuzilgan Xalqaro boks assotsiatsiyasi (IBA, ilgari AIBA)."
"Davlat kotibi — (nem. Staatssekretär — “Davlat kotibi”) — davlat lavozimi va/yoki martaba. Ko'pincha milliy organ, markaziy boshqarma yoki vazirlik rahbari, hukumat a'zosi, vazir o'rinbosari yoki yordamchisi shtat kotibi deb ataladi. Rossiya davlat lavozimlarining nomenklaturasida, qoida tariqasida, davlat kotibi va davlat kotibi o'rtasida farqlanadi, lekin ularning chet ellik hamkasblarini rus tiliga o'tkazishda (masalan, ingliz davlat kotibi, fransuz kotibi d'Etat), u yerda ma'lum bir o'zboshimchalikdir. Nemis va rus atamalariga bir oz aniqroq inglizcha yozishmalar ingliz tilida State Secretary deb ifodalanadi. Yevropa va Amerikaning bir necha davlatlarida oliy davlat amaldorlarining nomi: •AQShda — Davlat departamenti, yaʼni tashqi siyosiy mahkamasining rahbari""; •Buyuk Britaniyada — ichki ishlar, mudofaa, Shotlandiya ishlari boʻyicha va sh.k. ayrim mahkamalarning boshligʻi; •Belgiyada D.k. amalda vazirlarning oʻrinbosari hisoblanadi;"" •Meksika va Lotin Amerikasining boshqa baʼzi mamlakatlarida vazirlar D.k. deb nomlanadi.","Davlat kotibi — koʻplab davlatlarda milliy organ, vazirlik yoki hukumat rahbarini bildiruvchi lavozim. Uning maʼnosi mamlakatga qarab farq qiladi: AQShda — tashqi ishlar vazirligi rahbari, Buyuk Britaniyada — ichki ishlar yoki mudofaa kabi mahkamalar boshligʻi, Belgiyada — vazir oʻrinbosari, Meksika va Lotin Amerikasida esa oddiy vazir maʼnosini bildiradi."
"Diniga koʻra: 71,6% xristianlar, 0,3% musulmonlar, 0,1% hindular, 0,3% buddistlar va 0,1% sikxlar va yahudiylar 17,9 foizi diniy e’tiqodsizlar sifatida roʻyxatga olingan. Har 100 ayolga 91,2 erkak toʻgʻri keladi. Yosh boʻyicha 6% 0-4 yosh, 16% 5-15 yosh, 5% 16-19 yosh, 31% 20-44 yosh, 24% 45-64 yosh, 24% 65 va undan katta yoshdagilar edi. Rumsgitning diqqatga sazovor joyi uning qirgʻoq chizigʻi, xususan, Ramsgate Meyn Sands. Ramsgit tomonidan urush paytida foydalanilgan tunnellar 2014-yildan beri jamoatchilikka ochiq edi. Ramsgitda pushti halqali yovvoyi toʻtiqushlar bor. Ularning kelib chiqish tarixi haligacha sir boʻlib qolmoqda.Baʼzi manbalarga koʻra, ular 1800-yillarda Britaniya Hindistonidan savdo kemalaridan qochib ketishgan. Mahalliy kengash Ramsgit va qoʻshni shaharlarga tashrif buyuradigan sayyohlar uchun maxsus veb-sayt ochmoqda. Ramsgit har yili regatta tadbirlarini oʻtkazadi. Har yozda Ramsgate karnavali boʻlib oʻtadi.","Bu hududda aholining 71,6% xristian, kichik qismi boshqa dinlarga mansub, 17,9% esa dinsiz. Har 100 ayolga 91,2 erkak toʻgʻri keladi, aholining koʻpchiligi 20-64 yosh oralig'ida. Ramsgit qirgʻoq chizigʻi va urush davri tunnellari bilan mashhur, shuningdek shaharda pushti halqali yovvoyi toʻtiqushlar yashaydi — ularning kelib chiqishi noaniq, ehtimol XIX asrda Britaniya Hindistonidan kelgan kemalardan qochib ketgan. Shaharda har yili regatta va karnaval oʻtkaziladi."
"Koʻrfazning asosiy qismi „Zona Dorada“ (ispanchada „oltin zona“), bu yerda XX asr oʻrtalarida mashhurlar dam olgan va janubiy tomonida yangi hashamatli koʻp qavatli „Diamante“ (ispancha „olmos“) mehmonxonalar va kondominiumlar joylashgan. „Akapulko“ nomi naguatl tilidan Aca-pōl-co soʻzidan kelib chiqqan boʻlib, „qamishlar yoʻq qilingan yoki yuvilib ketgan“ yoki „katta qamishlar yonida“ degan maʼnoni anglatadi, bu shahar muhrida ham aks etgan. Belgida ikki qoʻl qamishni sindirayotgan atstek tipidagi glif tasviri bor. „De Xuarez“ 1885-yilda Meksikaning sobiq prezidenti (1806-1872) Benito Xuarez sharafiga rasmiy nomga qoʻshilgan. Filippindagi Kapul oroli va munitsipaliteti oʻz nomini Akapulkodan olgan. Akapulko oʻsha paytda Ispaniya mustamlakasi boʻlgan Akapulkodan Manilagacha boʻlgan trans-Tinch okeani suzib yurish yoʻlining sharqiy uchi edi.","Akapulko koʻrfazining asosiy qismi ""Zona Dorada"" (oltin zona) deb ataladi, XX asrda mashhurlar shu yerda dam olgan, janubida esa zamonaviy ""Diamante"" mehmonxonalari joylashgan. Shahar nomi nauatl tilidan olingan boʻlib, ""qamishlar yonida"" degan maʼnoni bildiradi. Akapulko oʻz vaqtida Ispaniya mustamlakasi sifatida Manilaga boradigan Tinch okeani yoʻlining sharqiy nuqtasi boʻlgan."
"Eng past harorat 1986-yil fevral oyida -14,5 °C (5,9 °F) da qayd etilgan. Yilning eng sovuq kechasi oʻrtacha -6,2 °C (20,8 °F. Oʻrtacha yogʻingarchilik yiliga 600 mm ni tashkil qiladi, bu Angliyaning quruq qismiga oʻxshaydi. 106,6 kun ichida 1 mm dan ortiq yogʻingarchilik kutilmoqda. Ramsgitning asosiy tarmoqlari turizm va baliqchilikdir. Shaharda 800 dan ortiq yaxtaga ega boʻlgan arklarda ishlaydigan bir qator dengiz kompaniyalari mavjud. Shahar kollejlari talabalarga chet tili sifatida ingliz tilini ham taklif qiladi. Ramsgit eng qimmatli baliq ovlash hududi boʻlishiga qaramay (2003-yilda ~ 700 000 funt), baliqchilik sanoati pasayib bormoqda. Port Ramsgit bir necha yillardan beri koʻp kanalli paromlar bilan taʼminlangan.","Eng past harorat 1986-yil fevralda -14,5°C boʻlgan, yillik yogʻingarchilik esa 600 mm ni tashkil etadi. Ramsgitning asosiy tarmoqlari — turizm va baliqchilik, shaharda 800 dan ortiq yaxta joylashgan port bor. Baliqchilik ilgari daromadli boʻlgan (2003-yilda ~700 ming funt), biroq hozir pasayib bormoqda."
"Nasdaq-100-Amerika fond indeksi. Indeks kapitallashuv boʻyicha eng yirik 100 kompaniyani oʻz ichiga oladi, ularning aksiyalari NASDAQ fond birjasida sotiladi. Indeksga moliya sektoridagi kompaniyalar kiritilmagan. Nasdaq 100 roʻyxatga olish qoidalariga ortiq javob bermaydigan kompaniyalar yiliga bir marta dekabr oyining uchinchi haftasida yangi firmalar bilan almashtiriladi. Indeks tarixi 1985-yilda boshlanadi, shu vaqtda bir vaqtning oʻzida 2 ta yangi indeks joriy qilingan: NASDAQ-100 va NASDAQ Financial-100. Birinchi indeksga yuqori texnologiyali sanoat kompaniyalari, ikkinchisiga moliyaviy kompaniyalar kiritilgan. Indeks bazasi dastlab 250 punkni tashkil qilgan. 1998-yilda indeksga xorijiy kompaniyalar kiritildi. Dastlab, ularga qoʻyiladigan talablar qattiq edi, lekin 2002-yilda bu talablar yumshatildi. 2000-yildagi indeks tomonidan nuqta-com lar toʻlqini boʻyicha 4700 punktdan ortiq boʻlgan eng yuqori koʻrsatkichga erishildi. 2021-yil holatiga koʻra, NASDAQ 100 ning 57% qismini texnologik kompaniyalar tashkil qildi.","Nasdaq-100 — NASDAQ birjasida sotiladigan kapitallashuv boʻyicha eng yirik 100 kompaniyani oʻz ichiga oluvchi indeks, moliya kompaniyalarisiz. Yiliga bir marta, dekabrda tarkibi yangilanadi. Indeks 1985-yilda 250 ball bilan boshlangan, 1998-yilda unga xorijiy kompaniyalar ham qoʻshila boshlagan. 2000-yilda ""dot-com"" toʻlqini paytida u 4700 balldan oshgan, 2021-yilga kelib tarkibning 57% ini texnologik kompaniyalar tashkil etgan."
"Uchinchi va to‘rtinchi o‘rinlarni esa Feliks Kulov rahbarligidagi “Or-nomus” va O‘murbek Babanov raisligidagi “Respublika” partiyalari egallagan. Qirgʻizistonda 2005 yil Lolaqizg’aldoq inqilobi o’zini oqlamagach va mamlakatni besh yil boshqargan Qurmanbek Bakiyev Qirg’izistonni “demokratiya oroli”dan avtoritar davlatga aylantirgach, yangi o’zgarishlar shamoli esdi. Eski xatolarning takrorlanishiga yo’l qo’ymaslik uchun muvaqqat hukumat boshqaruv tizimini isloh qilishga kirishdi. 27-iyun kuni yangi konstitutsiya loyihasi referendumga qo’yildi. Unga ko’ra, prezident faqat bir marta olti yilga saylanadigan boʻldi. Vazirlar mahkamasini esa deputatlar belgilaydigan boʻldi.","Uchinchi va toʻrtinchi oʻrinlarni Feliks Kulov rahbarligidagi ""Or-nomus"" va Oʻmurbek Bobonov raisligidagi ""Respublika"" partiyalari egalladi. 2005-yildagi Lolaqizgʻaldoq inqilobidan keyin mamlakatni besh yil boshqargan Qurmanbek Bakiyev Qirgʻizistonni avtoritar davlatga aylantirgach, muvaqqat hukumat boshqaruv tizimini isloh qilishga kirishdi. 27-iyunda yangi konstitutsiya referendumga qoʻyildi — unga koʻra prezident faqat bir marta olti yilga saylanadigan, vazirlar mahkamasini esa deputatlar belgilaydigan boʻldi."
"Amerika Qo‘shma Shtatlari turnirlari va chempionatlari (Jahon boksiga aloqadorlaridan tashqari), Yevropadagi turnirlardan farqli o‘laroq, odatda kumush va bronza medallarini 2- va 3-o‘rinlar uchun bermaydi, chunki ular faqat g‘oliblarni mukofotlaydi. G'olibga esa ""Oltin qo‘lqoplar"" topshiriladi. Bu professional boksga o'xshash bo‘lib, unda ham ""ikkinchi o‘rin"" yoki ""uchinchi o‘rin"" kabi atamalar qo‘llanilmaydi, faqat ""chempion"" va ""challenger"" kabilar mavjud. 2016-yil mart oyida 1982-yildan beri ishlatiladigan himoya bosh qurilmasi janglarda bosh qurilmasiz janglarga qaraganda ko‘proq bosh chayqalishi tufayli erkaklar musobaqasidan olib tashlandi. Bu chetlatish ayollar musobaqalariga ta’sir qilmadi, chunki AIBA uning ayollarga ta’siri haqida yetarli ma’lumot yo‘qligini e’lon qildi. Bu qaror 2016-yilgi Yozgi Olimpiya o‘yinlarida qabul qilingan. 1990-yillarda bir necha marta, asosan, postsovet davlatlaridan bo‘lgan professional bokschilar havaskor faoliyatini davom ettirdilar, xususan: Nikolay Kulpin va Oleg Maskaev 1993-yilda, Nikolay Valuev 1994-yilda, Ruslan Chagayev 1998-yilda. 2016-yil iyun oyida AIBA professional bokschilarga Olimpiya o‘yinlari va boshqa havaskor boks turnirlarida ishtirok etishga ruxsat berdi.","AQSh turnirlarida, Yevropadan farqli oʻlaroq, faqat gʻolibga ""Oltin qoʻlqop"" beriladi, kumush va bronza medal berilmaydi — bu professional boksga oʻxshaydi. 2016-yilda bosh himoya qurilmasi koʻproq bosh chayqalishga sabab boʻlgani uchun erkaklar musobaqasidan olib tashlangan, ayollar musobaqasiga esa taʼsir qilmagan. 1990-yillarda bir qator postsovet professional bokschilari qayta havaskor boksga qaytgan, 2016-yildan esa professionallarga Olimpiadada qatnashishga ruxsat berilgan."
"Qal’a 1733-yilda Chillon davlat qamoqxonasiga aylantirilgunga qadar Bern pristavining qarorgohi boʻlib xizmat qildi . 1798-yilda fransuz tilida soʻzlashadigan Vaud kantoni, nemis tilida soʻzlashadigan Bern hukumatini tarqatib yuborib, Leman respublikasini tuzilganligini eʼlon qildi. Vaudois fransuz qoʻshinlaridan Shveysariya avtonomiyasini saqlab qolish uchun yordam soʻradi. Fransuzlar qal’ani egallab olganlarida, Chillon qal’asi oʻq-dorilar va qurol-yarogʻ ombori sifatida xizmat qilgan . XVII asrning oxiridan boshlab, qal’a butun dunyo boʻylab yozuvchilar va shoirlarni, jumladan Jean-Jacques Rousseau, Victor Hugo, Aleksandr Dyuma, Gustav Flober, Meri Shelli va Lord Bayronni oʻziga jalb qildi. 1939-yilga kelib, qal’aga uning sayyohlik maskaniga aylangan Montreuxga yaqinligi tufayli yiliga 100,000 dan ortiq sayyohlar tashrif buyurdi. 2005-yilga kelib, bu raqam 300 mingga yetdi.","Qal'a 1733-yilgacha Bern pristavining qarorgohi, keyin davlat qamoqxonasiga aylangan. 1798-yilda Vaud kantoni mustaqillik eʼlon qilgach, fransuz qoʻshinlari qal'ani egallab, uni qurol-yarogʻ ombori sifatida ishlatgan. XVII asr oxiridan qal'a Russo, Gyugo, Dyuma, Flober va Bayron kabi yozuvchilarni oʻziga jalb qilgan. 1939-yilga kelib yiliga 100 ming, 2005-yilga kelib esa 300 ming sayyoh tashrif buyurgan."
"Qirg‘izistonlik tadbirkorlar Moskva va Tambov oblastlaridagi Wildberries logistika majmualariga dronlar hujumi oqibatida zarar ko‘rdi. Bu haqda Qirg‘iziston iqtisodiyot va tijorat vaziri Bakit Sidiqovning Qirg‘izistondagi Wildberries vakili bilan uchrashuvi yakunlari bo‘yicha ma’lum qilindi. Vazirlikning bildirishicha, tikuvchilik sohasida faoliyat yurituvchi tadbirkorlarning mahsulotlari kompaniyaning Elektrostal va Kotovsk shaharlaridagi omborlarida saqlanayotgan bo‘lgan. Wildberries vazirlikka zarar hajmini baholash ishlari olib borilayotgani, ombor infratuzilmasiga yetgan zarar aniqlanayotgani va omborlardagi mahsulotlar inventarizatsiya qilinayotganini ma’lum qilgan. Baholash ishlari va olingan ma’lumotlarni tahlil qilish yakunlanganidan so‘ng vazirlik oqibatlarni bartaraf etish bo‘yicha qo‘shma yechimlarni ishlab chiqish maqsadida kompaniya vakillari bilan yana bir bor uchrashishni rejalashtirmoqda. «Mahalliy tadbirkorlarga yetkazilgan dastlabki zarar hajmini aniqlash maqsadida Qirg‘iz Respublikasi Iqtisodiyot va tijorat vazirligi tomonidan tikuvchilik sohasi sub’yektlari o‘rtasida so‘rovnoma orqali ma’lumot to‘plandi», - deyiladi vazirlik bayonotida.","Қирғизистонлик тадбиркорлар Москва ва Тамбов вилоятларидаги Wildberries омборларига дрон ҳужуми туфайли зарар кўрди. Бу ҳақда Қирғизистон иқтисодиёт вазирлиги маълум қилди. Тикувчилик соҳасидаги тадбиркорларнинг маҳсулотлари Электросталь ва Котовск шаҳарларидаги омборларда сақланган. Wildberries зарар ҳажмини баҳолаш ва инвентаризация ишлари олиб борилаётганини маълум қилди. Натижалар чиққандан сўнг вазирлик компания билан яна учрашиб, оқибатларни бартараф этиш йўлларини муҳокама қилади."
"Bu mexanizmga ko‘ra, eski mashinalar egalaridan bozor narxida sotib olinadi va mashina egasiga ikki xil tanlov imkoniyati beriladi: u yo mashinasining pulini naqd shaklda olishi, yoki yangi mashina uchun boshlang‘ich to‘lov o‘rniga o‘tadigan vaucherni tanlashi mumkin. Ikkinchi variant ancha jozibador ko‘rsatilyapti: bunda yangi mashina narxidan vaucher qiymati chegirib tashlanib, qolgan summani 7 yilgacha muddatga mutlaqo foizsiz, bo‘lib-bo‘lib to‘lash imkoniyati yaratilishi mumkin. Misol uchun, 5 mln so‘mlik “Moskvich” egasi 165 mln so‘mlik yangi Cobalt'ning boshlang‘ich to‘lovdan qolgan 160 mln so‘mini 7 yil davomida oyiga 1,9 mln so‘mdan, ya’ni foizsiz to‘lab borishi mumkin. Albatta, bu hali loyiha. Respublika bo‘ylab ming-minglab eski mashinalar borligini inobatga olsak, masalaning moliyaviy jihatlari savol ostida qoladi.","Механизмга кўра, эски машиналар бозор нархида сотиб олинади, эгасига эса пулни нақд олиш ёки янги машина учун бошланғич тўлов ўрнига ваучер танлаш имконияти берилади. Ваучер танланса, қолган сумма 7 йилгача фоизсиз бўлиб-бўлиб тўланади. Масалан, 5 млн сўмлик эски машина эгаси 165 млн сўмлик янги машинанинг қолган 160 млн сўмини ойига 1,9 млн сўмдан тўлаши мумкин. Бу ҳали лойиҳа бўлиб, молиявий жиҳатлари ҳали аниқ эмас."
"Shuningdek, vazirlik Qoraqalpog‘iston Respublikasi Vazirlar Kengashi va viloyatlar hokimliklari, Turizm qo‘mitasi, “O‘zbekbaliqsanoat” uyushmasi bilan birgalikda daryolar, soylar, ko‘llar, buloqlar va sharsharalarda o‘rnatilgan peshlavhalar hamda axborot ko‘rsatkichlaridagi yozuvlarning davlat tili qoidalari va me’yorlariga muvofiq lotin yozuviga asoslangan o‘zbek alifbosida yozilishini ta’minlaydi. Mavzuga oid 13:43 / 04.08.2020 To‘lqinlar uchrashganda: yondosh, lekin qo‘shilmaydigan suv havzalari (fotogalereya) 22:07 / 17.01.2018 BMT: Yer yuzida ichki chuchuk suv havzalarining 70 foizi yo‘q bo‘lib ketgan 20:59 / 31.08.2017 Yoz mavsumida Toshkent viloyatidagi suv havzalari va daryolarda 40 dan ko‘proq odam cho‘kib ketdi 20:50 / 01.03.2017","Вазирлик Қорақалпоғистон ва вилоят ҳокимликлари, туризм қўмитаси ва «Ўзбекбалиқсаноат» билан биргаликда дарё, кўл, булоқ ва шаршараларда ўрнатилган пешлавҳалардаги ёзувларни давлат тили қоидаларига мос лотин ёзувида бўлишини таъминламоқда."
"Bu mablag‘ – yil davomida bog‘chalar qurish uchun davlat budjetidan ajratiladigan mablag‘dan ikki karra ko‘p. Boz ustiga, aylanmadan olinadigan soliq tushumlari mutanosib ravishda o‘smayapti, ro‘yxatdan o‘tkazilayotgan cheklarning salmoqli qismi shundog‘am rasmiy sektorda ishlayotgan korxonalarga taalluqli bo‘lib qolyapti. Masalan, may oyida top-10 ta savdo brendidan olingan cheklar bo‘yicha aholiga qariyb 16 mlrd so‘m keshbek to‘langan. Xullas, vazirlik huzuridagi institutning aytishicha, 2022 yil 1 yanvardan beri amal qilib kelayotgan keshbek tartibini baribir qachondir to‘xtatish kerak, chunki xarajatlar yildan yilga oshib boraveradi. Tashabbuskorlar keshbek o‘rniga davlat lotereyasini joriy qilishni taklif etyapti. Bunda odamlar faqatgina soliq xavfi yuqori bo‘lgan sohalar: kafe-restoranlar, kichik do‘konlar va boshqalar bergan cheklarni ro‘yxatdan o‘tkazadi va lotereyada qatnashish imkoniyatini qo‘lga kiritadi.","Кешбек учун йил давомида кетаётган маблағ боғчалар қуриш учун ажратиладиган бюджетдан икки баробар кўп. Аммо солиқ тушумлари унча ошмаяпти. Май ойида фақат топ-10 брендлардан 16 млрд сўм кешбек тўланган. Шу сабабли вазирлик ҳузуридаги институт кешбек тартибини тугатиб, ўрнига давлат лотереясини жорий қилишни таклиф қилмоқда — бунда фақат солиқ хавфи юқори соҳалардаги (кафе, кичик дўконлар) чеклар лотереяда иштирок этади."
"“Och qolmaslik uchun vayner bo‘ldik” – “Turtki” podkastida bir dard birlashtirgan uchlik Fotima Nazarova, Shahzoda Albayeva va Komila Murodovani nafaqat vaynlar, balki og‘ir hayot sinovlari ham birlashtirgan. Biri sahnada tan olinmagan, biri to‘rt nafar farzandini katta qilish uchun kurashgan, yana biri bolalikdagi bullinglar sabab aktrisalik orzusiga yetishishni maqsad qilgan. Ular qiyinchiliklarni yumorga aylantirib, ijtimoiy tarmoqlarda o‘z auditoriyasini topdi. Ammo daromadga muhtoj bo‘lsa ham, dori, klinika va ishonchsiz qurilishlar reklamasidan voz kechishini aytmoqda. Kun.uz xalq orasida o‘z auditoriyasiga ega bo‘layotgan uchlik Sohiba qalpoq, Komilalolo va Shahzoda Zarifjonovna taxallusi bilan faoliyat yuritayotgan vaynerlar bilan suhbatlashdi. ""Uch qismat – bir dard!"" Dard! Ko‘zyoshlar va yashab qolish uchun kurash!","«Турtки» подкастида уч ваннер — Фотима Назарова, Шаҳзода Албаева ва Комила Муродова оғир ҳаёт синовлари ва улардан кулгига айлантириб чиқиш ҳақида гаплашди. Улар даромадга муҳтож бўлса ҳам, дори, клиника ва ишончсиз қурилиш рекламасидан воз кечишларини айтди."
"Qolaversa, ekologiyani o‘ylagan holda avtoparkni yangilash haqida gap ketayotgan ekan, elektromobillar importi uchun utilizatsiya yig‘imi va bojlarni bekor qilish masalasi ham ko‘rib chiqilsa, nur ustiga a’lo nur bo‘lardi. “O‘zbeklarni oilasi bilan Belarusga taklif qilamiz” O‘zbekiston o‘ziga yaqin hamkor davlatlar bilan aloqalarni institutsional tarzda yangi bosqichda olib chiqishda davom etmoqda. O‘tgan hafta Gruziya bilan strategik sheriklik munosabatlari o‘rnatilgan bo‘lsa, joriy hafta Belarus bilan ham o‘zaro munosabatlar strategik sheriklik darajasiga olib chiqildi. Prezident Shavkat Mirziyoyevning Minskka tashrifi davomida ikki o‘rtada 15 dan ortiq kelishuv imzolandi. Belarus prezidenti Aleksandr Lukashenkoning aytishicha, kelishuvlar orasida o‘zbekistonliklarning Belarusda vaqtincha mehnat faoliyatini amalga oshirishini tashkil etish to‘g‘risidagi hukumatlararo bitim alohida ahamiyatga ega. “Biz o‘zbeklarning oilasi bilan Belarusga kelib, shu yerda yashashini istaymiz.","Ўзбекистон Гружия билан стратегик шериклик ўрнатгандан сўнг, шу ҳафта Беларус билан ҳам муносабатларни шу даражага кўтарди. Президент Мирзиёевнинг Минскка ташрифи давомида 15 дан ортиқ келишув имзоланди, шулар орасида ўзбекистонликларнинг Беларусда вақтинчалик меҳнат қилиши тўғрисидаги битим алоҳида аҳамиятга эга. Лукашенко ўзбекларни оилалари билан Беларусга таклиф қилди."
"O‘zbekistonda ish joyidagi baxtsiz hodisalar oqibatida olti oyda 140 nafarga yaqin inson vafot etdi O‘tgan olti oy davomida 447ta baxtsiz hodisa sodir bo‘lgan. Eng ko‘p baxtsiz hodisalar sanoat (144 ta) va qurilish (127 ta) sohalarida yuz bergan. Davlat mehnat inspeksiyasi 2026 yilning 1-yarim yilida mehnat faoliyati bilan bog‘liq baxtsiz hodisalar statistikasini e’lon qildi. Qayd etilishicha, o‘tgan olti oy davomida 447ta baxtsiz hodisa sodir bo‘lgan. Ularning 21 tasi guruhiy, 311 tasi og‘ir oqibatli, 113 tasi esa o‘lim bilan yakunlangan. Baxtsiz hodisalar oqibatida 494 nafar fuqaro jabrlangan bo‘lib, ulardan 337 nafari og‘ir, 20 nafari yengil tan jarohati olgan, 137 nafari esa halok bo‘lgan.","Давлат меҳнат инспекцияси маълумотига кўра, 2026 йилнинг биринчи ярмида ишда 447 та бахтсиз ҳодиса содир бўлган: 21 таси гуруҳий, 311 таси оғир, 113 таси ўлим билан якунланган. Жами 494 киши жабрланган, шулардан 137 таси ҳалок бўлган, 337 таси оғир жароҳат олган."
"Lekin o‘sha hech kim bo‘lmagan paytimda ham Foti-Foti, Fotima deb qo‘llaganlar bor, san’atkorlar ichida.” – deya qadrsizlantirganlardan ranjiganini berkitmadi qahramonimiz. “Kontent fikrlarni o‘zgartirishi mumkin” Oila va turmushdagi ba’zi muammolar sabab, 4 nafar egizak farzandlarni katta qilish uchun yanada kurashishga bel bog‘lagan Shahzoda Albayevaning Instagram sahifasidagi kontentlar asosan xotin-qizlarga motivatsiya berishga qaratilgan. Shahzodaning kuzatuvchilari asosan 20-35 yosh oralig‘idagi ekan. Va biz suhbatdoshimizga sahifangizga joylayotgan kontentlarni saralaysizmi, hech o‘ylaganmisiz, kimgadir ta’sir qilib qo‘ymadimmi, misol uchun kimningdir hayotini o‘zgartirib yubormayapmanmi deb xavotir bo‘ladimi deb savol berdik. “O‘ylaganman, chunki juda ko‘p odamni boshqa taraflama, yomon tarafga ham burib yuborishi mumkin kontentimiz. Fikrini o‘zgartirishi mumkin-da.","Шаҳзода Албаева тўрт фарзандини катта қилиш учун курашиб, Instagram орқали хотин-қизларга мотивация берувчи контент яратмоқда. У контентининг таъсирини ўйлашини ва баъзан одамларнинг фикрини ўзгартириши мумкинлигини тан олди."
"Bunday lotereya uchun yiliga 100 mlrd so‘mgacha mablag‘ ajratilishi mumkin. Darvoqe, 1 foizlik universal keshbekni to‘xtatish bilan birga, ijtimoiy reyestrga kiritilgan shaxslar uchun ayrim oziq-ovqat mahsulotlari xarididagi 12 foizlik QQSni qaytarib berish davom etishi va’da qilinmoqda. Eslatib o‘tamiz, avvalroq qabul qilingan prezident qarori bilan, kuniga o‘n ming qadam piyoda yurgan vatandoshlarni moddiy rag‘batlantirish tartibini joriy yil 1 maydan e’tiboran boshqacharoq shaklda tiklash vazifasi qo‘yilgan edi. Bu vazifa ijrosi mana ikki oydirki, kechikyapti. Eski mashinani yangilashga rag‘bat Ishlab chiqarilganiga 30 yildan oshgan avtomobillar egalaridan har yili ekologik kompenatsiya undirish g‘oyasidan voz kechildi. Chiqindilarni boshqarish agentligining ma’lum qilishicha, bu loyihaning jamoatchilik muhokamasi davomida aholidan kelib tushgan ko‘plab e’tirozlar inobatga olingan va endi boshqacharoq mexanizm ko‘rib chiqilyapti.","Бундай лотерея учун йилига 100 млрд сўмгача маблағ ажратилиши мумкин. Универсал кешбек тўхтатилса-да, ижтимоий рўйхатдаги шахслар учун баъзи озиқ-овқат маҳсулотлари бўйича 12 фоизлик ҚҚС қайтарилиши давом этади. Шунингдек, 30 йилдан ошган автомобиллар эгаларидан экологик компенсация олиш ғояси, жамоатчилик эътирозларидан сўнг бекор қилинди."
"Visual Capitalist tomonidan Xalqaro valyuta jamg‘armasi prognozlari asosida tayyorlangan reytingda davlat qarzi eng yuqori bo‘lishi kutilgan 30 ta mamlakat ikki mezon - qarzning umumiy hajmi va uning yalpi ichki mahsulot (YaIM)ga nisbati bo‘yicha taqqoslangan. Prognozlarga ko‘ra, 2026 yilda AQSh davlat qarzi 40,7 trillion dollarga yetadi. Bu ko‘rsatkich Xitoy, Yaponiya, Buyuk Britaniya va Fransiya davlat qarzlarining jami hajmidan ham yuqori bo‘lib, AQShni ushbu yo‘nalishda mutlaq yetakchiga aylantiradi. Shu bilan birga, davlat qarzi iqtisodiyot hajmiga nisbatan baholanganda manzara boshqacha ko‘rinadi. AQShda davlat qarzi YaIMning taxminan 126 foizini tashkil etishi kutilmoqda. Bu ko‘rsatkich Yaponiya, Singapur, Italiya va Gretsiyanikidan past. Yaponiya davlat qarzining YaIMga nisbati bo‘yicha dunyoda birinchi o‘rinni egallashi prognoz qilingan.","Visual Capitalist рейтингига кўра, 2026 йилда АҚШнинг давлат қарзи 40,7 трлн долларга етади — бу Хитой, Япония, Буюк Британия ва Франциянинг умумий қарзидан ҳам кўп. Аммо ЯИМга нисбатан АҚШ қарзи (тахминан 126 фоиз) Япония, Сингапур, Италия ва Грециядан паст — Япония бу кўрсаткич бўйича дунёда биринчи ўринда бўлиши кутилмоқда."
"Oldingi hisobot haftasida esa bu ko‘rsatkich 2,3 foizni tashkil etgan. Dizel yonilg‘isi narxi esa 1,9 foizga qimmatlashgan. Bir hafta avval o‘sish 3,2 foiz bo‘lgan. Ukraina hujumlari yoqilg‘i inqirozini kuchaytirdi 2026 yil yozida Ukraina tomonidan Rossiyaning neft omborlari va neftni qayta ishlash zavodlariga uyushtirilgan hujumlar kuchayishi ortidan mamlakatda to‘liq masshtabli urush boshlanganidan buyon eng jiddiy yonilg‘i tanqisligi yuzaga keldi. Reuters agentligi bahosiga ko‘ra, ukrain dronlari zarbalari natijasida Rossiyaning neftni qayta ishlash quvvatlarining taxminan 25 foizi to‘liq yoki qisman ishdan chiqqan. Bu holat ayrim hududlarda yonilg‘i sotuviga cheklovlar joriy etilishiga olib kelgan. Shu bilan birga, Rossiya rasmiylari bozordagi vaziyat asta-sekin barqarorlashayotganini ta’kidlamoqda.","Дизель ёнилғиси нархи 1,9 фоизга қимматлашди, олдинги ҳафтада эса ўсиш 3,2 фоиз бўлган. Украинанинг Россия нефть заводларига ҳужумлари кучайиши натижасида мамлакатда жиддий ёнилғи тақчиллиги юзага келди — Reuters маълумотига кўра, Россиянинг қайта ишлаш қувватининг тахминан 25 фоизи ишдан чиққан, бу баъзи ҳудудларда ёнилғи сотувига чекловларга олиб келди."
"Samolyot parvoz davomida Keniyaning Nayrobi, Kongoning Brazzavil, Nigeriyaning Lagos shaharlariga qo‘nib o‘tishi lozim edi. O‘sha kuni Boeing-767ʼda 163 nafar yo‘lovchi va 12 nafar ekipaj a’zosi bor edi. Ekipaj komandiri 42 yoshli tajribali uchuvchi Leul Abete bo‘lib, u o‘shangacha 11 ming soatdan ortiq parvoz qilgandi. Samolyot parvozni boshlaganidan 20 daqiqa o‘tib, yo‘lovchilardan biri o‘rnidan turadi va uchuvchilar kabinasi tomon yuradi. Unga yana ikki nafar yo‘lovchi qo‘shiladi. Birinchi bo‘lib o‘rnidan turgan odam uchuvchilar kabinasiga yetmasdan ortga o‘giriladi va yo‘lovchilarga qarata “Hech kim o‘rnidan turmasin. Aks holda qo‘limdagi bombani portlataman”, deb baqiradi. So‘ng o‘sha uch kishi uchuvchilar kabinasiga kiradi va ovozkuchaytirgich orqali samolyot qo‘lga olinganini aytib, yo‘lovchilardan tinch o‘tirishni talab qiladi.","Samolyot Nayrobi, Brazzavil va Lagos orqali uchishi kerak edi. Boeing-767'da 163 yo'lovchi va 12 ekipaj a'zosi bor edi. Uchuvchi — 42 yoshli tajribali Leul Abete edi. Parvozdan 20 daqiqa o'tgach, uchta yo'lovchi o'rnidan turib uchuvchilar kabinasi tomon yuradi. Ulardan biri baqirib, bomba borligini aytadi va tinch o'tirishni talab qiladi. So'ng ular kabinaga kirib, samolyot qo'lga olinganini e'lon qiladi."
"Natijada, chuqurroq tahlilni xohlagan odamlarda yakuniy versiya haqida shunchaki sub’yektiv ravishda “yoqdi” yoki “yoqmadi” deyishdan boshqa iloj qolmagandek, nazarimizda. Keshbek – bekormi? Oxirgi 5,5 yildan beri ko‘pchilikning kichik odatiga aylanib ulgurgan soliq keshbekining umri tugaganga o‘xshayapti. Ma’lum bo‘lishicha, hukumatda bu tartibni bekor qilish masalasi ko‘rib chiqilyapti. Iqtisodiyot va moliya vazirligi huzuridagi Yashirin iqtisodiyot ulushini qisqartirish institutining fikricha, xarid chekidagi QR-kodni Soliq ilovasida ro‘yxatdan o‘tkazgan shaxslarga 1 foiz keshbek qaytarish amaliyoti o‘z vazifasini bajarib bo‘lgan – odamlarda chek talab qilish madaniyati, sotuvchilarda esa xaridlar uchun albatta chek chiqarish ko‘nikmasi shakllangan. Lekin endi, bu mexanizmning samarasi yildan yilga pasayib borayotgani aytilyapti. Rasmiylarga ko‘ra, keshbek xarajatlari joriy yilda 1,8 trillion so‘mga yetishi mumkin.","Keshbek — bekor qilinishimi? So'nggi 5,5 yildan beri odatga aylangan soliq keshbekining umri tugayotganga o'xshaydi. Hukumatda uni bekor qilish masalasi ko'rib chiqilmoqda. Mutaxassislarning fikricha, chekdagi QR-kodni ro'yxatdan o'tkazganlarga 1 foiz keshbek qaytarish o'z vazifasini bajarib bo'lgan — endi odamlarda chek talab qilish odati shakllangan, lekin mexanizmning samarasi kamayib bormoqda. Rasmiylarga ko'ra, keshbek xarajatlari bu yil 1,8 trillion so'mga yetishi mumkin."
"O‘zgarishlar kuchga kirishi uchun, endi qonunni Senat ma’qullashi, keyin prezident imzolashi kerak bo‘ladi. Qonun yakuniy tarzda qabul qilinganidan keyin uni bosqichma-bosqich amalga oshirish bo‘yicha hukumat qarori asosida alohida chora-tadbirlar belgilanadi. Hujjatlar, banknotlar, logotiplar, peshlavhalar, ko‘rsatkichlar va boshqa atributlarni darhol yangilash talab etilmaydi, ya’ni muayyan o‘tish davrini joriy etish orqali yuzaga keladigan xarajatlarni imkon qadar kamaytirishga harakat qilinadi. Munozaralar va loqayd taqdimot Alifbo o‘zgarishi, tabiiyki, xalq orasida qizg‘in muhokamalarni keltirib chiqardi. Bu jarayonda faol fikr bildirayotgan vatandoshlarni shartli ravishda uch guruhga bo‘lish mumkin. Birinchi guruh – qonunni yoqlovchilar. Ular “uzoq yil kutilgan islohot nihoyat amalga oshayotgani”ni aytyapti va endi rasmiylar oxirigacha siyosiy iroda ko‘rsatishidan umid qilyapti.","O'zgarish kuchga kirishi uchun qonunni Senat ma'qullashi va prezident imzolashi kerak. Qonun bosqichma-bosqich amalga oshiriladi, hujjat va yozuvlarni darhol yangilash talab etilmaydi. Alifbo o'zgarishi jamiyatda qizg'in muhokama qo'zg'atdi. Birinchi guruh — qonunni qo'llovchilar, ular islohot nihoyat amalga oshayotganidan xursand va rasmiylarning oxirigacha borishini kutmoqda."
"Angliya-Norvegiya bahsi boshlanish vaqti kechiktirilishi mumkin Futbol uchrashuvi boshlanadigan vaqt - soat 17:00da (Toshkent vaqti bilan 02:00) harorat 29-32 darajaga, haroratni his qilish esa 44 darajagacha yetishi kutilmoqda. Futbol bo‘yicha jahon chempionati chorak finali doirasida bo‘lib o‘tishi kutilayotgan Angliya va Norvegiya milliy jamoalari o‘rtasidagi uchrashuv vaqti harorat keskin ko‘tarilishi sababli o‘zgarishi mumkin, deb yozmoqda Daily Mail. Nashr xabariga ko‘ra, Janubiy Floridada issiqlik to‘lqini paydo bo‘lishi xavfi juda yuqori bo‘lib, futbol uchrashuvi boshlanadigan vaqt - soat 17:00da (Toshkent vaqti bilan 02:00) harorat 29-32 darajaga, haroratni his qilish esa 44 darajagacha yetishi mumkin. Mayami shahrining X ijtimoiy tarmog‘idagi akkaunti aholini «ko‘proq suv ichish, yengil kiyinish va ochiq havoda kamroq harakatlanish»ga chaqirdi. “Yuqori harorat va namlik jazirama bilan bog‘liq kasalliklar xavfini oshirishi mumkin.","Angliya-Norvegiya o'yini boshlanishi kechiktirilishi mumkin. Jahon chempionati chorak finalidagi bu o'yin soat 17:00 da (Toshkent vaqti bilan 02:00) boshlanishi rejalashtirilgan, ammo Janubiy Floridada harorat 29-32 darajaga, his qilinadigan harorat esa 44 darajagacha yetishi kutilmoqda, deb yozadi Daily Mail. Mayami shahar hokimiyati aholini ko'proq suv ichish va yengil kiyinishga chaqirdi, chunki yuqori harorat kasallik xavfini oshirishi mumkin."
"Bu paytda vahimaga tushgan qaroqchilar uchuvchilar kabinasini tark etgan va salonda qutqaruv nimchasini qidirishga tushgandi. O‘shanda samolyot suvga bir tekis tushganda balki talafot uncha katta bo‘lmas va hech kimga hech narsa qilmasdi. Ammo baxtga qarshi suvga avval samolyotning chap qanoti tegadi va uning bo‘laklanib ketishiga sabab bo‘ladi. Boeing-767ʼning bo‘laklari bir zumda suv ostiga cho‘ka boshlaydi. O‘shanda xavfsizlik kamarini yechishga ulgurgan ozroq yo‘lovchilar tirik qoladi. Boshqalar cho‘kib ketadi. Ma’lumotlarga ko‘ra o‘sha kuni samolyot bortida bo‘lgan 175 kishidan 125 nafari halok bo‘ladi, 50 kishi tirik qoladi. Ekipajning olti nafar a’zolari va uch nafar qaroqchi ham halok bo‘lganlar orasida edi. Boeing-767 Komor orollari tarkibiga kiruvchi oroldan 500 metr uzoqlikka qulab tushgandi.","Vahimaga tushgan qaroqchilar kabinani tashlab, salonda qutqaruv nimchasi qidira boshlaydi. Samolyot avval chap qanoti bilan suvga tegib bo'laklanib ketadi va tez cho'ka boshlaydi. Xavfsizlik kamarini yechishga ulgurgan yo'lovchilargina tirik qoladi. Bortdagi 175 kishidan 125 nafari halok bo'ladi, 50 kishi tirik qoladi — halok bo'lganlar orasida oltita ekipaj a'zosi va uchta qaroqchi ham bor edi. Samolyot Komor orollaridan 500 metr uzoqlikda qulagan."
"Biroq ular rad etishadi. O‘sha paytda qaroqchilar uchuvchilar kabinasida turgan jurnaldan Boeing-767 samolyotlari yoqilg‘i sig‘imi to‘la bo‘lgan holda 11 soat uchishi mumkinligini biladi. So‘ng o‘z talablarida qat’iy turib olishadi. Ekipaj komandiri ularga samolyot jurnalida yozilgan ma’lumotlar bilan haqiqiy holat o‘rtasida tafovut bo‘lishini tushuntirishga urinadi. Biroq bu naf bermaydi. Shundan so‘ng uchuvchi Addis-Abeba havo transporti boshqarmasiga samolyotni qaroqchilar egallab olgani va Avstraliyaga uchish talabi qo‘yilgani haqida xabar yuboradi. Boshqarmadagilar yo‘lovchilar ro‘yxatini tekshirib samolyotni egallab olgan uch shaxs kimligini aniqlashadi. Ularning ikki nafari endigina maktabni bitirgan ishsiz yosh yigitlar, biri esa shifoxonada sanitar xodim vazifasida ishlab kelgan shaxs bo‘lib chiqadi. Bu orada ekipaj komandiri dispetcherlarga samolyotning balandligi va sig‘imdagi yoqilg‘i haqida ma’lumot beradi.","Qaroqchilar samolyot jurnalidan Boeing-767 to'liq yoqilg'i bilan 11 soat ucha olishini bilib, o'z talablarida qat'iy turadi. Uchuvchi jurnaldagi ma'lumot bilan haqiqiy holat farqli ekanini tushuntirishga urinadi, ammo naf bermaydi. U Addis-Abeba boshqarmasiga samolyot egallanganini xabar qiladi. Boshqarma yo'lovchilar ro'yxatidan uch qaroqchini aniqlaydi — ikkitasi ishsiz yosh yigit, biri sanitar xodim bo'lib chiqadi."
"Samolyotning qulab tushganini ko‘rgan orol aholisi darhol qayiqlar bilan halokat sodir bo‘lgan joyga yetib boradi va tirik qolganlarni qutqaradi. Jarohatlanganlarga orolda bo‘lib turgan fransiyalik shifokorlar tibbiy yordam ko‘rsatishadi. O‘sha paytda orolda fransiyalik sayyohlar ham bo‘lgan, ularning biri samolyot qulashini tasvirga olgan. Keyinchalik o‘tkazilgan surishtiruvlar xulosasida samolyotning qulab tushishiga yoqilg‘i tugagani sabab bo‘lgani aytiladi. Uch nafar yigitning nega samolyotni egallab olgani sabablari noma’lumligicha qoladi.","Samolyot qulaganini ko'rgan orol aholisi qayiqlarda darhol yordamga yetib, tirik qolganlarni qutqargan. Orolda bo'lgan fransuz shifokorlar jarohatlanganlarga tibbiy yordam ko'rsatgan, fransuz sayyohlardan biri esa halokatni videoga olgan. Surishtiruv natijasida samolyot yoqilg'i tugagani sababli qulagani aniqlangan, ammo uch yigitning nega samolyotni egallagani noma'lum bo'lib qolgan."
"Hindistonning o‘ndan ortiq shaharlari esa 17,3-18,8 ball bilan eng arzon shaharlar sifatida qayd etilgan. Reytingni tuzishda Nyu-Yorkdagi yashash qiymati olingan bo‘lib, unga 100 ball berilgan. Undan yuqori har bir ball yashash narxining bir foizga qimmatligini, har bir past ball esa arzonligini bildiradi. Misol uchun, Tsyurixda yashash narxi Nyu-Yorkdagidan 23,4 foizga qimmat, Toshkentda esa 68,6 foizga arzon. Mazkur indeksni tuzishda uy-joy ijarasi, oziq-ovqat, restoranlar, xarid qilish salohiyati kabilar hisobga olingan. Mavzuga oid 08:40 / 09.07.2026 JSST Markaziy Osiyoni jazirama xavfidan ogohlantirdi 18:06 / 08.07.2026 Yevropa va Markaziy Osiyoda jazirama issiqning yangi to‘lqinlari kutilmoqda - JSST 12:11 / 06.07.2026 O‘zbekistonda birinchi Xalqaro islom forumi boshlanmoqda 19:35 / 05.07.2026","Hindistonning o'nlab shahri 17,3–18,8 ball bilan eng arzon shaharlar hisoblanadi. Reytingda Nyu-York 100 ball qabul qilingan: undan yuqori ball qimmatlikni, past ball arzonlikni bildiradi. Masalan, Tsyurixda yashash Nyu-Yorkdan 23,4 foiz qimmat, Toshkentda esa 68,6 foiz arzon. Indeks uy-joy ijarasi, oziq-ovqat va boshqa xarajatlarni hisobga oladi."
"O‘qishni ko‘chirish bo‘yicha turdosh bakalavriat yo‘nalishlari ro‘yxati tasdiqlandi Yo‘nalishlar jami 34 ta turdosh guruhlarga ajratildi. 2026/2027-o‘quv yili uchun talabalar o‘qishini ko‘chirish (ko‘chirib tiklash) bo‘yicha turdosh bakalavriat yo‘nalishlari ro‘yxati tasdiqlandi. Yo‘nalishlar jami 34 ta turdosh guruhlarga ajratildi. Ma’lumot uchun, ko‘chirish yoki qayta tiklashga ariza topshirganlarning ilgari ta’lim olgan yo‘nalishlari (mutaxassisliklari) amaldagi klassifikatorga muvofiqlashtirgan holda inobatga olinadi. Avvalroq xorijiy va nodavlat oliy ta’lim tashkilotlaridan o‘qishni ko‘chirish bo‘yicha maxsus sinovlar uchun ta’lim sohalari va yo‘nalishlari kesimida o‘tish ballari tasdiqlangandi. Mavzuga oid 09:36 / 09.07.2026 O‘qishni ko‘chirish: yo‘nalishlar kesimida o‘tish ballari tasdiqlandi 13:01 / 09.01.2026 Davlat stipendiyalarini tayinlash tartibiga o‘zgartirishlar kiritildi 15:20 / 29.12.2025 Tibbiyot xodimlari farzandlariga kontraktning 30 foiz qismi qoplab beriladi 23:49 / 25.07.2025",2026/2027-o'quv yili uchun talabalar o'qishini boshqa yo'nalishga ko'chirish bo'yicha turdosh bakalavriat yo'nalishlari ro'yxati tasdiqlandi — jami 34 ta guruhga ajratilgan. Ko'chirishda talabaning ilgari o'qigan yo'nalishi amaldagi klassifikatorga moslashtiriladi.
"Ammo yana VAR vaziyatga aralashdi va penalti bekor qilindi: bu vaziyatda inglizlar himoyachisi qasddan penalti ishlash uchun harakat qilgan deb topildi. Birinchi qo‘shimcha bo‘limdan keyin Solbakken Holandni o‘yindan olib tashladi, Erlingda o‘yinni davom ettirish uchun kuch qolmagani ko‘rinib turardi. O‘z yetakchisisiz qolgan norveglar esa qolgan daqiqalarda hech narsani o‘zgartira olmadi. Faqat Nyulandning bir hujumning o‘zida ikkita zarbani qaytarishi o‘yin oxirigacha intriga saqlanib turishini ta’minladi. Norvegiya jahon chempionatini mardonavor tark etdi, Angliya esa uzoq kutilgan chempionlik uchun yurishini davom ettiradi. Mavzuga oid 14:50 / 11.07.2026 JCh anonsi. Holand Keynga qarshi, Argentinada ilk jiddiy raqib 21:10 / 09.07.2026 Tungi futbol tomoshasi vazn ortishiga olib kelishi mumkin - tadqiqot 10:18 / 08.07.2026 JCh kundaligi. Messida rekord va antirekord, Shveytsariya kuchli sakkizlikda 17:30 / 07.07.2026","VAR yana aralashib, penaltini bekor qildi — inglizlar himoyachisi qasddan penalti ishlagani aniqlandi. Solbakken charchagan Holandni almashtirdi, norveglar yetakchisiz qolib hech narsani o'zgartira olmadi. Faqat darvozabon Nyulandning ikkita zarbani qaytarishi o'yin oxirigacha intriga saqladi. Norvegiya jahon chempionatini tark etdi, Angliya esa yurishni davom ettirmoqda."
"Angliya Norvegiyani turnirdan chiqarib yubordi Skandinavlarda qo‘shimcha bo‘limlarda kuch qolmadi. Norvegiya – Angliya 2:2 Gollar: Shelderup, 36 (1:0). Bellinhem, 45+2 (1:1). Bellinhem, 93 (1:2) Norvegiya: Nyulan, Ayyer, Heggem (Estigor, 91), Volfe (Pedersen, 90), Ryuerson (Eursnes, 60), Berge, Berg, Edegor, Shelderup (Bobb, 68), Syorlot (Nusa, 68), Holand (Strann Larsen, 106) Angliya: Pikford, Stouns, Geyi, O`Rayli (Spens, 86), Konsa (Rojyers, 89), Rays (Eze, 46), Anderson, Bellinhem (Byorn, 111), Gordon (Jyeyms, 71), Madueke (Saka, 46), Keyn Ogohlantirish: Ayyer, 117 Angliya va Norvegiya – bir biriga yaqin bo‘lgan mamlakatlar hisoblanadi. Geografik va madaniy tomondan ham, futbol borasida ham. Bunday bog‘liqlikni ko‘rish uchun skandinavlar jamoasi tarkibiga qarash yetarli, Angliyaga qarshi o‘yinda boshlang‘ich tarkibda tushgan 11 futbolchidan olti nafari, jumladan, jamoaning asosiy yulduzlari – Erling Holand va Martin Edegor APLda to‘p suradi.","Angliya Norvegiyani jahon chempionatidan chiqarib yubordi: hisob 2:2 bo'lgan, Bellinghem qo'shimcha vaqtda g'alaba golini urgan (gollar: Shelderup 36, Bellinghem 45+2 va 93). Angliya va Norvegiya jamoalarida bir-biriga yaqin futbolchilar ko'p — Norvegiya tarkibidagi oltita futbolchi Angliya chempionatida o'ynaydi, jumladan Holand va Edegor."
"Inklyuziv guruhlarga ega maktabgacha taʼlim tashkilotida guruhlar tegishincha quyidagi miqdorda toʻldiriladi: 1) uch yoshgacha boʻlgan bolalar uchun guruhlarda — koʻpi bilan yigirma besh nafar bola, shu jumladan rivojlanishida jismoniy yoki ruhiy nuqsonlari boʻlgan ikki yoshdan uch yoshgacha koʻpi bilan uch nafar bola""; 2) uch yoshdan katta bolalar uchun guruhlarda: koʻpi bilan yigirma besh nafar bola, shu jumladan rivojlanishida jismoniy yoki ruhiy nuqsonlari boʻlgan (yaxshi koʻra olmaydigan yoki yaxshi eshita olmaydigan yoki tayanch-harakat apparatida nuqsonlari boʻlgan) koʻpi bilan uch nafar bola; koʻpi bilan yigirma besh nafar bola, shu jumladan rivojlanishida jismoniy yoki ruhiy nuqsonlari boʻlgan (koʻrish ambliopiyasiga chalingan, koʻzi gʻilay yoki nutqida ogʻir nuqsonlari boʻlgan yoki autizmga chalingan) koʻpi bilan ikki nafar bola; koʻpi bilan yigirma besh nafar bola, shu jumladan nutqida ogʻir nuqsonlari boʻlgan koʻpi bilan uch nafar bola;"" koʻpi bilan yigirma besh nafar bola, shu jumladan ruhiy rivojlanishida kechikayotgan koʻpi bilan uch nafar bola.","Inklyuziv guruhlarda bolalar soni cheklangan: uch yoshgacha guruhda 25 tagacha bola, shundan nogironligi bor 2-3 tagacha; uch yoshdan katta guruhlarda ham 25 tagacha bola, nogironlar soni nuqson turiga qarab 2-3 tagacha belgilanadi."
"Koʻp tarmoqli ixtisoslashtirilgan maktabgacha taʼlim tashkilotida rivojlanishida jismoniy yoki ruhiy nuqsonlari boʻlgan bolalar uchun guruhlar tegishincha quyidagi miqdorda toʻldiriladi: nutqida ogʻir nuqsonlari boʻlgan bolalar uchun guruhlarda — koʻpi bilan oʻn ikki nafar bola""; kar bolalar uchun guruhlarda — koʻpi bilan oʻn nafar bola; yaxshi eshitmaydigan bolalar uchun guruhlarda — koʻpi bilan oʻn ikki nafar bola; koʻzi ojiz bolalar uchun guruhlarda — koʻpi bilan oʻn nafar bola; koʻzi yaxshi koʻrmaydigan bolalar uchun guruhlarda — koʻpi bilan oʻn ikki nafar bola; tayanch-harakat apparati buzilgan bolalar uchun guruhlarda — koʻpi bilan oʻn sakkiz nafar bola; gemiparez, monoparez, plegiya asoratlari boʻlgan bolalar uchun guruhlarda — koʻpi bilan oʻn ikki nafar bola; bolalar serebral falaji sindromi asoratlari boʻlgan bolalar uchun guruhlarda — koʻpi bilan oʻn nafar bola; yengil darajada aqli zaif boʻlgan aqliy nuqsonlari bor bolalar uchun guruhlarda — koʻpi bilan oʻn ikki nafar bola, oʻrtamiyona va oʻrtacha darajada aqli zaif boʻlgan aqliy nuqsonlari bor bolalar uchun guruhlarda — koʻpi bilan oʻn nafar bola; autizmga chalingan uch yoshdan katta bolalar uchun guruhlarda — koʻpi bilan oʻn nafar bola; aqliy rivojlanishi kechikayotgan uch yoshdan katta bolalar uchun guruhlarda — koʻpi bilan oʻn ikki nafar bola;"" murakkab nuqsonlari (ikki va undan ortiq nuqsoni) boʻlgan bolalar uchun guruhlarda — koʻpi bilan oʻn nafar bola.","Ixtisoslashtirilgan maktabgacha ta'lim tashkilotida nogironligi bo'lgan bolalar uchun guruhlar cheklangan: masalan, nutq nuqsoni bo'lganlar uchun 12 tagacha, kar bolalar uchun 10 tagacha, tayanch-harakat buzilishi bo'lganlar uchun 18 tagacha, autizmli bolalar uchun 10 tagacha bola qabul qilinadi."
"Shu bilan birga, so‘ralayotgan mablag‘ tarkibiga AQShning Yaqin Sharqdagi harbiy bazalarini tiklash xarajatlari kiritilmagan. Kongressda tanqidlar yangradi Pentagonning qo‘shimcha mablag‘ so‘rovi demokratlar ham, respublikachilar ham tomonidan tanqid qilindi. Demokrat senator Jinn Shahinning aytishicha, Mudofaa vazirligi ixtiyorida avval ajratilgan 75 milliard dollar mablag‘ hali ham mavjud. U Hegsetga: «Nima uchun avval ajratilgan va ishlatilmagan mablag‘larni qayta taqsimlash o‘rniga, amerikaliklardan qo‘shimcha urush xarajatlarini qoplash talab etilmoqda?», degan savol bilan murojaat qildi. Pit Hegset esa mazkur mablag‘lar allaqachon prezident Donald Tramp ma’muriyatining boshqa ustuvor dasturlariga yo‘naltirilganini bildirdi. Ular qatorida Golden Dome for America raketaga qarshi mudofaa tizimi, gipertovushli qurollarni ishlab chiqish hamda boshqa mudofaa loyihalari borligi aytildi.","So‘ralgan mablag‘ tarkibiga AQShning Yaqin Sharqdagi harbiy bazalarini tiklash xarajatlari kirmaydi. Pentagonning qo‘shimcha mablag‘ so‘rovini demokratlar ham, respublikachilar ham tanqid qildi. Senator Jinn Shahin Mudofaa vazirligida avval ajratilgan 75 milliard dollar hali ishlatilmaganini aytib, nega qo‘shimcha mablag‘ so‘ralayotganini so‘radi. Pit Hegset esa bu mablag‘lar allaqachon Tramp ma’muriyatining boshqa loyihalariga, jumladan Golden Dome raketaga qarshi tizimi va gipertovush qurollariga yo‘naltirilganini aytdi."
"Ronaldo va Roberto Karlos Braziliya klubini sotib olmoqda Futbolni biz o‘ynagan davrdagi darajaga qaytarishda yordam berishni istayman” Braziliya terma jamoasi safida jahon chempioni bo‘lgan Ronaldo va Roberto Karlos Braziliyaning uchinchi divizionida ishtirok etuvchi “Internasional Limeyra” klubini sotib olishni rejalashtirmoqda. “Men, Ronaldo, Enriko va yana ikki hamkorimiz “Internasional Limeyra”ni sotib olyapmiz. Viloyat klublari bilan yaqindan tanishishni, ularga homiylar topishda va mintaqaviy futbolni biz o‘ynagan davrdagi darajaga qaytarishda yordam berishni istayman”, — dedi Roberto Karlos Marca nashriga bergan intervyusida. 53 yoshli Roberto Karlos Braziliya bilan 2002-yilgi jahon chempioni hisoblanadi. Shuningdek, u ikki karra Amerika kubogi g‘olibi. Klub faoliyati davomida esa Madridning “Real” klubi safida uch marta UEFA Chempionlar ligasi, to‘rt marta Ispaniya chempionati va yana qator sovrinlarni qo‘lga kiritgan. 49 yoshli Ronaldo esa ikki karra jahon chempioni va ikki karra “Oltin to‘p” sohibi. U 2018–2025-yillar davomida Ispaniyaning “Valyadolid” klubining nazorat paketiga egalik qilgan.","Ronaldo va Roberto Karlos Braziliyaning uchinchi divizion klubi “Internasional Limeyra”ni sotib olmoqchi. Roberto Karlos Marca nashriga bergan intervyusida, ular klub orqali mintaqaviy futbolni rivojlantirishni istashini aytdi. 53 yoshli Roberto Karlos 2002-yilgi jahon chempioni va ikki karra Amerika kubogi g‘olibi, “Real Madrid” safida uch marta Chempionlar ligasini yutgan. 49 yoshli Ronaldo esa ikki karra jahon chempioni va ikki karra “Oltin to‘p” sohibi bo‘lib, 2018–2025-yillarda Ispaniyaning “Valyadolid” klubiga egalik qilgan."
"Eksportni qo‘llab-quvvatlash: milliy eksportchilarga taqdim etilgan sug‘urta himoyasi hajmi 2,3 mlrd dollarga yetdi va mamlakatning jami xomashyo bo‘lmagan eksportining 41 foizini qamrab oldi. Biznes rivojlanishi: yalpi sug‘urta mukofotlari yig‘imi o‘tgan yilning shu davriga nisbatan 132 foizga oshdi. Shu bilan birga, so‘nggi 9 yilda sug‘urta mukofotlarining umumiy hajmi 41 mlrd so‘mdan 935 mlrd so‘mgacha, ya’ni 22 barobardan ziyod o‘sdi. Korporativ portfel: korporativ segmentda 398 mlrd so‘m sug‘urta mukofotlari yig‘ildi, shundan 42 mlrd so‘mi investitsiya loyihalarini sug‘urtalash hissasiga to‘g‘ri keladi. Bozordagi mavqeyi: kompaniya majburiy sug‘urta bozorida 20 foizlik ulush bilan yetakchilik maqomini saqlab qolmoqda. Jismoniy shaxslar segmentida sug‘urta mukofotlari so‘nggi 9 yilda 4,9 mlrd so‘mdan 140 mlrd so‘mgacha, ya’ni 29 barobarga oshdi.","Milliy eksportchilarga taqdim etilgan sug‘urta himoyasi 2,3 mlrd dollarga yetdi, bu mamlakat xomashyo bo‘lmagan eksportining 41 foizini qamrab oladi. Sug‘urta mukofotlari yig‘imi o‘tgan yilga nisbatan 132 foizga oshdi, so‘nggi 9 yilda esa 41 mlrd so‘mdan 935 mlrd so‘mgacha, ya’ni 22 barobar o‘sdi. Korporativ segmentda 398 mlrd so‘m yig‘ilib, shundan 42 mlrd so‘mi investitsiya loyihalarini sug‘urtalashga to‘g‘ri keladi. Kompaniya majburiy sug‘urta bozorida 20 foizlik ulush bilan yetakchi. Jismoniy shaxslar segmentida mukofotlar 9 yilda 4,9 mlrd so‘mdan 140 mlrd so‘mgacha, 29 barobar oshdi."
"Shu bois bunday inshootlarda panjara, chiqish zinalari va qutqaruv moslamalarining bo‘lishi xavfsizlikni ta’minlaydi. Harqalay, dunyo amaliyotida shunday tajriba qo‘llanadi. Hozircha biz bu haqida endi o‘ylay boshlayapmiz. Vazirlik ogohlantirganini aytmoqda Jizzaxdagi fojiadan 43 kun avval Suv xo‘jaligi vazirligi hududlarga barcha sun’iy hovuzlarni xatlovdan o‘tkazish, ular atrofini to‘liq o‘rash, ogohlantiruvchi belgilar o‘rnatish va fermerlarni bu haqda rasman ogohlantirish bo‘yicha topshiriq yuborganini ma’lum qildi. Vazirlikka ko‘ra, bugungi kunda tomchilatib sug‘orish tizimlari uchun 13 ming 110 ta sun’iy suv saqlash va tindirish hovuzi qurilgan. Ularning 11 ming 737 tasi geomembrana, yana 521 tasi bir mavsumli polimer plyonka bilan qoplangan. Vazirlikning 2026 yil 4 iyundagi xabarnomasi vegetatsiya mavsumi boshlanishi munosabati bilan yuborilgan bo‘lib, shundan keyin hududlarda sun’iy hovuzlar xatlovdan o‘tkazilgan.","Bunday inshootlarda panjara, chiqish zinalari va qutqaruv moslamalari xavfsizlikni ta’minlaydi — bu dunyo amaliyotida qo‘llanadigan tajriba. Jizzaxdagi fojiadan 43 kun avval Suv xo‘jaligi vazirligi hududlarga sun’iy hovuzlarni xatlovdan o‘tkazish, ularni o‘rab, ogohlantiruvchi belgilar qo‘yish topshirig‘ini bergan edi. Hozirda tomchilatib sug‘orish uchun 13 ming 110 ta sun’iy hovuz qurilgan bo‘lib, 11 ming 737 tasi geomembrana, 521 tasi polimer plyonka bilan qoplangan."
"Kompaniya mijozlari soni esa 2017 yildagi 70 ming nafardan 2026 yilda 1,1 million nafargacha, ya’ni 15 barobarga ko‘paydi. «O‘zbekinvest» kompaniyasining xalqaro reytingi «Ba1» darajasiga ko‘tarilgani uning xalqaro faoliyati izchil kengayib borayotgani, biznesi barqaror sur’atlarda rivojlanayotgani hamda xalqaro va mahalliy mijozlar hamda hamkorlar uchun ishonchli sherik sifatida o‘z mavqeini yanada mustahkamlayotganini tasdiqlaydi. Koll-markaz: (+998) 71−207−60−00, 1160","Kompaniya mijozlari soni 2017-yildagi 70 mingdan 2026-yilda 1,1 millionga, ya’ni 15 barobarga ko‘paydi. «O‘zbekinvest» kompaniyasining xalqaro reytingi «Ba1» darajasiga ko‘tarilishi uning xalqaro faoliyati kengayib, biznesi barqaror rivojlanayotganini va ishonchli sherik sifatidagi mavqeini mustahkamlaganini ko‘rsatadi."
"Portugaliyada har bir aholiga 2,7 nafar, Avstriyada 2,9 nafar, Xorvatiyada esa 4 nafar xorijiy sayyoh to‘g‘ri keladi. Mutaxassislar bu mamlakatlarning boy tarixiy merosi, me’moriy obidalari, dam olish maskanlari va tabiiy go‘zalliklari ularni dunyodagi eng ommabop sayyohlik yo‘nalishlaridan biriga aylantirganini ta’kidlamoqda.","Portugaliyada har bir aholiga 2,7, Avstriyada 2,9, Xorvatiyada esa 4 nafar xorijiy sayyoh to‘g‘ri keladi. Mutaxassislar bu mamlakatlarning boy tarixiy merosi, me’moriy obidalari va tabiiy go‘zalliklari ularni ommabop sayyohlik yo‘nalishiga aylantirganini ta’kidlaydi."
"Trampning so‘zlariga ko‘ra, bu haqdagi buyruq mudofaa vaziriga yetkazilgan. AQSh qurbonlari soni oshdi AQSh Markaziy qo‘mondonligi (CENTCOM) ma’lum qilishicha, Yaqin Sharqdagi navbatdagi eskalatsiya boshlanganidan buyon yana uch nafar amerikalik harbiy halok bo‘lgan. Shu bilan fevral oyi oxirida Eronga qarshi harbiy amaliyotlar boshlanganidan beri halok bo‘lgan AQSh harbiy xizmatchilari soni 17 nafarga yetdi.","Tramp bu haqdagi buyruqni mudofaa vaziriga yetkazgan. AQSh Markaziy qo‘mondonligi (CENTCOM) so‘nggi eskalatsiyadan beri yana uch amerikalik harbiy halok bo‘lganini ma'lum qildi. Shunday qilib, fevral oyidan beri Eronga qarshi operatsiyalarda halok bo‘lgan AQSh harbiylari soni 17 nafarga yetdi."
"Bu birinchisi emas... Mirzacho‘ldagi fojia sun’iy suv hovuzlari bilan bog‘liq ilk baxsiz hodisa emas. Joriy yilning 3 iyun kuni Farg‘ona viloyati Bog‘dod tumanida membranali qoplama bilan jihozlangan suv havzasiga tushib ketgan bir fuqaro cho‘kib halok bo‘lgan edi. Bundan avval ham shunday fojia kuzatilgan. 2025 yil iyul oyida Andijon viloyati Oltinko‘l tumanida tomchilatib sug‘orish tizimi uchun qazilgan hovuzga cho‘milish uchun tushgan ikki nafar to‘qqiz yoshli bola suvga cho‘kib vafot etgan. Bunday ma’lumotlarni yana davom ettirish mumkin, albatta. Ushbu hodisalarni birlashtirib turgan umumiy jihat shundaki, ularning barchasi suv tejovchi texnologiyalar uchun qurilgan sun’iy hovuzlarda sodir bo‘lmoqda. Bu esa gap alohida bir baxsiz hodisa haqida bormayotganini, balki bunday inshootlarning xavfsizligi yetarli darajada ta’minlanmayotganini ko‘rsatadi.",Mirzacho‘ldagi fojia sun'iy suv hovuzlari bilan bog‘liq birinchi hodisa emas. 3-iyunda Farg‘ona viloyati Bog‘dod tumanida bir fuqaro shunday hovuzga tushib cho‘kib halok bo‘lgan edi. 2025-yil iyulida esa Andijon viloyati Oltinko‘l tumanida ikkita to‘qqiz yoshli bola tomchilatib sug‘orish hovuzida cho‘kib vafot etgan. Bu voqealarning barchasi suv tejash uchun qurilgan sun'iy hovuzlarda sodir bo‘lgani ularning xavfsizligi yetarli ta'minlanmaganini ko‘rsatadi.
"Rossiya Davlat statistika xizmati - Rosstat ma’lumotlariga ko‘ra, joriy yilning iyun oyida neft mahsulotlari ishlab chiqarish indeksi o‘tgan yilning mos davriga nisbatan 21,8 foizga pasaygan. Taqqoslash uchun, may oyida ushbu ko‘rsatkich yillik hisobda 13,5 foizga kamaygan edi. Demak, iyun oyida pasayish sur’ati yanada kuchaygan. Tabiiy hajmlar e’lon qilinmaydi RBK nashrining yozishicha, Rosstat mazkur indeksni tovarlar «savatchasi» qiymatini doimiy bazaviy narxlarda hisoblash orqali shakllantiradi. Hozirgi hisob-kitoblarda 2023 yil bazaviy davr sifatida qabul qilingan. Nashr ta’kidlashicha, Rossiya hukumati qaroriga ko‘ra, mamlakatda neft mahsulotlari ishlab chiqarishning tabiiy hajmlari (tonna yoki boshqa fizik o‘lchovlarda) haqidagi ma’lumotlar ommaga e’lon qilinmaydi. Yonilg‘i narxlari o‘sishi sekinlashgan Rosstat ma’lumotlariga ko‘ra, Rossiyada benzin va dizel yonilg‘isi narxlari o‘sishi ham biroz sekinlashgan. 20 iyul bilan yakunlangan haftada benzin narxi 1,7 foizga oshgan.","Rosstat ma'lumotlariga ko‘ra, iyun oyida Rossiyada neft mahsulotlari ishlab chiqarish indeksi o‘tgan yilga nisbatan 21,8 foizga pasaygan (may oyida 13,5 foiz edi), ya'ni pasayish kuchaygan. Tabiiy hajmlar (tonna) haqidagi ma'lumot endi e'lon qilinmaydi. Shu bilan birga, benzin va dizel narxi o‘sishi sekinlashgan — 20-iyulgacha bo‘lgan haftada benzin narxi 1,7 foizga oshgan."
"Gretsiya va Italiyada davlat qarzi YaIMning 135 foizidan oshadi. Italiyaning umumiy davlat qarzi 3,8 trillion dollar atrofida bo‘lishi kutilmoqda, bu Fransiya va Buyuk Britaniyaga nisbatan kamroq bo‘lsa-da, mamlakatning qarz yuki yuqoriligicha qolmoqda. Ispaniya davlat qarzi 2026 yilda 2,1 trillion dollar yoki YaIMning taxminan 98 foiziga teng bo‘lishi prognoz qilingan. Germaniya esa Konstitutsiyada belgilangan «qarz tormozi» mexanizmi tufayli davlat qarzini nisbatan past darajada ushlab turishda davom etadi. Mamlakat davlat qarzi 3,5 trillion dollar atrofida bo‘lishi kutilmoqda, bu Fransiya, Italiya va Buyuk Britaniyanikidan kam hisoblanadi.","Gretsiya va Italiyaning davlat qarzi YaIMning 135 foizidan oshadi. Italiyaning qarzi qariyb 3,8 trillion dollar bo'lishi kutilmoqda — bu Fransiya va Buyuk Britaniyanikidan kam, lekin yuqori bo'lib qolmoqda. Ispaniyaning qarzi 2026-yilda 2,1 trillion dollar (YaIMning 98 foizi) bo'lishi prognoz qilinmoqda. Germaniya esa qonundagi «qarz tormozi» tufayli qarzini past darajada — 3,5 trillion dollar atrofida — ushlab turmoqda."
"Osiyo o‘yinlarining ayollar o‘rtasidagi musobaqasiga ham qur’a tashlandi Musobaqa Yaponiyaning Aichi va Nagoya shaharlarida bo‘lib o‘tadi. O‘zbekiston ayollar terma jamoasining Osiyo o‘yinlaridagi raqiblari ma’lum. Joriy yilning sentyabr-oktyabr oylarida Yaponiyada XX Osiyo o‘yinlari turniri bo‘lib o‘tadi. Ushbu musobaqada futbol bo‘yicha O‘zbekiston ayollar terma jamoasi ham ishtirok etadi. O‘tkazilgan qur’a natijalariga ko‘ra O‘zbekiston qizlari turnirning ""G"" guruhidan joy oldi. Guruhdan vakillarimizdan tashqari, Filippin, Xitoy hamda Gong Kong olimpiya terma jamoalari joy oldi. Musobaqa Yaponiyaning Aichi va Nagoya shaharlarida bo‘lib o‘tadi.","Osiyo o'yinlari ayollar futboli bo'yicha qur'a tashlandi. Musobaqa Yaponiyaning Aichi va Nagoya shaharlarida, sentyabr-oktyabr oylarida bo'lib o'tadi. O'zbekiston ayollar terma jamoasi ""G"" guruhida Filippin, Xitoy va Gonkong terma jamoalari bilan uchrashadi."
"Osiyo o‘yinlarining erkaklar o‘rtasidagi futbol musobaqasiga qur’a tashlandi Musobaqa Yaponiyaning Aichi va Nagoya shaharlarida bo‘lib o‘tadi. O‘zbekiston olimpiya terma jamoasining Osiyo o‘yinlaridagi raqiblari ma’lum. Joriy yilning sentyabr-oktyabr oylarida Yaponiyada XX Osiyo o‘yinlari turniri bo‘lib o‘tadi. Ushbu musobaqada futbol bo‘yicha O‘zbekiston erkaklar terma jamoasi ham ishtirok etadi. O‘tkazilgan qur’a natijalariga ko‘ra O‘zbekiston U-23 terma jamoasi turnirning ""C"" guruhidan joy oldi. Guruhdan vakillarimizdan tashqari, Filippin, Quvayt hamda Vietnam olimpiya terma jamoalari joy oldi. Musobaqa Yaponiyaning Aichi va Nagoya shaharlarida bo‘lib o‘tadi.","Osiyo o'yinlari erkaklar futboli bo'yicha qur'a tashlandi. Musobaqa Yaponiyaning Aichi va Nagoya shaharlarida, sentyabr-oktyabr oylarida bo'lib o'tadi. O'zbekiston U-23 terma jamoasi ""C"" guruhida Filippin, Quvayt va Vetnam terma jamoalari bilan o'ynaydi."
"Mamlakatda aeroport bo‘lmasa-da, turizm iqtisodiyotning qariyb 80 foizini ta’minlaydi. Sayyohlarni tog‘-chang‘i kurortlari, termal majmualar, tog‘ manzaralari va bojsiz savdo tizimi jalb qiladi. Reytingning yuqori qismidagi davlatlarning aksariyati orol mamlakatlaridir. Ular orasida Malta har bir aholiga 6,3 nafar sayyoh to‘g‘ri kelishi bilan Islandiya (5,6)dan oldinda turadi. Karib havzasida Bagama orollari har bir aholiga 4,7 nafar sayyoh bilan yetakchilik qilmoqda. Keyingi o‘rinlarda Antigua va Barbuda (3,5) hamda Barbados (2,5) qayd etilgan. Hind okeanida esa Maldiv orollari har bir aholiga 3,2 nafar, Seyshel orollari esa 2,8 nafar sayyoh qabul qiladi. Reytingdan nafaqat mikrodavlatlar va orol mamlakatlari, balki aholisi millionlab bo‘lgan Yevropa davlatlari ham o‘rin olgan.","Mamlakatda aeroport yo'q, ammo turizm iqtisodiyotning qariyb 80 foizini ta'minlaydi — sayyohlarni tog'-chang'i kurortlari va bojsiz savdo jalb qiladi. Reytingda ko'proq orol davlatlari bor. Malta har bir aholiga 6,3 sayyoh bilan Islandiyadan (5,6) oldinda. Karib havzasida Bagama orollari (4,7) yetakchi, undan keyin Antigua va Barbados keladi. Hind okeanida Maldiv (3,2) va Seyshel (2,8) orollari ham reytingda o'rin olgan."
"Lotar Matteus ""Oltin to‘p"" favoritlarini aytdi Menimcha, Usmon Dembelening imkoniyatlari yuqori. U PSJ bilan yana Chempionlar ligasida g‘olib chiqdi. Germaniya terma jamoasining sobiq yarim himoyachisi Lotar Matteus “Oltin to‘p” uchun asosiy da’vogarlar haqida fikr bildirdi. “Rodri JCH–2026ning eng yaxshi futbolchisi deb topildi. Ammo u rostdan ham turnirning eng yaxshisi bo‘ldimi? Odatda FIFA final tugashi bilanoq g‘olibni tanlaydi. Rodri jahon chempioni bo‘lgan Ispaniya terma jamoasida pleymeyker vazifasini bajardi. Ikki yil avval ham Yevroda shunday bo‘lgandi va u ”Oltin to‘p""ni qo‘lga kiritgan edi. Shunga qaramay, bu yil mukofot yana unga nasib etishiga ishonchim komil emas. Ispaniya juda jips jamoa sifatida harakat qildi.","Lotar Matteus «Oltin to'p» uchun asosiy da'vogarlar haqida fikr bildirdi. Uning fikricha, Usmon Dembelening imkoniyati yuqori — u PSJ bilan Chempionlar ligasini yutdi. Rodri JCH-2026ning eng yaxshi futbolchisi deb topilgan bo'lsa-da, Matteus uning haqiqatan ham eng kuchli bo'lganiga ishonchi komil emasligini aytdi. Ikki yil oldin ham Rodri «Oltin to'p»ni olgan edi, biroq bu safar mukofot yana unga berilishiga shubha bildirdi."
"O‘rganishlar davomida xavfsizlik talablari to‘liq ta’minlanmagan ob’yektlar aniqlangan va ularning egalariga kamchiliklarni bartaraf etish yuzasidan rasmiy ogohlantirish xatlari yuborilgan. Xususan, hovuzlar atrofi panjara bilan o‘ralmagani, «Cho‘milish taqiqlanadi» degan belgilar o‘rnatilmagani, suvga tushib ketgan inson yoki hayvonning chiqib ketishi uchun zina, pandus va boshqa moslamalar mavjud emasligi qayd etilgan. Bu holatlar fuqarolar hayoti va sog‘lig‘i uchun jiddiy xavf tug‘dirishi hamda baxsiz hodisalar ehtimolini oshirayotgani bildirildi. Mirzacho‘ldagi fojiaga to‘xtalgan vazirlik hodisa sodir bo‘lgan hovuz foydalanishga rasman topshirilmaganini ma’lum qildi. Xususan, «Mulla-Buloq» fermer xo‘jaligida qurilayotgan mazkur hovuz tomchilatib sug‘orish tizimining texnologik sinovlari uchun suv bilan to‘ldirilgan bo‘lgan. Dastlabki o‘rganishlarda hovuz atrofi xavfsizlik talablariga muvofiq panjara bilan o‘ralmagani ham aniqlangan.","Tekshiruvlar davomida xavfsizlik talablariga javob bermaydigan hovuzlar aniqlanib, egalariga ogohlantirish xatlari yuborilgan — ko'plarida panjara, ogohlantiruvchi belgilar va suvdan chiqish uchun zinapoya yo'q edi. Bu holatlar baxtsiz hodisalar xavfini oshiradi. Vazirlik Mirzacho'ldagi fojia sodir bo'lgan hovuz hali rasman foydalanishga topshirilmagani, u tomchilatib sug'orish tizimini sinash uchun suv bilan to'ldirilgani va atrofi panjara bilan o'ralmaganini ma'lum qildi."
"RASMAN: FIFA JCH-2026 turnirining ramziy terma jamoasini e’lon qildi E'tiborli tomoni ""Barselona""ning birorta futbolchisi tarkubda yo'q. Futbol bo‘yicha Jahon chempionati yakunlariga ko‘ra, Xalqaro futbol federatsiyasi (FIFA) musobaqaning eng yaxshi 11 nafar futbolchisidan iborat ramziy terma jamoani (Team of the Tournament) taqdim etdi. Musobaqaning eng kuchli tarkibi 4-3-3 taktik sxemasida quyidagicha ko‘rinish oldi: Darvozabon: Vozinya (Kabo-Verde) Himoyachilar: Mark Kukurelya (Ispaniya), Dayo Upamekano (Fransiya), Lisandro Martines (Argentina), Pedro Porro (Ispaniya). Yarim himoyachilar: Jud Bellingem (Angliya), Rodri (Ispaniya), Maykl Olise (Fransiya). Hujumchilar: Lionel Messi (Argentina), Erling Xoland (Norvegiya), Kilian Mbappe (Fransiya)","FIFA JCH-2026 turnirining eng yaxshi 11 futbolchisidan iborat ramziy terma jamoasini e'lon qildi. Diqqatga sazovori — «Barselona»dan hech kim tarkibga kirmadi. Tarkib 4-3-3 sxemasida: darvozabon Vozinya (Kabo-Verde); himoyachilar Kukurelya, Upamekano, Martines, Porro; yarim himoyachilar Bellingem, Rodri, Olise; hujumchilar Messi, Xoland va Mbappe."
"JCH–2026 dagi eng yuqori jismoniy ko‘rsatkichlar Maykl Olise ko'p jihatlarda raqiblaridan ustunligini namoyish etdi. AQSh, Meksika va Kanadada bo'lib o'tgan jahon chempionatida jismoniy tomonlama o'zini ko'rsatgan eng yaxshi futbolchilarning natijalari bilan tanishing. Butun turnir davomidagi eng yaxshi natijalar: Eng ko‘p bosib o‘tilgan masofa: Rodri — 90,2 km Eng ko‘p sprintlar: Maykl Olise — 108 marta Sprintlarda bosib o‘tilgan masofa: Maykl Olise — 1,785 km Yuqori tezlikdagi yugurishlar: Jud Bellingem — 276 Yuqori tezlikda bosib o‘tilgan masofa: Maykl Olise — 4,548 km Yuqori intensivlikdagi yugurishlar: Maykl Olise — 377 Yuqori intensivlikda bosib o‘tilgan masofa: Maykl Olise — 6,334 km Eng ko‘p tezlanishlar: Jud Bellingem — 402 Bir uchrashuvda qayd etilgan eng yaxshi ko‘rsatkichlar: Eng yuqori tezlik: Nikolas Talyafiko Misrga qarshi — 36,2 km/soat Eng ko‘p bosib o‘tilgan masofa: Martin Edegor Angliyaga qarshi — 15,13 km Eng ko‘p sprintlar: Nikolas Jekson Fransiyaga qarshi — 28 marta Sprintda bosib o‘tilgan eng uzun masofa: Yan Valeri Niderlandiyaga qarshi — 432,2 m Eng ko‘p yuqori tezlikdagi yugurishlar: Martin Edegor Angliyaga qarshi — 60 Yuqori tezlikda bosib o‘tilgan eng uzun masofa: Maykl Olise Senegalga qarshi — 859,6 m Eng ko‘p yuqori intensivlikdagi yugurishlar: Dayzen Maeda Braziliyaga qarshi — 75 Yuqori intensivlikda bosib o‘tilgan eng uzun masofa: Maykl Olise Senegalga qarshi — 1,23 km Eng ko‘p tezlanishlar: Ismael Saybari Niderlandiyaga qarshi — 96","JCH-2026 turnirida eng yaxshi jismoniy ko'rsatkichlarni Maykl Olise ko'rsatdi. Butun turnir bo'yicha Rodri eng ko'p masofa bosib o'tdi (90,2 km), Olise eng ko'p sprint qildi (108 marta) va yuqori tezlikda eng ko'p yugurdi, Bellingem esa tezlanishlar bo'yicha yetakchi bo'ldi (402 marta). Bitta o'yin bo'yicha rekordlar orasida Talyafikoning Misrga qarshi 36,2 km/soatlik tezligi va Edegorning Angliyaga qarshi 15,13 km masofasi ajralib turadi."
"Visual Capitalist tayyorlagan reyting BMTning Jahon turizm tashkiloti hamda Jahon bankining eng so‘nggi ma’lumotlari asosida tuzilgan bo‘lib, unda xalqaro sayyohlar oqimi aholi soniga nisbatan eng yuqori bo‘lgan 25 ta davlat o‘rin olgan. Tadqiqotga qaram hududlar kiritilmagan. Reytingda Andorra birinchi o‘rinni egalladi. Har yili mamlakatga taxminan 4,2 million nafar xorijiy sayyoh tashrif buyuradi, aholisi esa atigi 82 ming nafarni tashkil etadi. Bu har bir aholiga o‘rtacha 51 nafar sayyoh to‘g‘ri kelishini anglatadi. Bu ko‘rsatkich reytingda ikkinchi o‘rinni egallagan Monakonikidan besh barobardan ham yuqori. Fransiya va Ispaniya o‘rtasida joylashgan Andorra so‘nggi yillarda Buyuk Britaniya, Germaniya va AQShdan keluvchi sayyohlar oqimini ham sezilarli darajada oshirgan.","Visual Capitalist reytingi BMT Jahon turizm tashkiloti va Jahon banki ma'lumotlari asosida tuzilgan bo'lib, unda aholiga nisbatan eng ko'p xorijiy sayyoh qabul qiladigan 25 davlat ko'rsatilgan. Andorra birinchi o'rinda — har yili 4,2 million sayyoh keladi, aholisi esa atigi 82 ming kishi, ya'ni har bir aholiga 51 sayyoh to'g'ri keladi. Bu ko'rsatkich ikkinchi o'rindagi Monakodan besh baravar yuqori."
"Agentlik press-reliziga ko‘ra, «O‘zbekinvest» O‘zbekistonda moliyaviy barqarorlik bo‘yicha «Ba1» darajasidagi reytingga ega bo‘lgan yagona moliya instituti hisoblanadi. Moody’s Ratings ma’lum qilishicha, kompaniyaga berilgan moliyaviy barqarorlik reytingi (Insurance Financial Strength Rating – IFSR) uning O‘zbekiston sug‘urta bozoridagi mustahkam mavqeyi, yuqori kapital zaxirasi hamda aktivlarining yuqori sifatiga asoslangan. Shuningdek, agentlik tahlilchilari kompaniyaning yuqori sifatli yirik investitsiya portfeli va xalqaro qayta sug‘urta faoliyatidan olinayotgan sug‘urta mukofotlari ulushining yuqoriligini ham alohida qayd etdi. Kompaniyaning xalqaro reytingi «Ba1» darajasiga ko‘tarilgani uning yuqori kreditga layoqatliligini tasdiqlaydi. Bu, shuningdek, anderrayting va investitsiya faoliyatida erishilgan yuqori natijalar bilan ham mustahkamlangan: Global ishtirok: qayta sug‘urta operatsiyalari geografiyasi 135 ta davlatni qamrab olgan bo‘lib, xorijdan olingan daromadlar kompaniyaning jami sug‘urta tushumlarining 50 foizini yoki 32,5 mln AQSh dollarini tashkil etdi.","«O'zbekinvest» — O'zbekistonda Moody's tomonidan «Ba1» darajasidagi moliyaviy barqarorlik reytingiga ega yagona moliya instituti. Bu reyting kompaniyaning sug'urta bozoridagi mustahkam mavqeyi, yuqori kapital zaxirasi va sifatli aktivlariga asoslangan. Kompaniyaning qayta sug'urta faoliyati 135 davlatni qamrab oladi, xorijdan olingan daromad esa jami tushumning 50 foizini, ya'ni 32,5 million dollarni tashkil etadi."
"Mash’ala estafetasi ikki kun davom etadi va unda ishtirok etuvchi barcha sportchilar mash’alani changʻida uchgan holda koʻtarib borishadi. Ochilish marosimida esa Eigil Nansen eng soʻnggi boʻlib Olimpiya mash’alasini qabul qilib oladi va changʻi zinapoyasiga chiqqan holda, changʻilarini yechib, yuqoriga koʻtariladi va alangani yoqadi. Bobsley va togʻ changʻisi sport turlari boʻyicha musobaqalar ochilish marosimidan bir kun avval oʻtkazila boshlanadi. Shu sababli ushbu musobaqa ishtirokchilari Oslodagi bayram tantanalarida qatnasha olmaydilar. Natijada bobsley boʻyicha musobaqalar oʻtkaziladigan Frognerseteren qishlogʻida va togʻ changʻisi musobaqalari oʻtkaziluvchi Norefjell togʻ tizmalarida ushbu sport turlari uchun maxsus kichikroq ochilish marosimlari boʻlib oʻtadi. Olimpiada oʻyinlaridagi 16 yillik tanaffusdan soʻng, Germaniya terma jamoasi aʼzolari ikki va toʻrt kishilik bobsley musobaqalarida gʻoliblikni qoʻlga kiritishadi.","Mash'al estafetasi ikki kun davom etib, sportchilar mash'alni chang'ida ko'tarib boradi. Ochilish marosimida Eigil Nansen mash'alni qabul qilib olib alangani yoqadi. Bobsley va tog' chang'isi musobaqalari ochilishdan bir kun oldin boshlangani sabab, bu sport turlari uchun alohida kichik marosimlar o'tkazilgan. 16 yillik tanaffusdan so'ng Germaniya terma jamoasi bobsleyda g'olib chiqqan."
"Keyinchalik Gʻarbiy Germaniya Olimpiya qoʻmitasi XOQ tomonidan tan olinganidan soʻng, Gʻarbiy Germaniya 1952-yilgi qishki oʻyinlarda qatnashish uchun rasman taklif etiladi. Sharqiy Germaniyaga Gʻarbiy Germaniya bilan birlashgan jamoa sifatida musobaqalarda ishtirok etish taklifi beriladi, biroq ular ushbu taklifni rad etadi. Avvaliga Norvegiya nemis va boshqa ayrim sportchilarni natsistlarga xayrixoh deb hisoblashgani bois, ularga musobaqalarda ishtirok etish uchun ruxsat berishni istashmaydi. Misol uchun, norvegiyalik konkida uchuvchi Finn Hodt urush paytida natsistlar bilan hamkorlik qilgani uchun unga Norvegiyaning konkida uchish terma jamoasi tarkibida musobaqalarda ishtirok etishiga ruxsat berilmagan. Biroq bir qancha munozara va muzokaralardan soʻng, Norvegiya nemis va yapon sportchilarining ham musobaqalarda ishtirok etishiga rozi boʻlishadi.","G'arbiy Germaniya Olimpiya qo'mitasi XOQ tomonidan tan olingach, 1952-yilgi qishki o'yinlarda ishtirok etishga taklif etildi. Sharqiy Germaniyaga G'arbiy Germaniya bilan birlashgan jamoada ishtirok etish taklif qilindi, ammo ular buni rad etdi. Norvegiya dastlab natsistlarga xayrixoh deb hisoblangan nemis sportchilarini qo'ymoqchi emasdi — masalan, urush paytida natsistlar bilan hamkorlik qilgan norvegiyalik Finn Xodtga terma jamoada qatnashishga ruxsat berilmagan edi. Muzokaralardan so'ng Norvegiya nemis va yapon sportchilarining ishtirokiga rozi bo'ldi."
"„Aiaaira“ (abxazcha: Aiaaira"";"" „Gʻalaba“) — qisman tan olingan Abxaziya davlatining milliy madhiyasi. Abxaziya davlatining madhiyasi 1992-yilda qabul qilingan. Qoʻshiq matni shoir Gennadiy Alamia tomonidan yozilgan, musiqasi esa Valery Chkadua tomonidan bastalangan. Qoʻshiq matni 1992-yilda Abxaziya mustaqilligini eʼlon qilganidan keyin yozilgan. Madhiyada namuna sifatida qisqa muddatli Gruziya Demokratik Respublikasi (1918-1921) davrida yaratilgan abxaziya inqilobiy qoʻshigʻi „Kiaraz“ (abxazcha: „Karaz“)dan foydalanilgan. 1994-yilda Gruziya bilan mustaqillik uchun urushdan keyin Valeriy Chkadua Abxaziyaning birinchi prezidenti Vladislav Ardzinbaning shaxsiy iltimosiga binoan madhiyani bastalagan. Sergei Prokofiev va Dmitry Shostakovichdan tahsil olgan Chkadua madhiyaga turli xalq folklorlarining motivlarini kiritgan. Bu ish uchun gonorar olishdan bosh tortgan Chkadua qishda madhiyani muzlab, isitilmaydigan uyda yozgan edi, lekin shunga qaramasdan prezidentning rahmati sifatida uy-joy oldi.","«Aiaaira» («G'alaba») — qisman tan olingan Abxaziya davlatining madhiyasi bo'lib, 1992-yilda qabul qilingan. Matnini shoir Gennadiy Alamia yozgan, musiqasini Valeriy Chkadua bastalagan. 1994-yilda Gruziya bilan urushdan keyin Chkadua prezident Ardzinbaning iltimosiga ko'ra madhiyani qayta bastalagan va bu ish uchun haq olmagan, biroq keyin prezidentdan minnatdorchilik sifatida uy-joy olgan."
"Oslo shahri Qishki Olimpiada oʻyinlari uchun ham xuddi shunday anʼanani oʻrnatish uchun Olimpiya bayrogʻini stadionga olib chiqishadi. Oslo meri Brynjulf Bull bayroqni XOQ prezidenti Sigfrid Edströmga topshiradi va bayroq kelgusi Qishki oʻyinlar uchun Oslodan keyingi mezbon shaharga oʻtishi kerakligini eʼlon qiladi. „Oslo bayrogʻi“ nomi bilan mashhur boʻlgan ushbu bayroq oʻshandan beri vitrinada saqlanib kelinadi va har bir Qishki Olimpiada oʻyinlari oʻtkazilinadigan mezbon davlatga olib kelinadi. Bayroq topshirish marosimidan soʻng Olimpiya mash’alasi oʻchirilib, konkida uchish boʻyicha maxsus poyga tashkillashtiriladi va figurali uchish boʻyicha ishtirokchilar koʻrgazmasi namoyish etiladi. Shundan keyin esa 40 ta milliy libos kiygan bolalar muz raqsini ijro etishadi. Ochilish marosimining yakuniy qismida 1952-yilgi Olimpiya oʻyinlarining tugashi munosabati bilan chiroqlar oʻchirilib, 20 daqiqalik mushakbozlik boʻlib oʻtadi. 29 000 oʻrindiqli „Bislett“ stadioni Olimpiadaning markaziy oʻyingohiga aylanadi.","Oslo shahri Qishki Olimpiadada ham Olimpiya bayrog'ini stadionga olib chiqadi. Oslo meri bayroqni XOQ prezidentiga topshiradi, u esa keyingi mezbon shaharga o'tishini e'lon qiladi. Shundan so'ng mash'al o'chirilib, konkida uchish poygasi va figurali uchish namoyishi bo'lib o'tadi, 40 ta bola milliy liboslarda muz raqsi ijro etadi. Marosim 20 daqiqalik mushakbozlik bilan yakunlanadi. 29 ming o'rindiqli «Bislett» stadioni Olimpiadaning markaziy maydoniga aylanadi."
"Olimpiada tarixida Norvegiya davlati Qishki Olimpiya oʻyinlariga mezbonlik qiluvchi birinchi Skandinaviya davlatiga aylanadi va 1952-yilgi Qishki Olimpiada oʻyinlari mezbon mamlakat poytaxtida oʻtkazilgan ilk Olimpiada musobaqalari hisoblanadi. 1952-yilgi Qishki Olimpiada oʻyinlarini tashkil etish boʻyicha maxsus qoʻmita tayinlangan boʻlib, ushbu qoʻmitada Norvegiyaning sport masalalari boʻyicha toʻrt nafar yuqori martabali amaldorlari, Oslo munitsipalitetidan toʻrt nafar vakil, jumladan, mer (hokim) Brynjulf Bull faoliyat yuritadi. Qoʻmita 1947-yilning dekabr oyida tashkil etilgan boʻlib, Oslo shahri Olimpiadani oʻtkazish uchun kerakli mablagʻning barchasini toʻliq moliyalashtiradi. Sportchilar, ularning murabbiylari va yordamchi xodimlar uchun zarur turar-joy binolari loyihalashtiriladi va musobaqa kuniga qadar uchta yangi sport obyektlari qurib bitkaziladi. Oslo shahri budjetidan XOQ delegatlari, shahar tashqarisida nufuzli mehmonlarni qabul qilish va oʻyinlarning aloqa markazi sifatida foydalanish maqsadida Viking deb nomlanuvchi yangi mehmonxonani qurish uchun alohida mablagʻ ajratiladi.","Norvegiya Qishki Olimpiadaga mezbonlik qilgan birinchi Skandinaviya davlati va mezbon poytaxtda o'tkazilgan ilk Olimpiada bo'ldi. 1947-yilda tuzilgan tashkiliy qo'mitaga Norvegiya sport amaldorlari va Oslo meri Brynjulf Bull kirgan. Oslo shahri Olimpiadani to'liq moliyalashtirib, sportchilar uchun turar joy va uchta yangi sport obyekti qurdirdi, shuningdek mehmonlar uchun «Viking» mehmonxonasini ham qurdirdi."
"Kanadalik muz ustida xokkey terma jamoasi 1 ta Olimpiadadan tashqari 1956-yilgi Qishki Olimpiada oʻyinlariga qadar oʻtkazilgan barcha musobaqalarda gʻalaba qozonib keladi, ammo 1956-yilda Sovet Ittifoqi jamoasi Olimpiada oʻyinlarining oltin medalini Kanada jamoasidan tortib oladi. 1952-yilgi Qishki Olimpiada oʻyinlarining oltin medali sohiblari hisoblanmish Kanadaning Edmonton Mercurys jamoasiga Mercury avtomobil dileri egasi homiylik qiladi. Musobaqaning soʻnggi kunida Kanada AQShga qarshi uchta oʻyin olib boradi va ularni magʻlub etgan holda musobaqaning oltin medalini, amerikaliklar esa mos ravishda kumush medalni qoʻlga kiritadi. USOC (Amerika Qoʻshma Shtatlari Olimpiya Qoʻmitasi) 1952-yilgi Olimpiada oʻyinlari boʻyicha rasmiy hisobot beradi. Unda aytilishicha, Kanadaga qarshi oʻyin olib borayotgan AQSh terma jamoasi oʻyinning oxirgi daqiqalarida ruhan va jismonan charchagan holda boʻlishadi va uchinchi golni urgan holda oʻyinni tenglashtirishganidan soʻng kumush medalni qoʻldan boy bermaslik maqsadida asosiy eʼtiborni himoyaga qaratishga qaror qilishadi.","Kanada muz ustida xokkey terma jamoasi 1956-yilgacha barcha Olimpiada musobaqalarida g'olib chiqqan, faqat 1956-yilda Sovet Ittifoqi undan oltin medalni tortib olgan. 1952-yilda Kanadaning Edmonton Mercurys jamoasi oltin, AQSh esa kumush medalni qo'lga kiritdi — AQSh jamoasi so'nggi o'yinda charchagan holda gol urib, keyin himoyaga urg'u berib kumush medalni saqlab qolgan."
"Asosiy boʻlimlar: chakana banking — Niderlandiyadagi chakana bank bozorining 19 foizini egallagan 112 ta filial tarmogʻi orqali 5 millionga yaqin mijozlarga xizmat koʻrsatadi""; daromad 3 milliard yevro, aktivlar 150 milliard; tijorat banki — Niderlandiyada, shuningdek, Fransiya, Germaniya va Buyuk Britaniyada aylanmasi 250 million yevrogacha boʻlgan 350 ming korporativ mijozlarga xizmat koʻrsatadi; daromad 1,75 milliard yevro, aktivlari 41 milliard; xususiy banking — Niderlandiya, Fransiya, Germaniya va Belgiyadagi yirik xususiy mijozlarga xizmat koʻrsatish; daromad 1,43 milliard yevro, bank aktivlari 17 milliard, boshqaruv ostidagi aktivlar 190 milliard yevro, shundan 58 foizi Niderlandiyada; korporativ va institutsional bank — aylanmasi 250 million evrodan ortiq boʻlgan 2000 ta korporatsiya va moliya institutlariga xizmat koʻrsatish;"" daromadi 1,68 milliard yevro, aktivlari 63 milliard.","Bankning asosiy bo'limlari: chakana banking — Niderlandiyada 112 filial orqali 5 million mijozga xizmat ko'rsatib, 3 milliard yevro daromad va 150 milliard aktivga ega; tijorat banki — bir necha davlatda 350 ming korporativ mijozga xizmat ko'rsatib, 1,75 milliard yevro daromad oladi; xususiy banking — yirik mijozlarga xizmat ko'rsatib, 1,43 milliard yevro daromad va 190 milliard yevro boshqariladigan aktivga ega; korporativ va institutsional bank — 2000 ta yirik kompaniyaga xizmat ko'rsatib, 1,68 milliard yevro daromad oladi."
"Olimpiada oʻyinlaridan joy olgan deyarli barcha musobaqalar oʻtkaziluvchi sport inshootlari poytaxt shahar Osloda joylashgan boʻlib, birgina togʻ changʻi sporti boʻyicha oʻyinlar poytaxtdan 113 km (70 mi) uzoqlikda joylashgan Norefjell togʻ tizmalarida boʻlib oʻtadi. Matbuot aʼzolari va musobaqaning hurmatga sazovor mehmonlari uchun yangi mehmonxona, sportchilar va murabbiylar uchun esa uchta yotoqxona qurilib, birinchi zamonaviy sportchilar shaharchasi yaratiladi. Oslo shahri ushbu Olimpiada oʻyinlari uchun zarur barcha moliyaviy mablagʻni qoplashni oʻz zimmasiga oldi. 1952-yilgi Qishki Olimpiya oʻyinlari aynan shu yili Finlandiyaning Helsinki shahrida boʻlib oʻtuvchi Yozgi Olimpiya oʻyinlari oldidan Shimoliy Yevropada ketma-ket oʻtkazilgan ikki Olimpiya oʻyinlarining birinchisi boʻlgan. 1952-yilgi Qishki Olimpiada oʻyinlarida 30 ta mamlakatdan 694 nafar sportchi ishtirok etadi, sportchilar jami toʻrtta sport turi boʻyicha 22 ta musobaqalarda bahs olib boradilar.","Deyarli barcha musobaqalar Osloda o'tkazilgan, faqat tog' chang'i sporti poytaxtdan 113 km uzoqlikdagi Norefjell tog'larida bo'lib o'tgan. Mehmonlar uchun yangi mehmonxona va sportchilar uchun birinchi zamonaviy sportchilar shaharchasi qurilgan. Oslo barcha xarajatlarni o'z zimmasiga oldi. Bu o'yinlarda 30 davlatdan 694 sportchi 4 sport turi bo'yicha 22 musobaqada qatnashdi."
"Niderlandiya qismi Fortis bankiga oʻtdi, ammo, tez orada uning oʻzi jiddiy muammolarni boshdan kechira boshladi va milliylashtirildi. 2010-yilda ABN AMRO biznesining Niderlandiya qismi va Fortis yangi ABN AMRO Bank nomi ostida birlashtirildi, soʻngra, uni bosqichma-bosqich xususiylashtirish boshlandi. Bank Yevropadagi eng yirik banklar uyushmasi — ABECOR aʼzosi hisoblanadi. Daromadning asosiy qismi sof foiz daromadiga toʻgʻri keladi, 2020-yilda 7,92 milliard yevro daromaddan sof foiz daromadi 5,86 milliard yevroni, yigʻim daromadi esa 1,56 milliardni tashkil etdi"";"" Daromadning 6,41 milliardi Niderlandiyadan, 950 millioni boshqa Yevropa davlatlaridan, 330 millioni AQShdan, 200 millioni Osiyodan kelgan. 396 milliard yevrolik aktivlarning 252 milliardi berilgan kreditlar (shundan 146 milliardi ipoteka), qabul qilingan depozitlar esa 239 milliard yevroni tashkil etdi.","Niderlandiya qismi Fortis bankiga o'tgan, ammo u ham muammoga duch kelib milliylashtirilgan. 2010-yilda ABN AMRO va Fortis birlashib yangi ABN AMRO Bank tashkil topgan, keyin u xususiylashtirilgan. Bank Yevropadagi eng yirik banklar uyushmasi a'zosi bo'lib, 2020-yilda 7,92 milliard yevro daromad olgan, uning ko'p qismi Niderlandiyadan tushgan. Uning 396 milliard yevrolik aktivining ko'p qismini berilgan kreditlar tashkil etadi."
"Shuni taʼkidlash kerakki, oʻsha paytda Kanada terma jamoasi boshqa mamlakat vakillari uchun yengib boʻlmas jamoa hisoblanishgan. Shvetsiya va Chexoslovakiya terma jamoalari esa Kanada va AQShdan keyin uchinchi oʻrinni egallashadi (Chexoslovakiya sportchilari shvedlarga qarshi kechgan oʻyinda ularni magʻlubiyatga uchratishadi, biroq oʻsha vaqtdagi qoidalarga koʻra, Chexoslovakiya terma jamoasi ochkolar boʻyicha Shvetsiya vakillari bilan bir xil natijani qayd etganligi sababli tay-brekda oʻynashlari kerak edi). Shvetsiya oʻsha oʻyinda gʻalaba qozonadi. Chexlar shvedlarni davra bahslarida magʻlubiyatga uchratib, musobaqaning bronza medalini qoʻlga kiritishganiga ishonishgan va tay-brek oʻynash qarorini „kapitalistik mamlakatlarning fitnasi“ deb atashgan. Kanada jamoasi esa 1952-yilgi Qishki Olimpiya oʻyinlari tarixida musobaqa davomida qoʻpol oʻyini uchun tanqid qilingan jamoa hisoblanadi.","O'sha paytda Kanada terma jamoasi yengib bo'lmas hisoblangan. Shvetsiya va Chexoslovakiya uchinchi o'rin uchun kurashib, teng ochko to'plagani sabab tay-brek o'ynashga majbur bo'lgan — g'alabani Shvetsiya qo'lga kiritgan. Chexlar bu qarorni adolatsiz deb hisoblashgan. Kanada jamoasi esa qo'pol o'yini uchun tanqid qilingan."
"Eng yosh laureat Rudyard Kipling boʻlib, 1907-yilda mukofotlangan paytida 41 yoshda edi. Mukofotni olgan eng keksa laureat Doris Lessing boʻlib, 2007-yilda mukofotlangan paytida 88 yoshda edi. 1931-yilda Erik Axel Karlfeldtga vafotidan keyin berilgan. 1958-yilda rossiyalik Boris Pasternak Sovet Ittifoqi hukumatining bosimi ostida mukofotni ochiqchasiga rad etishga majbur boʻlgan. 1964-yilda Jean-Paul Sartre adabiyot boʻyicha Nobel mukofotini olishni istamasligini maʼlum qildi, chunki u oʻtmishda barcha rasmiy mukofotlardan doimiy ravishda voz kechgan edi. Biroq, Nobel qoʻmitasi rad etishlarni tan olmay, Pasternak va Sartreni Nobel mukofoti sovrindorlari roʻyxatiga kiritadi. Oʻn sakkiz nafar ayol adabiyot boʻyicha Nobel mukofotiga sazovor boʻlgan. Mukofot ikki kishiga berilgan toʻrtta holat boʻlgan (1904, 1917, 1966, 1974).","Adabiyot boʻyicha Nobel mukofotining eng yosh sohibi — 1907-yilda 41 yoshida mukofot olgan Rudyard Kipling. Eng keksa laureat — 2007-yilda 88 yoshida mukofot olgan Doris Lessing. 1958-yilda rus yozuvchisi Boris Pasternak sovet hukumati bosimi ostida mukofotdan voz kechishga majbur boʻlgan, 1964-yilda esa Jean-Paul Sartre uni oʻzi rad etgan. Shunga qaramay, ikkalasi ham laureatlar roʻyxatida qoladi. Jami 18 nafar ayol bu mukofotga sazovor boʻlgan, toʻrt marta esa mukofot ikki kishiga birdek berilgan."
"Ushbu uchta Nobel mukofoti sohibi mos ravishda bengal, fransuz va rus tillari boʻyicha saralangan. 2 Karl Adolf Gjellerup (1917-yilgi Adabiyot boʻyicha Nobel mukofoti sohibi) daniya va nemis tillarida yozgan. 1901-yildan 2024-yilgacha adabiyot boʻyicha Nobel mukofoti sovrindori boʻlgan 121 kishidan 18 nafari ayollar, 103 nafari erkaklar edi:","Uchta Nobel mukofoti sohibi mos ravishda bengal, fransuz va rus tillarida ijod qilgan. 1917-yilgi laureat Karl Gjellerup esa daniya va nemis tillarida yozgan. 1901–2024-yillarda adabiyot boʻyicha Nobel mukofotini 121 kishi olgan, shulardan 18 nafari ayol, 103 nafari erkak boʻlgan."
"Shahar mamlakat neft qazib olishning markaziga aylanadi. Agar 1960-yillarning boshlarida Abu-Dabi kichik baliq ovlash maskani boʻlgan boʻlsa, 30 yildan soʻng u keng xiyobonlar va osmonoʻpar binolar qatoriga ega boʻlgan metropolga aylandi. Shaharning ayniqsa jadal oʻsishi 1968- yilda, besh yillik rivojlanish rejasi qabul qilinganda boshlandi"";"" 1971-yilda Abu Dabi Birlashgan Arab Amirliklarining vaqtinchalik poytaxti boʻldi. 1996-yilda shahar BAAning doimiy poytaxti maqomini oldi. Shahar Fors koʻrfazining janubi-sharqiy qismidagi orolda, materikdan chorak kilometr uzoqlikda joylashgan. Orol materik bilan uchta yoʻl koʻprigi orqali bogʻlangan (2010-yil oxirigacha). Iqlimi tropik choʻl. Abu Dabi dunyodagi eng issiq shaharlardan biridir. Yogʻingarchilik juda kam (yiliga taxminan 50 mm) va yozda harorat 50 °C ga yetishi mumkin.","Abu-Dabi mamlakatning neft qazib olish markaziga aylandi. 1960-yillar boshida kichik baliqchilik shahri boʻlgan Abu-Dabi 30 yilda keng koʻchalari va osmonoʻpar binolari bilan yirik shaharga aylandi. 1968-yilda qabul qilingan besh yillik rivojlanish rejasi bilan shahar jadal oʻsa boshladi. 1971-yilda u BAA vaqtinchalik poytaxti, 1996-yilda esa doimiy poytaxti boʻldi. Shahar Fors koʻrfazidagi orolda joylashgan, iqlimi tropik choʻl — yozda harorat 50°C ga yetadi, yogʻin esa juda kam."
"ABN AMRO — Niderlandiyadagi eng yirik banklardan biridir. Uning tarixi 1824-yilga borib taqaladi, XXI asr boshlarida u ABN AMRO Holding global moliyaviy konglomeratiga aylandi""; jahon moliyaviy inqirozi davrida bankrotlik yoqasiga keldi;"" 2010-yilda u Niderlandiyadagi bank bozorining qariyb 20 foizini egallagan va qoʻshni mamlakatlarda ham mavjud boʻlgan yangi ABN AMRO Bankga aylantirildi. Aksiyalarning nazorat paketi davlatga tegishli. ABN AMRO 1990-yil oxirida ABN va AMRO banklarining birlashishi natijasida ABN AMRO Holding N.V. nomi ostida tashkil topgan. ABN banki (Algemene Bank Nederland) 1964-yil 3-oktabrda Twentsche Bank NV (1861 -yilda tashkil etilgan) va Nederlandsche Handelsmaatschappij (1824 -yilda tashkil etilgan) qoʻshilishi natijasida tashkil topgan. Amro Bank esa 1964-yilda 1871-yilda tashkil etilgan Amsterdamsche Bank va 1863-yilda tashkil etilgan Rotterdamsche Bankning birlashishi natijasida tashkil topgan. 2007—2008-yillardagi moliyaviy inqiroz boshlanishi bilan bankrotlik yoqasiga keldi va uni Yevropaning uchta banki, Royal Bank of Scotland Group, Fortis va Grupo Santander konsortsiumi 72 milliard yevroga sotib oldi.","ABN AMRO — Niderlandiyaning yirik banki boʻlib, tarixi 1824-yilga borib taqaladi. 1990-yilda ABN va AMRO banklari birlashib, ABN AMRO Holding tashkil topgan. 2007–2008-yillardagi moliyaviy inqirozda bank bankrotlik yoqasiga kelib, uni uchta Yevropa banki 72 milliard yevroga sotib olgan. Hozir uning nazorat paketi Niderlandiya davlatiga tegishli."
"Access-IS tasvirni qayta ishlash, RFID/NFC texnologiyasi bo`lib, shtrix-kodni o‘qish bo‘yicha 30 yillik tajribaga asoslangan holda maʼlumotlarni aniq yozib oladi va elektron tizimlarni ishlab chiqadi. Access-IS shuningdek, bank va PoS (Sotish nuqtasi) ilovalari uchun maxsus klaviaturalar ishlab chiqaradi. 72 dan ortiq mamlakatlarda faoliyat yurituvchi Access-IS tizimi 3 ta faoliyatga qaratilgan"";"" aviakompaniya/aeroport, identifikatsiya hujjatlarini oʻqish va xavfsizlik va transport chiptalari tekshirish. Access IS ning shtab-kvartirasi Buyuk Britaniyaning Ridingda, Berkshire shahrida joylashgan boʻlib, taxminan 60 nafar xodimlariga ega. Bundan tashqari, Amerika Qoʻshma Shtatlarining Atlanta shahrida savdo korxonasiga ega. Access IS Access Limited kompaniyasining savdo nomidir. Access IS „Access Interfacing Solutions“ soʻzining qisqartmasi. Dastlab Access Keyboards Limited deb nomlangan keyinchalik, kompaniya Access Ltd deb qayta nomlandi va kompaniya kengroq mahsulotni aks ettirish uchun 2007-yil oktyabr oyida Access IS brendini qabul qildi.","Access-IS — shtrix-kod oʻqish, tasvirni qayta ishlash va RFID/NFC texnologiyalari boʻyicha 30 yillik tajribaga ega kompaniya. U bank va savdo nuqtalari uchun klaviaturalar hamda aviakompaniya, hujjat identifikatsiyasi va transport sohalari uchun tizimlar ishlab chiqaradi. Kompaniya 72 dan ortiq mamlakatda faoliyat yuritadi, shtab-kvartirasi Buyuk Britaniyaning Reading shahrida joylashgan, taxminan 60 xodimi bor, shuningdek AQShning Atlanta shahrida ham vakolatxonasi mavjud."
"Vengriyada tavallud topgan konkida yugurish sportining mashhur namoyondalaridan, sobiq jahon chempioni Kornél Pajor Olim Olimpiya oʻyinlarida ishtirok eta olmaydii. Sportchi 1949-yilda Osloda boʻlib oʻtgan jahon chempionatida ikkita yoʻnalish boʻyicha uzoq masofaga konkida yugurish bahslarida poygada gʻolib chiqqan, biroq keyinchalik u Shvetsiyaga qochib ketgan. 1952-yilgi Qishki Olimpiada musobaqalarida ishtirok etish uchun esa oʻz vaqtida Shvetsiya fuqaroligini olomaydi. Olimpiada dasturida togʻ changʻisi sporti boʻyicha 3 ta: slalom, ulkan slalom va tezlik bilan tushish yoʻnalishlarida musobaqalar boʻlib oʻtadi. Erkaklar ham, ayollar ham Norefjell va Rødkleiva shaharlarida boʻlib oʻtgan ushbu uchta yoʻnalish musobaqalarida ishtirok etishadi. Ulkan slalom yoʻnalishi boʻyicha musobaqalar ilk marotaba aynan 1952-yilgi Qishki Olimpiya oʻyinlari jadvaliga kiritilgan.","Vengriyalik konkichi, sobiq jahon chempioni Kornel Pajor 1952-yilgi Qishki Olimpiadada ishtirok eta olmadi. U 1949-yilgi jahon chempionatida gʻolib boʻlgandan soʻng Shvetsiyaga qochib ketgan, biroq oʻz vaqtida Shvetsiya fuqaroligini ololmagani sabab Olimpiadada qatnasholmadi. Olimpiada dasturida togʻ changʻisi sporti boʻyicha slalom, ulkan slalom va tezlik bilan tushish musobaqalari boʻlib oʻtdi, ulkan slalom birinchi marta shu Olimpiadada oʻtkazildi."
"Adabiyot boʻyicha Nobel mukofoti yetti yilda berilmagan edi: 1914, 1918, 1935 va 1940—1943-yillar mobaynida. Tarixda adabiyot boʻyicha Nobel mukofoti bir yilga kechiktirilgan uch yil boʻlib, mukofotlar keyingi yilning oktyabr oyida oʻz egalariga berilgandi: 1915-yilda, 1949-yilda va 2018-yilda. 2025-yil holatiga koʻra, adabiyot boʻyicha Nobel mukofoti 122 kishiga berilgan. Ular ichida 29 nafar ingliz tilida, 16 nafar fransuz tilida, 14 nafar nemis tilida soʻzlashuvchilar bor. Fransiya esa, eng koʻp adabiyot boʻyicha Nobel mukofotiga sazovor boʻlganlar mamlakatidir. 1901-yildan 2024-yilgacha adabiyot boʻyicha 121 ta Nobel mukofoti sovrindorlari quyidagi mamlakatlar fuqarolaridir: 1 Rabindranath Tagore (1913-yilgi adabiyot boʻyicha Nobel mukofoti sohibi) bengal va ingliz tillarida, Samuel Becket (1969-yilda adabiyot boʻyicha Nobel mukofotini olgan) fransuz va ingliz tillarida, Iosif Brodskiy (1987-yil adabiyot boʻyicha Nobel mukofotini olgan) rus tilida sheʼr va ingliz tilida nasr yozgan.","Adabiyot boʻyicha Nobel mukofoti yetti marta berilmagan (1914, 1918, 1935, 1940–1943-yillar). Uch marta mukofot bir yil kechiktirilib berilgan. 2025-yilga kelib mukofot 122 kishiga berilgan, ular orasida eng koʻpi ingliz (29), fransuz (16) va nemis (14) tilida ijod qilganlar. Fransiya bu mukofotni eng koʻp olgan mamlakat hisoblanadi."
"Ushbu stadionda konkida uchish va figurali uchish musobaqalari boʻlib oʻtadi. Stadion 400 metrli konkida uchish oʻyinlari uchun yetarli darajada kattalikdagi maydon edi. „Bislett“ stadioni ochiq maydon boʻlgani sababli tashkiliy qoʻmita yomon ob-havo sharoitida musobaqalarni yopiq hududda oʻtkazish uchun Tryvann va Hamar stadionlarini tanlaydi. Keyinchalik Hamar stadioni 1994-yilda Lillexammerda boʻlib oʻtgan Qishki Olimpiya oʻyinlarida konkida uchish boʻyicha musobaqalar oʻtkaziladigan maydonga aylantiriladi. 1952-yilgi Qishki Olimpiada oʻyinlarida ilk marotaba sunʼiy muzda xokkey musobaqalari boʻlib oʻtadi. Osloning sharqiy qismida joylashgan Jordal Amfi turar-joy hududida xokkey musobaqasi uchun yangi stadion ham qurilgan boʻlib, maydon tribunalari 10 000 nafar tomoshabinni oʻz bagʻriga sigʻdira olgan. Xokkey boʻyicha oʻtkazilgan jami 36 ta oʻyindan 23 tasi Jordal Amfida, qolgan oʻyinlar esa Kadettangen, Dælenenga idrettspark, Lillestrøm va Marienlyst stadionlarida oʻtkaziladi.","„Bislett“ stadionida konkida uchish va figurali uchish musobaqalari boʻlib oʻtdi. Yomon ob-havo sabab ayrim musobaqalar Tryvann va Hamar stadionlarida oʻtkazildi. 1952-yilda ilk marta sunʼiy muzda xokkey musobaqalari boʻlib oʻtdi — buning uchun Jordal Amfi stadioni qurildi, u 10 000 tomoshabinni sigʻdirgan. Jami 36 xokkey oʻyinidan 23 tasi shu stadionda oʻtkazildi."
"Urilgan gollar soni boʻyicha musobaqada Shvetsiya gʻolib chiqadi, ikkinchi oʻrinni Norvegiya, uchinchi oʻrinni esa Finlandiya terma jamoasi aʼzolari qoʻlga kiritadi. Koptokli xokkey oʻyinlarining ikkitasi „Dæhlenenga“ stadionida, bittasi „Bislett“ stadionida boʻlib oʻtadi. 1952-yilgi Qishki Olimpiada oʻyinlarining yopilish marosimlari avvalgi Qishki oʻyinlarnikidan farqli oʻlaroq, toʻgʻridan-toʻgʻri yakuniy musobaqalardan keyin oʻtkazilmaydi. Yopilish marosimlari 25-fevral dushanba kuni kechqurun „Bislett“ stadionida boʻlib oʻtadi. Ishtirokchilar oʻz mamlakat bayroqlari ostida yopilish marosimida ham xuddi ochilish marosimidagi tartibda stadionga kirib kelishadi. Oʻsha kuni kechqurun ayollar oʻrtasida changʻi poygasi, erkaklar oʻrtasida estafeta bahslari, changʻida sakrash musobaqasi va xokkey oʻyinlari boʻyicha taqdirlash marosimlari boʻlib oʻtadi. 1920-yilgi Yozgi Olimpiada oʻyinlarining yopilish marosimidan boshlab ishlatilina boshlagan „Olimpiya ramzlari“ mezbon shahardan keyingi Olimpiada musobaqalarini qabul qilib oluvchi keyingi mamlakatga topshirilib kelinadi.","Koptokli xokkeyda urilgan gollar boʻyicha Shvetsiya birinchi, Norvegiya ikkinchi, Finlandiya uchinchi oʻrinni egalladi. 1952-yilgi Olimpiadaning yopilish marosimi, avvalgilardan farqli oʻlaroq, musobaqalar tugagach 25-fevral kechqurun „Bislett“ stadionida boʻlib oʻtdi. Shu kuni ayollar changʻi poygasi, erkaklar estafetasi, changʻidan sakrash va xokkey boʻyicha taqdirlash marosimlari ham oʻtkazildi."
"Vetnam Sotsialistik Respublikasi Prezidentining (SRV № 571/2005/ QD/CTN, Xanoy, 7-iyun 2005 yildagi „Doʻstlik ordenlari va medallari bilan taqdirlash toʻgʻrisida“gi qaroridan koʻchirma: „Za bolshie zaslugi v okazanii pomoщi Vetnamu v podgotovke nauchnix kadrov, v ukreplenii drujbi i mnogostoronnego sotrudnichestva mejdu Vetnamom i Uzbekistanom“ nagradit Medalyu „Drujbi“ SRV Kasimova Anvara Maxmudovicha-professora Universiteta mirovoy ekonomiki i diplomatii i Tashkentskogo instituta Vostokovedeniya. U bir necha oʻnlab ilmiy kitoblar muallifi: „Borba naroda Maysura protiv angliyskix kolonizatorov v 1782-1799 gg.“ Avtoreferat disc. na soiskanie uchenoy stepeni kandidata istoricheskix nauk. Akad. nauk SSSR. Institut narodov Azii. Moskva : [b. i.], 1962. 15 s. 20 sm „Borba Maysura za nezavisimost v konse XVIII v.“ Akad. nauk UzSSR.","Anvar Qosimov — Jahon iqtisodiyoti va diplomatiya universiteti va Toshkent Sharqshunoslik institutining professori boʻlib, Vetnam bilan hamkorlikni mustahkamlashdagi xizmatlari uchun Vetnam „Doʻstlik“ medaliga sazovor boʻlgan. U Hindistonning mustamlakachilikka qarshi kurashi va Maysur qirolligi tarixi boʻyicha bir necha ilmiy kitob va dissertatsiya muallifi."
"Albert Abraham Michelson (talaffuzi: Albert Abraham Maykelson) (1852.19.12, Strelno, hozirgi Stshelno, Polsha — 1931-yil, 5-sentyabr, Pasadena, Kaliforniya) — amerikalik fizik, AQSH Milliy Fanlar akademiyasi aʼzosi (1923—27 prezidenti). AQSH Harbiy dengiz akademiyasini tugatgan (1873). 1889—92 yillarda Massachusets shtatidagi Vuster universiteti, 1892—1929-yillarda Chikago universiteti professor Asosiy ilmiy ishlari fizik optikaga oid. 1878—82 yillar va 1924—26 yillarda yorugʻlik tezligini aniqlash ustida ish olib borgan. Natijada 1927-yilda u topgan yorugʻlik tezligining qiymati anikligi boʻyicha uzoq vaqt davomida eng mukammal hisoblangan: s=299796 ± 4 km/s. Optik texnikaning rivojlanishiga katta hissa qoʻshgan interferometriya ixtiro qilgan (1881). Oʻzi ixtiro qilgan interferometrii qoʻllab, yorugʻlik tezligining Yer harakati tezligiga bogʻliq emasligini tajribada isbotlagan (qarang Maykelson tajribasi), uzunlik birligi metr bilan yorugʻlikning toʻlqin uzunligini taqqoslagan, spektral chiziqlarning oʻta yupqa tuzilishini tekshirgan.","Albert Maykelson (1852–1931) — amerikalik fizik, AQSh Milliy Fanlar akademiyasi aʼzosi. U asosan optika sohasida ishlagan va 1927-yilda oʻsha davrning eng aniq yorugʻlik tezligi qiymatini topgan. U interferometrni ixtiro qilib, yorugʻlik tezligining Yer harakatiga bogʻliq emasligini tajribada isbotlagan."
"Antarktika antarktika va subantarktika mintaqasida joylashgan. Antarktika iqlimi uning yuqori kengliklarda joylashganligi, shuningdek okean ustidagi antitsiklonlarning oʻzaro munosabati bilan belgilanadi. Siklonlarning shimoliy qismida gʻarbiy shamollar, janubida esa sharqiy shamollar kuchli. Antarktika oblastining atmosfera sirkulyatsiyasi okean sirkulyatsiya tizimini yuzaga keltiradi. Antarktika shimoliy qismida kuchli Antarktika oqimi, janubida aylanma siklon oqimlari hukmron. Qitʼadan shimoliga tomon dengiz muzlari va aysberglar iliq suvlargacha oqib chiqadi va eriydi. Qishda dengiz muzliklari 1000 kilometr kenglikgacha ham tarqaladi, yezda esa qirgʻoq atroflarida harakatlanadi. Yiliga aysberglar koʻrinishida oʻrtacha 2000 kilometr3 chuchuk muzlar okeanga tushadi. A.ning ustki suvlari temperaturasi qishda — 1,8° dan 2° gacha, yozda 2° dan 3,5° gacha, shoʻrligi 34% atrofida.","Antarktika iqlimi uning joylashuvi va okean ustidagi havo oqimlariga bogʻliq — shimolda gʻarbiy, janubda sharqiy shamollar kuchli esadi. Bu atmosfera harakati okean oqimlarini ham hosil qiladi. Qishda dengiz muzi 1000 km gacha yoyiladi, yozda esa qirgʻoqqa yaqinlashadi. Har yili taxminan 2000 km³ muz aysberg shaklida okeanga tushadi. Suv harorati qishda -1,8°...2°C, yozda 2...3,5°C, shoʻrligi esa taxminan 34% ni tashkil qiladi."
Tarixda jahon chempionlari eng ko‘p bo‘lgan klublar reytingi: - «Yuventus» — 28 nafar futbolchi. - «Bavariya» — 23. - «Inter» — 22. - «Barselona» — 20 (+8). - «Roma» — 18. - «Penyarol» — 15. - «Santos» — 15. - «Real» Madrid — 13. - «Nasyonal» — 12. - «San-Paulu» — 12.,"Jahon chempionlari eng koʻp boʻlgan klublar reytingida „Yuventus“ 28 nafar, „Bavariya“ 23, „Inter“ 22, „Barselona“ 20, „Roma“ 18 futbolchi bilan yetakchilik qiladi."
"Polymarket versiyasiga ko‘ra, JCh-2026ning eng yaxshi o‘yinchisi bo‘lish ehtimoli quyidagicha taqsimlangan: 1. Lionel Messi (Argentina) — 88% (+76%). 2. Rodri (Ispaniya) — 9% (-2%). 3. Lamin Yamal (Ispaniya) — 2% (-16%). 4. Kilian Mbappe (Fransiya) — 1% (-13%). 5. Jud Bellingem (Angliya) — 1%. 6. Garri Kein (Angliya) — 1 foizdan kam.","Polymarket maʼlumotlariga koʻra, JCh-2026ning eng yaxshi oʻyinchisi boʻlish ehtimoli boʻyicha Lionel Messi (Argentina) 88% bilan yetakchi, undan keyin Rodri (9%), Lamin Yamal (2%), Kilian Mbappe va Jud Bellingem (bir foizdan) boradi."
"Messi zo‘rlar reytingida birinchi o‘ringa ko‘tarildi The Athletic nashriAQSh, Meksika va Kanadada o'tayotgan jahon chempionati ishtirokchilari orasida eng kuchli futbolchilarning yangilangan reytingini e'lon qildi. Yarim final bahslaridan so'ng ham Argentina terma jamoasi yetakchisi Lionel Messi ro'yhatning birinchi pog'onasini saqlab qoldi. Fransiya terma jamoasi yulduzi Kilian Mbappe ikkinchi o'rinni egallagan, uchinchi pog'onaga esa Ispaniya yarim himoyachisi Rodri joylashgan. The Athletic talqiniga ko'ra, JCh–2026ning eng yaxshi 10 futbolchisi quyidagicha: 1. Lionel Messi (Argentina). 2. Kilian Mbappe (Fransiya). 3. Rodri (Ispaniya). 4. Jud Bellingem (Angliya). 5. Garri Keyn (Angliya). 6. Erling Holand (Norvegiya). 7. Emerik Laport (Ispaniya). 8. Pau Kubarsi (Ispaniya). 9. Maykl Olise (Fransiya). 10.","The Athletic nashri JCh-2026 ishtirokchilari orasidan eng kuchli 10 futbolchi reytingini eʼlon qildi. Yarim finaldan soʻng ham Messi (Argentina) birinchi oʻrinni saqlab qoldi, undan keyin Mbappe (Fransiya) va Rodri (Ispaniya) joylashdi. Roʻyxatga Bellingem, Keyn, Xoland, Laporte, Kubarsi va Olise ham kirdi."
"Vinisius Juniyor (Braziliya). 10. Emerik Laport (Ispaniya). Eslatib o'tamiz, 2026 yildgi jahon chempionati 11 iyundan boshlab AQSh, Kanada va Meksika hududida o'tmoqda. Musobaqaning hal qiluvchi bahsi 19 iyul kuni AQShning Ist-Raterford shahrida bo'lib o'tadi.","Roʻyxatda Vinisius Junior va Emerik Laporte ham bor edi. 2026-yilgi jahon chempionati 11-iyundan AQSh, Kanada va Meksikada oʻtmoqda, final bahsi esa 19-iyulda AQShning Ist-Raterford shahrida boʻlib oʻtadi."
"Mundialda eng zo‘r o‘ynayotgan futbolchi kim? The Athletic amaliy nashri AQSh, Meksika va Kanadada o'tayotgan jahon chempionati ishtirokchilari orasidagi eng kuchli futbolchilarning yangilangan reytingini e'lon qildi. Ro'yhatning birinchi pog'onasidan Argentina terma jamoasi yetakchisi, hujumchi Lionel Messi joy oldi. Ikkinchi o'rinni Frantsiya terma jamoasi yulduzi Kilian Mbappe egallagan. Angliya terma jamoasi yarim himoyachisi Jud Bellingem esa uchinchi pog'onaga qo'yilgan. The Athletic talqiniga ko'ra, ""JCh–2026""ning eng kuchli 10 futbolchisi: 1. Lionel Messi (Argentina). 2. Kilian Mbappe (Frantsiya). 3. Jud Bellingem (Angliya). 4. Garri Keyn (Angliya). 5. Erling Xoland (Norvegiya). 6. Maykl Olise (Frantsiya). 7. Usman Dembele (Frantsiya). 8. Ashraf Hakimi (Marokko). 9.","The Athletic nashri JCh-2026dagi eng kuchli futbolchilar reytingini eʼlon qildi. Birinchi oʻrinda Messi (Argentina), ikkinchisida Mbappe (Fransiya), uchinchisida Bellingem (Angliya) turibdi. Roʻyxatga Keyn, Xoland, Olise, Dembele va Hakimi ham kiritilgan."
“JCh-2026”. Final: Ispaniya — Argentina onlayn hisob “Jahon chempionati — 2026” final uchrashuvi Ispaniya va Argentina terma jamoalari oʻrtasida boʻlib oʻtadi. Ushbu bahsni Sports.uz sayti orqali hisobni onlayn kuzatib boring. “Jahon chempionati — 2026” final uchrashuvi Ispaniya va Argentina terma jamoalari oʻrtasida boʻlib oʻtadi. Ushbu bahsni Sports.uz sayti orqali hisobni onlayn kuzatib boring.,„Jahon chempionati — 2026“ finalida Ispaniya va Argentina terma jamoalari uchrashadi. Bahs hisobini Sports.uz saytida onlayn kuzatish mumkin.
"""JCh-2026"". Angliya — Argentina uchrashuvi uchun asosiy tarkiblar ma'lum ""Jahon chempionati — 2026"" yarim finalidan o‘rin olgan Angliya va Argentina o‘rtasidagi o‘yin uchun asosiy tarkiblar e’lon qilindi. Uchrashuv 00:00da boshlanadi. ""Jahon chempionati — 2026"" yarim finalidan o‘rin olgan Angliya va Argentina o‘rtasidagi o‘yin uchun asosiy tarkiblar e’lon qilindi. Uchrashuv 00:00da boshlanadi.",„Jahon chempionati — 2026“ yarim finalida Angliya va Argentina uchrashuvi uchun asosiy tarkiblar eʼlon qilindi. Oʻyin soat 00:00 da boshlanadi.
"""JCh-2026"". Fransiya — Ispaniya uchrashuvi uchun asosiy tarkiblar ma'lum ""Jahon chempionati — 2026"" yarim finalidan o‘rin olgan Frantsiya va Ispaniya o‘rtasidagi o‘yin uchun asosiy tarkiblar e’lon qilindi. Uchrashuv 00:00da boshlanadi. ""Jahon chempionati — 2026"" yarim finalidan o‘rin olgan Frantsiya va Ispaniya o‘rtasidagi o‘yin uchun asosiy tarkiblar e’lon qilindi. Uchrashuv 00:00da boshlanadi.",„Jahon chempionati — 2026“ yarim finalida Fransiya va Ispaniya uchrashuvi uchun asosiy tarkiblar eʼlon qilindi. Oʻyin soat 00:00 da boshlanadi.
"""JCh-2026""ning eng yaxshi oʻyinchilari reytingi yangilandi The Athletic nashri 2026 yildgi jahon chempionatida ishtirok etayotgan eng kuchli futbolchilarning yangilangan reytingiga oydinlik kiritdi. Ro‘yxatning yuqori qismida jiddiy o‘zgarish kuzatilmadi: birinchi o‘rinni yana Lionel Messi egallagan, ikkinchi pog‘onada esa Kilian Mbappe qolgan. Quyida top-10lik bilan tanishishingiz mumkin. Qavs ichida o‘tgan reytingga nisbatan o‘rinlar o‘zgarishi ko‘rsatilgan. 1. Lionel Messi (o‘zgarish yo‘q) 2. Kilian Mbappe (o‘zgarish yo‘q) 3. Jud Bellingem (+4 pog‘ona) 4. Harri Keyn (-1 pog‘ona) 5. Erling Xoland (-1 pog‘ona) 6. Maykl Olise (o‘zgarish yo‘q) 7. Usman Dembele (+4 pog‘ona) 8. Ashraf Hakimi (-3 pog‘ona) 9. Vinisius Zhunior (-1 pog‘ona) 10. Emerik Lyaport (-1 pog‘ona) Shu bilan birga, jahon chempionati yarim final uchrashuvlari 14 va 15 iyul kunlari bo‘lib o‘tishi ma’lum qilindi.","The Athletic nashri JCh-2026ning eng yaxshi oʻyinchilari reytingini yangiladi — Messi birinchi, Mbappe ikkinchi oʻrinni saqlab qoldi. Bellingem va Dembele toʻrt pogʻonaga koʻtarildi. Yarim final uchrashuvlari 14–15-iyul kunlari boʻlib oʻtishi maʼlum qilindi."
Bugun Jahon chempionati–2026 final bahsi bo‘lib o‘tadi. Unda Argentina terma jamoasi Ispaniya milliy jamoasiga qarshi chempionlik uchun maydonga tushadi.,Bugun Jahon chempionati–2026 finali boʻlib oʻtadi — Argentina Ispaniyaga qarshi chempionlik uchun bellashadi.
Ispaniya tarixida bu jahon chempionatidagi ikkinchi chempionlik boʻldi. Ilk marta ispanlar 2010 yilda jahon chempioni boʻlishgan edi.,Bu Ispaniyaning jahon chempionatidagi ikkinchi gʻalabasi boʻldi. Ilk marta ular 2010-yilda chempion boʻlishgan edi.
"Ammo o‘sha paytda 18 yoshda bo‘lgan Lionel Messi o‘yinga jalb etilmagan edi. Jahon chempionati–2026ning ikkinchi yarim finali Angliya – Argentina uchrashuvi bugun, 15 iyul kuni Atlanta shahrida bo‘lib o‘tadi. Bellashuv soat 00:00 da start oladi.","Jahon chempionati–2026ning ikkinchi yarim finalida Angliya va Argentina 15-iyul kuni Atlanta shahrida, soat 00:00 da uchrashadi. O'sha paytda 18 yoshli Lionel Messi jamoaga chaqirilmagan edi."
"Jahon chempionati 19 iyul kuni yakunlandi. Finalda Ispaniya terma jamoasi qo‘shimcha daqiqalarda Argentina jamoasini 1:0 hisobida mag‘lub etib, musobaqa g‘olibi bo‘ldi.","Jahon chempionati 19-iyulda yakunlandi. Finalda Ispaniya Argentinani qoʻshimcha vaqtda 1:0 hisobida magʻlub etib, chempion boʻldi."
Jahon chempionati finali AQShning Ist-Raterford shahrida joylashgan «Metlayf» stadionida o‘tkaziladi. Uchrashuv boshlanish vaqti – Toshkent vaqti bilan soat 23:59.,Jahon chempionati finali AQShning Ist-Raterford shahridagi „Metlayf“ stadionida Toshkent vaqti bilan soat 23:59 da boshlanadi.
"""JCh-2026"". Fransiya — Angliya: Asosiy tarkiblar ma'lum ""Jahon chempionati — 2026"" 3-o‘rin sohibini aniqlab beruvchi bellashuv uchun Frantsiya va Angliya terma jamoalarining asosiy tarkiblari ma’lum. O‘yin 02:00da start oladi. ""Jahon chempionati — 2026"" 3-o‘rin sohibini aniqlab beruvchi bellashuv uchun Frantsiya va Angliya terma jamoalarining asosiy tarkiblari ma’lum. O‘yin 02:00da start oladi.",„Jahon chempionati — 2026“da 3-oʻrin uchun Fransiya va Angliya jamoalarining asosiy tarkiblari eʼlon qilindi. Oʻyin soat 02:00 da boshlanadi.
Turnir tarixida ilk bor musobaqada 48 ta terma jamoa ishtirok etdi. Kubokni Ispaniya terma jamoasi qoʻlga kiritdi. Finalda “qizil furiya” Argentina ustidan 1:0 hisobida gʻalaba qozondi. Uchinchi oʻrin Angliyaga nasib etdi. Bronza medallari uchun bahs juda sermahsul oʻtdi: inglizlar Frantsiya darvozasini 6 marta ishgʻol etdi va 6:4 hisobida zafar quchdi.,"Ilk marta 48 terma jamoa ishtirok etgan turnirda Ispaniya gʻolib chiqdi — finalda Argentinani 1:0 hisobida magʻlub etdi. Uchinchi oʻrinni Angliya egalladi, u Fransiyani 6:4 hisobida yengdi."
"Statistikadan ko‘rinib turibdiki, milliy terma jamoaning Fayyo Kannavaro boshchiligidagi murabbiylar shtabi maydondagi vaziyatga juda faol munosabat bildirgan va o‘yin jarayonida taktik tuzilishni muntazam ravishda yangilab borgan. 90 daqiqa ichida o‘yin sxemasini eng ko‘p o‘zgartirgan terma jamoalar o‘nligi quyidagicha ko‘rinish oldi: 1. Qatar — 3,3 2. Iordaniya — 3,3 3. Belgiya — 3,0 4. Chexiya — 3,0 5. Paragvay — 2,8 6. Angliya — 2,7 7. O‘zbekiston — 2,7 8. Eron — 2,7 9. Aljir — 2,5 10. Misr — 2,4. Eslatib o‘tamiz, o‘z tarixida ilk bor jahon chempionatida ishtirok etgan O‘zbekiston milliy terma jamoasi ""K"" guruhida Kolumbiya, Portugaliya va Kongo Demokratik Respublikasi vakillari bilan kuch sinashib, uchala uchrashuvni boy berdi.","Fabio Kannavaro boshchiligidagi jamoa oʻyin davomida taktikani faol oʻzgartirgan. 90 daqiqada eng koʻp taktik oʻzgarish kiritgan jamoalar orasida Qatar va Iordaniya yetakchilik qilgan, Oʻzbekiston esa yettinchi oʻrinda boʻlgan. Oʻzbekiston tarixida birinchi marta jahon chempionatida ishtirok etib, „K“ guruhida Kolumbiya, Portugaliya va KDR bilan uchrashuvlarning barchasida magʻlub boʻlgan."
"Ispaniya terma jamoasi jahon rekordini takrorladi Jahon chempionati pley-off bosqichi, yarim final: Fransiya va Ispaniya terma jamoalari oʻrtasidagi bellashuv yakunlandi. Uchrashuvda 2:0 hisobida Ispaniya gʻalaba qozondi. Gʻolib jamoa tarkibida hisobni Mikel Oyarsabal penaltiidan ochdi. Ikkinchi gol muallifi esa Pedro Porro boʻldi. U Ispaniya terma jamoasi tarixida bir jahon chempionati doirasida ikki marta gol urgan ikkinchi himoyachi sifatida qayd etildi. Shu tariqa, Ispaniya terma jamoasi asosiy vaqtda magʻlubiyatsiz seriyasini 37 oʻyinga yetkazdi va dunyo rekordini takrorladi. Bu koʻrsatkich avval Italiya terma jamoasiga tegishli edi. Terma jamoalarning rekord seriyalari: 1–2. Italiya — 37 oʻyin (2018–2021); 1–2. Ispaniya — 37 oʻyin (2024–2026); 3.","Yarim finalda Ispaniya Fransiyani 2:0 hisobida magʻlub etdi — golларни Mikel Oyarsabal (penalti) va Pedro Porro urdi. Shu bilan Ispaniya magʻlubiyatsiz seriyasini 37 oʻyinga yetkazib, bu boʻyicha Italiyaning jahon rekordini takrorladi."
Hozirgacha Mbappe 2026 yildgi jahon chempionatida Frantsiya terma jamoasining barcha olti uchrashuvida maydonga tushdi. Uning hisobida sakkizta gol va bitta golli uzatma mavjud.,"Mbappe 2026-yilgi jahon chempionatida Fransiya jamoasining barcha olti oʻyinida maydonga tushib, sakkiz gol urgan va bir marta golli pas bergan."
Braziliya terma jamoasi jahon chempionatlari tarixida besh karra g‘olib hisoblanadi. Jamoa 36 yil ichida ilk bor musobaqaning chorak finaligacha yetib bora olmadi.,"Braziliya jahon chempionatlari tarixida besh marta gʻolib chiqqan, biroq bu safar 36 yilda birinchi marta chorak finalgacha yetolmadi."
Jahon chempionatida qo‘lga kiritilgan uchinchi o‘rin 1966 yildan buyongi eng yuqori natija hisoblanadi. O‘shanda inglizlar jahon chempioni bo‘lishgan edi.,Jahon chempionatidagi bu uchinchi oʻrin 1966-yildan buyongi eng yaxshi natija boʻldi — oʻshanda inglizlar jahon chempioni boʻlgan edi.
"Tuxel o‘rniga Angliya terma jamoasi uchun ikki nomzod topildi 79 yoshli ingliz murabbiyi Garri Rednapp Angliya terma jamoasi bosh murabbiyligiga Tomas Tuxel o‘rniga ikki nomzodni taklif qildi. Jahon chempionatida inglizlar bronza medalini qo‘lga kiritdi. Tuxel jamoasi uchinchi o‘rin uchun bahsda Fransiyani 6:4 hisobida mag‘lub etdi. - Eddi Xau yoki Frenk Lempard kabi murabbiylar bor, ular Angliya terma jamoasini qabul qilib olish imkoniyatini ko‘rib chiqishi mumkin. Ishonchim komilki, ular ham kamida Tomas Tuxel kabi natija ko‘rsata oladi. Keling, o‘zimizni aldamaylik. U bizni mutlaqo yangi bosqichga olib chiqqani yo‘q. Aslida hech narsa o‘zgarmadi. Finalga chiqa olmadik, — dedi Rednapp. Tomas Tuxel 2025 yildan beri Angliya terma jamoasini boshqarib kelmoqda.","79 yoshli murabbiy Garri Rednapp Angliya terma jamoasiga Tomas Tuxel oʻrniga ikki nomzod — Eddi Xau yoki Frenk Lempardni taklif qildi. Jamoa jahon chempionatida bronza medal olgan boʻlsa-da, Rednapp Tuxel jamoani yangi bosqichga olib chiqmagani va finalga chiqolmaganini taʼkidladi. Tuxel 2025-yildan Angliya jamoasini boshqarib kelmoqda."
"Jahon chempionati finalida Argentina terma jamoasi Ispaniya jamoasiga qarshi maydonga tushadi. 2026 yildgi jahon chempionati 11 iyundan 19 iyulgacha AQSh, Kanada va Meksika hududida oʻtkazilmoqda. Final bahsi AQShning Ist-Raterford shahrida boʻlib oʻtadi.","Jahon chempionati finalida Argentina Ispaniyaga qarshi maydonga tushadi. 2026-yilgi musobaqa 11-iyundan 19-iyulgacha AQSh, Kanada va Meksikada oʻtkazilib, final AQShning Ist-Raterford shahrida boʻlib oʻtadi."
"Eslatib o‘tamiz, jahon chempionatining uchinchi o‘rin uchun bahsida Frantsiya terma jamoasi Angliyaga qarshi maydonga tushadi. Uchrashuv 18 iyuldan 19 iyulga o‘tar kechasi bo‘lib o‘tadi.",Jahon chempionatining uchinchi oʻrin uchun bahsida Fransiya Angliyaga qarshi chiqadi. Uchrashuv 18-19-iyul kechasi boʻlib oʻtadi.
"Usman Dembele (Fransiya). Eslatib o'tamiz, 2026 yildgi jahon chempionati 11 iyundan boshlab AQSh, Kanada va Meksika shaharlarida o'tkazilmoqda. Musobaqaning hal qiluvchi uchrashuvi 19 iyul kuni AQShning Ist-Raterford shahrida bo'lib o'tadi.","Roʻyxatda Usman Dembele (Fransiya) ham bor. 2026-yilgi jahon chempionati AQSh, Kanada va Meksikada 11-iyundan 19-iyulgacha oʻtkazilmoqda, final esa Ist-Raterford shahrida boʻlib oʻtadi."
"U o‘tgan mavsumda jamoa bilan birga Yevropa Ligasi g‘olibligini qo‘lga kiritgan. Rojers Angliya terma jamoasi tarkibida 22 ta o‘yinda maydonga tushgan va 1 ta gol urgan. Transfermarkt ma’lumotlariga ko‘ra, uning «Chelsi»ga o‘tishi 137,3 million yevro atrofida baholangan.","U oʻtgan mavsumda jamoasi bilan Yevropa Ligasi gʻolibi boʻlgan. Angliya jamoasida 22 oʻyin oʻtkazib, 1 gol urgan. Transfermarkt maʼlumotiga koʻra, uning „Chelsi“ga oʻtishi 137,3 million yevroga baholangan."
"Yamal ""JCH-2026""dagi samaradorligi haqida fikr bildirdi Ispaniya terma jamoasi vingeri Lamin Yamal ""Jahon chempionati–2026"" yarim finali oldidan musobaqadagi shaxsiy natijasi haqida fikr bildirdi. Uning hisobida hozircha 6 o‘yinda bitta gol bor. ""Men gol urishga o‘ta berilib qolmaganman. Lekin bunday darajadagi o‘yinda gol kiritish alohida voqea bo‘ladi. Bu chaqiriqni qabul qilaman. Men bu yerda aynan shuning uchundaman. Bu – hamma kutgan o‘yin. O‘ylaymanki, tomoshabinlar juda chiroyli bahsni ko‘rishadi. Shu bilan birga, hayotda futbol o‘yinidan ham qiyinroq vaziyatlar bo‘ladi, shuning uchun o‘zimni xotirjam his qilaman. Hech qanday ortiqcha bosim sezmayapman. Maydonga chiqaman va har doimgidek jamoa uchun bor kuchimni ishga solaman"", – dedi Yamal.","Ispaniyalik Lamin Yamal jahon chempionati yarim finali oldidan shaxsiy natijasi haqida gapirdi — u hozircha 6 oʻyinda bir gol urgan. U gol urishga unchalik intilmasligini, lekin bu darajadagi oʻyinda gol muhim ekanini aytdi va oʻzini xotirjam his qilayotganini bildirdi."
"Rasman! ""Roma"" Dibala bilan shartnomani uzaytirdi «Roma» klubi hujumchisi Paulo Dibala jamoa bilan yangi shartnoma imzoladi. Italiya klubi matbuot xizmati xabariga ko‘ra, 32 yoshli argentinalik futbolchi bilan tuzilgan yangi kelishuv bir mavsumga mo‘ljallangan. Uning avvalgi shartnomasi 30 iyunga qadar amal qilar edi. Dibala 2022 yildan beri «Roma» sharafini himoya qilib kelmoqda. O‘tgan mavsumda u jamoa tarkibida 27 ta o‘yinda maydonga tushib, 3 ta gol urdi va 8 ta golli pas muallifi bo‘ldi. Paulo bunga qadar, «Palermo» va «Yuventus» klublarida ham to‘p surgan. «Yuventus» bilan birga u Italiya chempionligini besh marotaba qo‘lga kiritgan. 2022 yilda Dibala Argentina terma jamoasi tarkibida jahon chempioniga aylangan. «Roma» o‘tgan mavsumni Seriya A chempionati jadvalida 3-o‘rinda yakunlab, Chempionlar ligasi yo‘llanmasiga ega chiqdi.","„Roma“ klubi hujumchisi Paulo Dibala bilan bir mavsumga shartnoma uzaytirdi. 32 yoshli argentinalik 2022-yildan „Roma“da oʻynab, oʻtgan mavsum 27 oʻyinda 3 gol urgan va 8 golli pas bergan. U avval „Yuventus“da beshta chempionlik yutgan, 2022-yilda esa Argentina bilan jahon chempioni boʻlgan."
"Ispaniya terma jamoasi Fransiyani 2:0 hisobida mag‘lub etib, jahon chempionati finaliga yo‘l oldi. Shu tariqa jamoa o‘z tarixida ikkinchi bor dunyo chempioni bo‘lish imkoniyatini saqlab qoldi.","Ispaniya Fransiyani 2:0 hisobida magʻlub etib, jahon chempionati finaliga yoʻl oldi va ikkinchi marta dunyo chempioni boʻlish imkoniyatini saqlab qoldi."
"“Real”ga o‘tmasam bo‘lmaydi! “Manchester Siti” klubi va Ispaniya milliy terma jamoasi yarim himoyachisi Rodri Madriddning “Real” klubiga o‘tishdan manfaatdor. Bu haqida jurnalist Ramon Alvares ijtimoiy tarmoqlarda ma'lum qildi. Manbaga ko‘ra, Rodri “Manchester Siti” bilan shartnomasini uzaytirishdan bosh tortmoqda. Uning amaldagi shartnomasi 2027 yil yozida yakunlanadi. 30 yoshli futbolchi Ispaniyaga qaytish va «Real» safida o‘ynashni istamoqda. Ispaniyalik yarim himoyachi 2019 yildan buyon Manchester klubida to‘p surib kelmoqda. Shu vaqt mobaynida u barcha musobaqalarda 298 ta uchrashuv o‘tkazib, 28 ta gol urdi va 32 ta golli uzatma amalga oshirdi. Avvalroq Sport.es nashri “Real” bosh murabbiyi Joze Mourinyo Rodrini jamoaga olib kelishni xohlayotgani, biroq “shaharliklar” transfer uchun talab qilayotgan 100 million yevro qimmat ekanini ta'kidlagani haqida xabar bergan edi.","„Manchester Siti“ va Ispaniya yarim himoyachisi Rodri „Real Madrid“ga oʻtishni istayotgani maʼlum boʻldi. 30 yoshli futbolchi „Siti“ bilan shartnomasini uzaytirishdan bosh tortmoqda, uning shartnomasi 2027-yilda tugaydi. U 2019-yildan „Siti“da 298 oʻyin oʻtkazib, 28 gol urgan va 32 golli pas bergan."
"Bundan tashqari, “Qirollik klubi” prezidenti Florentino Peres ham Rodrining transferini ma'qullamayapti. Yakshanba kuni Ispaniya terma jamoasi Jahon chempionati finalida Argentinani 1:0 hisobida mag‘lub etdi. Rodri turnirning eng yaxshi futbolchisi, deb topildi. Shuningdek, Rodri jahon chempioni, Chempionlar ligasi g‘olibi va “Oltin to‘p” sohibi bo‘lgan tarixdagi 11-futbolchiga aylandi. Transfermarkt portali futbolchining transfer qiymatini 50 million yevro deb baholamoqda.","„Real“ prezidenti Florentino Peres ham Rodrining transferini maʼqullamayapti. Ispaniya jahon chempionati finalida Argentinani 1:0 hisobida magʻlub etib, Rodri turnirning eng yaxshi futbolchisi deb topildi hamda jahon chempioni, Chempionlar ligasi gʻolibi va „Oltin toʻp“ sohibi boʻlgan 11-futbolchiga aylandi."
"Ular jahon chempionligini Messiга olib bermoqchi, — deya ta’kidlagan jurnalist. Natijada Argentina finalgacha yetib bordi, hal qiluvchi bahsda esa Ispaniyaga 0:1 hisobida mag‘lub bo‘ldi. Argentina terma jamoasi sardori Lionel Messi uchun bu final faoliyatidagi uchinchi hal qiluvchi o‘yin bo‘ldi. 2014 yilda uning jamoasi Germaniyaga yutqazgan, 2022 yilda esa Argentina Fransiyani mag‘lub etgan edi. 41 yoshli Krishtianu Ronaldu boshchiligidagi Portugaliya terma jamoasi esa musobaqani 1/8 finalda tark etdi. Portugaliya aynan Ispaniyaga 0:1 hisobida mag‘lub bo‘ldi.","Argentina finalgacha yetib borib, hal qiluvchi oʻyinda Ispaniyaga 0:1 hisobida yutqazdi. Bu Messi uchun uchinchi final boʻldi — 2014-yilda Germaniyaga yutqazgan, 2022-yilda esa Fransiyani magʻlub etgan edi. Ronaldu boshchiligidagi Portugaliya esa 1/8 finalda, aynan Ispaniyaga 0:1 hisobida yutqazib, musobaqani tark etgan."
"""JCh-2026"". Ispaniya Ferranning goli evaziga Argentinani mag‘lub etib, jahon chempioniga aylandi ""Jahon chempionati — 2026"" finalida Ispaniya minimal hisobda Argentinani mag‘lub etdi — 1:0. Yagona gol 106-daqiqada Ferran Torres tomonidan kiritildi. Uchrashuv to‘laqonli Ispaniyaning dominantligi ostida kechdi. Ispanlar zarbalar va to‘p nazoratda ustunlik qilishdi. Argentina uchrashuvda birorta ham golli vaziyat yaratolmadi. 90+3-daqiqada Enzo Fernandes ikkinchi sariq kartochka olib maydondan chetlatildi. Shu tariqa, ""qizil furiya""lar 2026 yildgi mundialni bor yo‘g‘i 1 ta gol o‘tkazib, chempionlik bilan yakunlashdi.","Jahon chempionati-2026 finalida Ispaniya Argentinani 1:0 hisobida magʻlub etib, chempion boʻldi. Yagona golni 106-daqiqada Ferran Torres urdi. Ispaniya oʻyin davomida ustunlik qilib, Argentina birorta golli imkoniyat yarata olmadi, 90+3-daqiqada esa Enzo Fernandes ikkinchi sariq kartochka olib maydondan chetlatildi."
"«Barselona» sport direktori: «Bir tomonda Messi, ikkinchi tomonda — «Barselona» «Barselona» sport direktori Deku 19 iyul kuni bo‘lib o‘tadigan 2026 yildgi jahon chempionati finali haqida fikr bildirib, Ispaniya va Argentina terma jamoalari orasidagi uchrashuvda kimni favorit deb bilajagi haqidagi savolga javob berdi. «Leo biz uchun abadiy o‘zimizniki. Tanlash juda qiyin. Bir tomonda – Leo. U nafaqat mening do‘stim, balki «Barselona» muxlislari uchun hammasiga o‘zini bag‘ishlagan futbolchi. U – afsona. U ko‘rsatayotgan o‘yin men uchun hali ham hayratlanarli. Boshqa tomonda esa «Barselona» futbolchilari bor. Shu bois bu oson qaror emas, ertaga barchaga diqqat bilan nazar tashlaymiz. O‘ylaymanki, final juda hayajonli o‘tadi», – deya Dekuni so‘zlarini COPE manbasiga tayanib Mundo Deportivo keltiradi.","„Barselona“ sport direktori Deku jahon chempionati finalida kimni qoʻllab-quvvatlashi haqidagi savolga javob berib, Messi „Barselona“ uchun abadiy oʻziniki ekanini, ammo klub futbolchilari ham muhimligini aytdi va tanlov qiyin ekanini bildirdi."
"DJUD BELLINGEM – 3,0. Bellingem avvalgi o‘yinlarda Angliyani necha bor qutqargan bo‘lsa, bu safar shunchaki qutqara olmadi. Undan yana bir bor yakkalikda oldinga chiqib, hal qiluvchi zarba yo‘llash kutilgandi. Lekin buni argentinaliklar ham yaxshi tushundi va unga umuman zarba berish imkonini qoldirmadi. Aksincha, «albiseleste» aynan shunday vaziyatlardan foyda ko‘rdi. Djuddan kutilgan talab juda yuqorimi? Lekin o‘zi shu darajaga o‘rgatib qo‘ygan. Bellingemning kutilgan golli paslar ko‘rsatkichi ham deyarli nolga teng – bor-yo‘g‘i 0,01. XARRI KEYN – 3,0. Keyn ham Bellingem kabi o‘ynadi – kutilgan darajada emas. Oldin chiziqda unga deyarli hech narsa tushmadi, shu bois u orqaga chekinib, chuqurroq pozitsiyadan uzatmalar berishga majbur bo‘ldi.","Bellingem bu safar avvalgi oʻyinlaridagidek jamoani qutqara olmadi — argentinaliklar unga zarba berish imkonini bermadi. Keyn ham kutilgan darajada oʻynay olmay, orqaroqdan uzatma berishga majbur boʻldi."
"Lamin Yamal final oldidan muammoga duch keldi Ispaniya terma jamoasi hujumchisi Lamin Yamal 2026 yildgi jahon chempionati finali oldidan son qismida noqulaylik sezayotganini xabar qilindi. Bu haqida ispan nashri AS ma'lumot berdi. Manbaga ko‘ra, futbolchi payshanba kuni jamoadan alohida, individual dastur asosida mashg‘ulot o‘tkazgan. Uning chap sonida maxsus bog‘lam borligi kuzatilgan. Shu bilan birga, jurnalist Alfredo Martines ma'lumotiga ko‘ra, Yamal final uchrashuvigacha to‘liq tayyor holatga kelishi kutilmoqda. Jahon chempionati finali 19 iyul kuni bo‘lib o‘tadi. Hal qiluvchi bahsda Ispaniya va Argentina terma jamoalari to‘qnash keladi. Musobaqa AQSh, Kanada va Meksika hududlarida o‘tkazilmoqda. Yamal bu turnirda shu paytgacha yetti o‘yinda maydonga tushib, bir bor gol urdi. 19 yoshli Yamal ""Barselona"" tarbiyalanuvchisi hisoblanadi.","Ispaniyalik Lamin Yamal jahon chempionati finali oldidan son qismida noqulaylik sezayotgani maʼlum boʻldi — u alohida mashgʻulot oʻtkazib, sonida bogʻlam bilan koʻrindi. Jurnalist maʼlumotiga koʻra, u finalgacha toʻliq tayyor boʻlishi kutilmoqda. 19 yoshli Yamal turnirda yetti oʻyinda bir gol urgan."
"Ushbu yosh toifasidagi medallar taqsimoti quyidagicha: 1. Oʻzbekiston — 4-2-0 (6); 2. Qozogʻiston — 3-0-3 (6); 3. Hindiston — 2-6-0 (8); 4. Indoneziya — 1-1-0 (2); 5. Tayvan — 0-1-3 (4); 6. Yaponiya — 0-0-4 (4); 6. Vyetnam — 0-0-4 (4); 8. Qirgʻiziston — 0-0-2 (2); 9. Tailand — 0-0-1 (1); 9. Tojikiston — 0-0-1 (1); 9. Janubiy Koreya — 0-0-1 (1); 9. Moʻgʻuliston — 0-0-1 (1). Maʼlumot uchun, Jakartada shu bilan birga erkaklar oʻrtasida 19 va 23 yoshgacha boʻlgan bokschilar ishtirokidagi Osiyo chempionati ham oʻtkazilmoqda. Ushbu musobaqada final janglari payshanba, 16 iyul kuni boʻlib oʻtadi.","Yosh boʻyicha medallar taqsimoti: Oʻzbekiston — 6 medal (4 oltin), Qozogʻiston — 6 medal (3 oltin), Hindiston — 8 medal (2 oltin), qolgan oʻrinlarni Indoneziya, Tayvan, Yaponiya, Vyetnam va boshqa mamlakatlar egalladi. Jakartada shu bilan birga yosh bokschilar Osiyo chempionati ham oʻtkazilmoqda, uning finallari 16-iyulda boʻlib oʻtadi."
"Messi 2022 yildgi jahon chempioni, 2014 yildgi jahon chempionati finalchisi, 2008 yildgi Olimpiada chempioni hisoblanadi. Shuningdek, u 2021 va 2024 yillarda Amerika Kubogini qo‘lga kiritgan. Afsonaviy hujumchi 8 marta ""Oltin to‘p"" sovrinini qo‘lga kiritgan yagona futbolchi sifatida ham rekordchi hisoblanadi. Jahon chempionati AQSh, Kanada va Meksika hududida o‘tkazilmoqda. Musobaqa 19 iyul kuni Argentina va Ispaniya terma jamoalari ishtirokidagi final bilan nihoyasiga yetadi.","Messi — 2022-yilgi jahon chempioni, 2014-yilgi final ishtirokchisi va 2008-yilgi Olimpiada chempioni, shuningdek 2021 va 2024-yillarda Amerika kubogi sohibi. U sakkiz marta „Oltin toʻp“ olgan yagona futbolchi. Jahon chempionati 19-iyulda Argentina-Ispaniya finali bilan yakunlanadi."
Finalda Ispaniya terma jamoasi qoʻshimcha daqiqalarda Argentinga qarshi oʻyinda 1:0 hisobida gʻalaba qozondi. Uchinchi oʻrin uchun bahsda esa Angliya terma jamoasi Fransiyani 6:4 hisobida magʻlub etdi.,Finalda Ispaniya qoʻshimcha vaqtda Argentinani 1:0 hisobida magʻlub etdi. Uchinchi oʻrin uchun bahsda Angliya Fransiyani 6:4 hisobida yengdi.
"Messi Argentina terma jamoasi haqida: ""Oxirgi to‘rt yilda dunyodagi eng yaxshi jamoa. Hech kim bizga hech narsa sovg‘a qilmadi"" Argentina terma jamoasi forvardi Lionel Messi jamoaning jahon chempionatidagi natijalari haqida fikr bildirdi. Argentina JCh–2026 finaliga yo‘l oldi. Jamoa yarim finalda Angliya terma jamoasini 2:1 hisobida mag‘lub etdi. «Odamlar bu lahzadan bahra olishda davom etsin. Bu jamoa qo‘lga kiritgan yutuqlar – aql bovar qilmas darajada. Yana bir final, biz yana jahon chempioni bo‘lish uchun qaytdik. Oxirgi to‘rt yilda biz dunyodagi eng kuchli jamoamiz, kim nima demasin. Bu natijalar tasodif emasligini ko‘rsatadi, bizga hech kim hech narsani hadya qilmadi. Jahon chempionati finaliga ikki marta chiqish – kamdan-kam jamoaga nasib etadigan yutuq, bu tarkib esa bunga erishdi», – dedi Messi.","Messi Argentina jamoasi soʻnggi toʻrt yilda dunyodagi eng kuchli jamoa ekanini aytdi. Argentina yarim finalda Angliyani 2:1 hisobida magʻlub etib, finalga chiqdi. Messi jamoaning yutuqlari tasodif emasligini va bu natijalarga hech kim yordam bermaganini taʼkidladi."
"""Real"" ""Barselona"" hujumchisi Ferran Torresni kuzatmoqda ""Real Madrid"" ""Barselona"" hujumchisi Ferran Torresning kelajagini diqqat bilan kuzatib bormoqda. U Ispaniya terma jamoasi tarkibida 2026 yildgi jahon chempionati finalida g‘alabali gol muallifi bo‘lgan edi. Bu haqida L’Equipe nashri xabar berdi. Manba ma’lumotiga ko‘ra, Torres o‘zini ""Barselona""ning uzoq muddatli rejalariida ko‘rmayapti. Unga ko‘ra, klub 2027 yil yozida tugab qoladigan shartnomani uzaytirishga jiddiy qiziqish bildirmayapti. Shu bilan birga, kataloniyaliklar 26 yoshli futbolchini taxminan 50 million yevro atrofida baholamoqda. Klub shartnomani uzaytirish ehtimolini ham to‘liq rad etmayapti. 2026 yildgi jahon chempioniga PSJning qiziqishi ham hanuz saqlanib qolgan. O‘tgan mavsumda Torres barcha musobaqalar hisobga olinganda 49 ta o‘yinda maydonga tushdi.","„Real Madrid“ „Barselona“ hujumchisi Ferran Torresni kuzatmoqda — u jahon chempionati finalida gʻalabali gol urgan edi. Torres oʻzini „Barselona“ rejalarida koʻrmayapti, klub shartnomasini uzaytirishga unchalik qiziqmayapti. Uni taxminan 50 million yevroga baholashadi, PSJ ham unga qiziqmoqda."
"Mundialda porlagan to‘purarni olamiz! «Fenerbaxçe» klubi «Aston Villa» va Angliya terma jamoasi hujumchisi Olli Uotkinsni o‘z safiga qo‘shib olish imkoniyatini o‘rganmoqda. Bu haqida Sky Sports xabar berdi. Manbalarga ko‘ra, hozircha ikki klub o‘rtasida rasmiy muloqot boshlanmagan. Shu bilan birga, Angliya Premier-ligasida ishtirok etuvchi bir qator jamoalar ham Uotkinsga jiddiy qiziqish bildirmoqda. O‘tgan mavsumda Uotkins klub darajasida 55 o‘yinda maydonga tushib, 21 ta gol urdi va 5 ta golli uzatma amalga oshirdi. Transfermarkt portali ma’lumotlariga ko‘ra, hujumchining transfer bahosi 25 million yevro atrofida baholanmoqda. Uotkins 2020 yildan buyon «Aston Villa» sharafini himoya qilib kelmoqda. Ushbu jamoa safida u UEFA Yevropa Ligasi g‘olibiga aylangan. Angliya terma jamoasi bilan esa 2026 yildagi jahon chempionatida bronza medallarini qo‘lga kiritgan.","„Fenerbaxce“ „Aston Villa“ va Angliya hujumchisi Olli Uotkinsni jamoasiga qoʻshib olish imkoniyatini oʻrganmoqda, biroq rasmiy muzokaralar hali boshlanmagan. Bir qator Angliya klublari ham unga qiziqmoqda. Oʻtgan mavsum u 55 oʻyinda 21 gol urgan, bozor qiymati 25 million yevro deb baholanadi. Uotkins „Aston Villa“ bilan Yevropa Ligasi gʻolibi, Angliya bilan esa jahon chempionati bronza medalchisi boʻlgan."
"Lisandro Martines Ispaniyaga qarshi final oldidan ijtimoiy tarmoqlarda murojaat e'lon qildi Argentina terma jamoasi markaziy himoyachisi Lisandro Martines jahon chempionati – 2026 final bahsi oldidan Ispaniyaga qarshi o‘yin arafasida ijtimoiy tarmoqlarda murojaat e’lon qildi. «Bu jamoa – so‘z bilan ifodalash qiyin bo‘lgan ajoyib sifatlarga ega hayratlanarli tarkib. Biz barchamiz faqat oldinga intilayapmiz, terma jamoa uchun bor kuchimizni berayapmiz. Finalda ham mundialning birinchi kunidagidek bir tanu bir jon bo‘lamiz. Bu jarayonning bir bo‘lagi bo‘lish men uchun katta sharaf. Argentina, olg‘a!», – deya yozgan futbolchi. Eslatib o‘tamiz, Jahon chempionati–2026 finalida Ispaniya va Argentina terma jamoalari o‘zaro to‘qnash keladi. Bellashuv bugun, 19 iyul kuni bo‘lib o‘tadi. O‘yin boshlanishi Toshkent vaqti bilan soat 23:59 ga belgilangan.","Argentina himoyachisi Lisandro Martines final oldidan ijtimoiy tarmoqda murojaat qildi: ""Bu jamoa - ajoyib sifatlarga ega tarkib. Barchamiz terma jamoa uchun bor kuchimizni beryapmiz, finalda ham bir tanu bir jon bo'lamiz. Argentina, olg'a!"" Jahon chempionati finalida Ispaniya va Argentina 19 iyulda, Toshkent vaqti bilan 23:59da o'ynaydi."
"Braziliya terma jamoasi ushbu bosqichda Norvegiyaga mag‘lub bo‘ldi. — Santos va Luis Enrique uchun jon kuydirdim. Ayniqsa, Santosning o‘yinni tomosha qilish yoqimli bo‘ldi, u juda yaxshi o‘ynadi. Obunachilari ham ko‘paydi. Norvegiyaga qarshi o‘yinni ko‘rdim, u yerda u Syörlotga deyarli hech narsa qilishga imkon bermadi, — deya qo‘shimcha qildi Alip. Eslatib o‘tamiz, AQSh, Kanada va Meksika mezbonlik qilgan jahon chempionatida Abbosbek Fayzullaev tarixiy birinchi golni urdi. Eldor Shomurodovning kongoliklar darvozasiga kiritgan to‘pi guruh bosqichining eng chiroyli goli sifatida e’tirof etildi.","Braziliya bu bosqichda Norvegiyaga yutqazdi. ""Santos va Luis Enrike uchun jon kuydirdim, Santos yaxshi o'ynadi"", - dedi Alip. O'zbekiston mundialida Abbosbek Fayzullaev tarixiy birinchi golni urgan, Eldor Shomurodovning Kongoga urgan goli esa guruh bosqichining eng chiroyli goli deb topilgan."
"""JCh-2026"". Ispaniya Fransiyani qiyinchiliksiz mag‘lub etib, finalga yo‘l oldi ""Jahon chempionati — 2026"" yarim finalidan o‘rin olgan Frantsiya — Ispaniya bellashuvi ""qizil furiyalar"" foydasiga 2:0 hisobida o‘z nihoyasiga yetdi. Uchrashuvning 22-daqiqasida Mikel Oyarsabal penalti dan gol urib hisobni ochdi. ikkinchi gol esa, Pedro Porro hisobni 2:0 ko‘rinishiga keltirdi.","Jahon chempionati yarim finalida Ispaniya Fransiyani 2:0 hisobida qiyinchiliksiz mag'lub etib, finalga chiqdi. 22-daqiqada Mikel Oyarsabal penaltidan, ikkinchi golni esa Pedro Porro urdi."
Ushbu jahon chempionatida Lionel Messi 12 ta samarali harakat (8 gol va 4 golli uzatma) bilan maydonga tushdi.,Bu jahon chempionatida Lionel Messi 12 ta samarali harakat (8 gol va 4 golli uzatma) qayd etdi.
"Lionel Skaloni: ""Biz haqiqatan ham betakrorimiz"" Jahon chempionati yarim finalida Angliyani 2:1 hisobida mag‘lub etgan Argentina terma jamoasi bosh murabbiyi Lionel Skaloni o‘yindan so‘ng o‘z fikrlari bilan o‘rtoqlashdi. Uning ta’kidlashicha, bu g‘alaba nafaqat jamoa, balki butun mamlakat uchun katta quvonch olib kelgan. «Bu his-tuyg‘ularni so‘z bilan ifodalash qiyin. Bu — jamoamiz, xalqimiz uchun ulkan baxt. Futbolchilarim meni har safar qayta-qayta hayratga solishadi. Ular maydonda ko‘rsatayotgan o‘yinni ta’riflash oson emas. Biz rostdan ham o‘ziga xos jamoamiz. Shu yigitlar bizga g‘alabaga olib borayotgan yo‘lni ochib bermoqda», — dedi Skaloni. Bosh murabbiy final oldidan ham jamoa bor kuchini ishga solishini qayd etdi. «Finalda g‘alaba qozonish uchun qo‘limizdan kelgan barcha ishni qilamiz, barcha kuchimizni maydonga tashlaymiz.","Jahon chempionati yarim finalida Angliyani 2:1 mag'lub etgan Argentina murabbiyi Lionel Skaloni: ""Bu g'alaba nafaqat jamoa, balki butun mamlakat uchun katta baxt. Futbolchilarim meni har safar hayratga solishadi, biz o'ziga xos jamoamiz. Finalda ham bor kuchimizni ishga solamiz"", - dedi u."
"""JCh-2026"". Argentina kambek evaziga Angliyani mag‘lub etib, finalga yo‘l oldi ""Jahon chempionati — 2026"" yarim finalidan o‘rin olgan Angliya — Argentina uchrashuvi janubiy amerikaliklar foydasiga 2:1 hisobida yakunlandi. O‘yinda birinchi bo‘lib inglizlar 55-daqiqada Gordonning goli yordamida hisobda oldinga chiqdi. Shundan so‘ng Tuxel shogirdlari butunlay himoyaga o‘tishdi va bu qaror xatoga aylandi. 86-daqiqada Enco Fernandez uzoq masofadan gol urib hisobni tenglashtirdi. Ikkinchi gol esa 90+3 daqiqada Lautaro tomonidan kiritildi. Messi ikkala golga ham assist qildi.","Jahon chempionati yarim finalida Angliya-Argentina o'yini janubiy amerikaliklar foydasiga 2:1 yakunlandi. 55-daqiqada Gordon Angliyani oldinga chiqargan, Tuxel shogirdlari himoyaga o'tishi xato bo'ldi. 86-daqiqada Enzo Fernandes, 90+3da Lautaro gol urdi - ikkalasiga ham Messi assist qildi."
"Qay biringni qo‘lingdan keladi? Yamal rekord o‘rnatdi Ispaniya terma jamoasi yarim himoyachisi Lamin Yamal yana bir tarixiy ko‘rsatkichga erishdi. U asosiy tarkibda maydonga tushgan jahon va Yevropa chempionatlaridagi barcha 12 uchrashuvda jamoasi bilan g‘alaba qozongan futbolchiga aylandi. Eslatib o‘tamiz, Lamin Yamal yetakchiligidagi Ispaniya terma jamoasi jahon chempionati yarim finalida Fransiyani 2:0 hisobida mag‘lub etdi. Shu tariqa Luis de la Fuente shogirdlari finalga yo‘l oldi. Hal qiluvchi bahsda ispaniyaliklar Angliya – Argentina juftligi g‘olibi bilan to‘qnash keladi. Jahon chempionati finali 19 iyul kuni bo‘lib o‘tadi. Ispaniya terma jamoasi 2010 yildan keyin tarixida ikkinchi bor jahon kubogini qo‘lga kiritish imkoniyatiga ega.","Ispaniya yarim himoyachisi Lamin Yamal yana tarixiy ko'rsatkichga erishdi - u asosiy tarkibda o'ynagan jahon va Yevropa chempionati o'yinlarining barchasida g'alaba qozongan futbolchiga aylandi. Ispaniya yarim finalda Fransiyani 2:0 mag'lub etib finalga chiqdi, u yerda Angliya-Argentina g'olibi bilan o'ynaydi. Final 19 iyulda bo'ladi."
"Messida yetarlicha vaqt paydo boʻldi. U toʻpga zarba berdi. Bu, men aytgan boʻlardim, idealdan taxminan chorak dyuym uzoqlikda edi. Va oʻyin shu bilan yakunlandi. Bu ajoyib edi», – dedi Tramp. Uning eslatishicha, Messi bundan oldin Jazoirga qarshi uchrashuvda ham xet-trik qayd etgan, bu esa, Tramp taʼkidlaganidek, juda kam uchraydigan holat. «Bunday ulugʻ futbolchilar shunday ishlarni qayta-qayta amalga oshiradi, deb oʻylayman. Ular tabiatan oʻziga xos isteʼdod bilan tugʻiladi. Ronalduni – shulardan biri. Bu yillar davomida u bilan tanishib oldim, u juda yaxshi inson», – deya qoʻshimcha qildi AQSh prezidenti. Tramp shuningdek Angliya terma jamoasi yetakchisi haqida ham fikr bildirdi: «Angliyada men golf oʻynagan ajoyib futbolchi bor.","""Messida yetarli vaqt bor edi, u to'pga zarba berdi, bu ideal edi"", - dedi Tramp. U Messining Jazoirga qarshi ham xet-trik qilganini, bunday buyuk futbolchilarning bu ishlarni qayta-qayta amalga oshirishini aytdi. Tramp Ronaldu haqida ham iliq gapirdi."
"Yamal Jahon chempionati, Evro va yana 6 ta sovrinni qo‘lga kiritdi, vinger iyulda 19 yoshga to‘ldi Lamin Yamal 19 yoshidayoq o‘z faoliyatida sakkizinchi sovrini qo‘lga kiritdi. Ispaniya terma jamoasi vingeri bugun ilk bor jahon chempioniga aylandi. JCh-2026 finalida ispanlar Argentina ustidan minimal hisobda g‘alaba qozonishdi – 1:0. Yamal milliy jamoa safida bundan oldin Yevro-2024 musobaqasida ham g‘olib chiqqan. «Barselona» tarkibida esa u uch marta La Liga chempioni, ikki marta Ispaniya Superkubogi, bir marta Ispaniya Kubogi sohibi bo‘lgan. Shu oyda Lamining yoshi 19 ga to‘ldi.","Lamin Yamal 19 yoshida sakkizinchi sovrinini oldi - bugun ilk bor jahon chempioni bo'ldi (JCh-2026 finalida Argentinani 1:0 mag'lub etib). U bundan oldin Yevro-2024ni ham yutgan, ""Barselona""da esa uch marta La Liga, ikki marta Ispaniya Superkubogi va bir marta Ispaniya Kubogi sohibi bo'lgan."
"“Barsa” futbolchisini nega “Bavariya”ga bermagani sababi ma’lum bo‘ldi Ispaniya chempionati g‘olibi “Barselona” frantsiyalik himoyachi Jyul Kunde bo‘yicha tushadigan takliflarni ko‘rib chiqishga tayyor. Bu haqida Diario SPORT xabar berdi. Manba ma’lumotiga ko‘ra, “ko‘k-anorranglilar” 27 yoshli futbolchini 50–60 million yevro evaziga sotishga rozi. Himoyachini Myunxenning “Bavariya” klubi sotib olishni istagan edi. Ammo bu transfer amalga oshmadi. Nemis klubi mashhur himoyachi uchun 40 million yevrodan ortiq pul to‘lashga tayyor emas Aytilishicha, “Barselona” rahbariyati ushbu summani transfer uchun yetarli, deb hisoblamagan. 2025/2026 yildgi mavsumda Kunde barcha musobaqalarda 47 ta o‘yin o‘tkazib, 3 ta gol urdi va 4 ta golli uzatma amalga oshirdi. Uning “Barselona” bilan mehnat shartnomasi 2030 yil iyunigacha amal qiladi.","Ispaniya chempioni ""Barselona"" fransuz himoyachisi Jyul Kunde bo'yicha takliflarni ko'rib chiqishga tayyor - uni 50-60 million yevroga sotishga rozi. ""Bavariya"" uni sotib olishni istagan, ammo 40 million yevrodan ortiq to'lashga tayyor emas edi. O'tgan mavsum Kunde 47 o'yinda 3 gol urgan, shartnomasi 2030 yilgacha."
"Messi: ""Ispaniyani yaxshi bilaman"" Yilning eng muhim o‘yini. Argentina terma jamoasi hujumchisi Lionel Messi jahon chempionati finali oldidan o‘z fikrlari bilan o‘rtoqlashdi. Qitʼalar to‘qnashuviga tenglashtirilayotgan hal qiluvchi bahs 19 iyul kuni Ispaniya terma jamoasiga qarshi o‘yinda bo‘lib o‘tadi. «Ispaniya – juda kuchli terma jamoa, tarkibida mahoratli futbolchilar to‘plangan, o‘ziga xos o‘yin uslubiga ega. Bu jamoani yaxshi bilaman, ular maʼlum bir futbol falsafasiga tayanaadi. Bu o‘yin men uchun ham, butun jamoamiz uchun ham alohida ahamiyatga ega bo‘ladi. Barcha jihatlarda teng kurash kutyapman», – deya taʼkidladi Messi. Eslatib o‘tamiz, jahon chempionati yarim finalida Argentina Angliya ustidan 2:1 hisobida g‘alaba qo‘zongan edi. Ushbu bahsda Lionel Messi jamoasining har ikki goliga hal qiluvchi paslarni yo‘lladi.","Argentina hujumchisi Lionel Messi final oldidan: ""Ispaniya juda kuchli, o'ziga xos uslubga ega jamoa, ularni yaxshi bilaman. Bu o'yin men va butun jamoamiz uchun alohida ahamiyatga ega, teng kurash kutyapman"", - dedi. Yarim finalda Argentina Angliyani 2:1 mag'lub etgan, Messi har ikki golga hal qiluvchi pas bergan."
"Xoland ""Real"" chorlovidan keyin ""Siti""dan ketishga qaror qildi Nrrvegiya milliy terma jamoasi va «Manchester Siti» klubi hujumchisi Erling Xoland 2027 yil yozida klubni tark etish niyatida ekani xabar qilinmoqda. Bu haqida El Nacional nashri ma'lumot berdi. Manbaning ta'kidlashicha, futbolchi o‘z agentlaridan yangi jamoaga o‘tish bo‘yicha ish boshlashni so‘ragan. Ehtimoliy manzil sifatida Madriddning «Real» klubi tilga olinmoqda. Transfermarkt portali Xolandning bozor qiymatini 200 million yevro atrofida baholamoqda. Eslatib o‘tamiz, Erling Xoland «Manchester Siti» safida jami 198 o‘yin o‘tkazgan. U shu vaqt ichida 162 ta gol urgan va jamoadoshlariga 30 marta golli pas yo‘llagan.","Norvegiya va ""Manchester Siti"" hujumchisi Erling Xoland 2027 yozida klubni tark etish niyatida, deb yozadi El Nacional - u ""Real""ga o'tishni istamoqda. Bozor qiymati 200 million yevro. Xoland ""Siti""da 198 o'yin o'tkazib, 162 gol urgan."
"O'zbekistonlik afsona 2026 yil jahon chempionati g'olibini bashorat qildi 1992 yilda jamoaviy musobaqada Olimpiya chempioni bo‘lgan o‘zbekistonlik mashhur gimnastka Oksana Chusovitina 2026 yilda bo‘lib o‘tadigan futbol bo‘yicha jahon chempionati finali haqida o‘z fikrini bildirdi. Hal qiluvchi bahsda Ispaniya milliy terma jamoasi amaldagi chempion Argentina futbolchilari bilan to‘qnash keladi. - Men Argentina uchun qayg‘urib tomosha qilaman! Qaysi jamoa bugun yaxshiroq o‘ynasa, o‘sha g‘alaba qozonadi. Har bir terma jamoaning o‘z muxlislari bor, men esa argentinaliklarni qo‘llab-quvvatlayman. Hisob qanday bo‘ladi, deb so‘rasangiz? Menimcha, 2:1. Va Messi albatta gol uradi. Ijtimoiy tarmoqlarda Argentinga yordam berilayapti, degan gaplar yozilayapti. Bilasizmi, mag‘lubiyatni ham munosib qabul qila bilish kerak. G‘alabaga eng kuchli jamoa loyiq, – dedi Chusovitina jurnalistlar bilan suhbatda.","Olimpiya chempioni, o'zbekistonlik gimnastka Oksana Chusovitina jahon chempionati finali haqida: ""Argentina uchun qayg'urib tomosha qilaman, hisob 2:1 bo'ladi deb o'ylayman, Messi gol uradi. G'alabaga eng kuchli jamoa loyiq"", - dedi u."
"Laporta JCh finali haqida gapirdi «Barselona» klubi prezidenti Joan Laporta 2026 yildgi jahon chempionati finali oldidan Ispaniya va Argentina terma jamoalari to‘qnashuvi haqida fikr bildirib, forvard Lionel Messi hamda vinger Lamin Yamalni alohida tilga oldi. «Messi ham finalga chiqdi, bu meni juda xursand qiladi. U – bizning faxrimiz. Messi – o‘tmiş va hozirgi kun, Lamin esa – hozirgi kun va kelajak. Prezident sifatida bu ikki futbolchi bizning klubimizda tarbiya topganidan juda g‘ururlanaman. Bu haqiqatan ham hayratlanarli holat. Terma jamoalar darajasida bu – o‘ynash mumkin bo‘lgan eng kuchli bahs. Hakmga ham o‘zini ko‘rsatishga to‘g‘ri keladi. Argentina ancha agressiv uslubda harakat qiladi, Ispaniya esa yaxshiroq uyg‘unlashgan, «Barselona» uslubiga yaqinroq o‘ynaydi. «Barselona» – eng yaxshi klub va buni hamma tan oladi», – dedi Laporta RAC1 radiosi bilan suhbatda.","""Barselona"" prezidenti Joan Laporta jahon chempionati finali oldidan Messi va Yamal haqida gapirdi: ""Messi ham finalga chiqdi, bu meni xursand qiladi - u bizning faxrimiz, Lamin esa hozirgi kun va kelajak. Argentina agressivroq, Ispaniya esa 'Barselona' uslubiga yaqinroq o'ynaydi"", - dedi Laporta RAC1'ga."
"Messi muxlislarga katta gapirib yubordi Argentina terma jamoasi hujumchisi Lionel Messi jahon chempionati finaliga yo‘l olgandan so‘ng muxlislarga murojaat qildi. Argentina hal qiluvchi bahs yo‘llanmasini Angliyaga qarshi dramatik o‘yinda qo‘lga kiritdi. Bellashuvda Messi jamoasi hisobda ortda kelayotganiga qaramay, irodali tarzda 2:1 hisobida g‘alaba qozondi. - Bu jamoa birga bo‘lsa, hamma narsani uddalay oladi. Bu futbolchilar bir joyga to‘planganda… bu alohida hodisa. Muxlislarga Qatarda aytganimni yana takrorlayman: ""Lahzadan zavq oling"". Bu jamoa sizlarni hech qachon ranjitmaydi, — deya Messining so‘zlarini jurnalist va insayder Fabrizio Romano ijtimoiy tarmoq X orqali keltirgan. Jahon chempionati finalida Argentina Ispaniyaga qarshi maydonga tushadi. Angliya esa bronza medallari uchun Frantsiya bilan kuch sinashadi. Ushbu uchrashuvlar 19 iyul kuni bo‘lib o‘tadi.","Argentina hujumchisi Lionel Messi finalga chiqqach muxlislarga murojaat qildi: ""Bu jamoa birga bo'lsa hamma narsani uddalaydi. Lahzadan zavq oling, bu jamoa sizlarni hech qachon ranjitmaydi"", - dedi u, deb yozadi Fabrizio Romano."
"Angliya 1966 yildan beri JCh va YEChda g‘olib bo‘lmagan – bu inglizlarning yagona sovrini Angliya terma jamoasi so‘nggi 60 yil ichida jahon va Yevropa chempionatlarida g‘olib chiqa olmayapti. JCh-2026 yarim finalida Tomas Tuxel boshqaruvidagi inglizlar Argentinga 1:2 hisobida mag‘lub bo‘ldi. Angliya 85- va 92-daqiqalarda gol o‘tkazib yuborib, finalga chiqish imkoniyatini qo‘ldan boy berdi. Angliya terma jamoasining tarixidagi yagona yirik xalqaro sovrin 1966 yilga to‘g‘ri keladi. O‘shanda inglizlar o‘z maydonida o‘tgan jahon chempionatida g‘olib chiqqan. Shundan beri Angliya JCh finaliga yana qaytib chiqa olmagan. Yevropa chempionatlarida esa Angliya ikki marta ikkinchi o‘rinni egallagan – Yevro-2020 va Yevro-2024 musobaqalarida.","Angliya so'nggi 60 yilda jahon va Yevropa chempionatlarida g'olib chiqolmayapti. JCh-2026 yarim finalida Angliya Argentinaga 1:2 yutqazib, 85- va 92-daqiqada gol o'tkazib yuborib g'alabani boy berdi. Angliyaning yagona yirik sovrini - 1966 yilgi jahon chempionati, Yevroda esa ikki marta (2020, 2024) finalchi bo'lgan."
"Joze Mourin'yu JCh-2026ning «superqahramoni»ni aytdi «Real» bosh murabbiyi Joze Mourin'yu Jahon chempionati-2026da «superqahramon» deb hisoblayotgan futbolchini aytdi. U Angliya terma jamoasi yarim himoyachisi Jud Bellingemni alohida e'tirof etdi. Bellingem musobaqada olti o'yinda olti gol urdi. Mourin'yu Bellingemni afsonaviy braziliyalik Pele bilan qiyosladi. «Jud Bellingem — Angliyaning superqahramoni. U Jahon chempionatida Pele o'sha yoshida urgani kabi miqdorda gol kiritdi. Oddiyda yarim himoyachilar o'yinni boshqaradi, Jud esa gravitatsiyani boshqaryapti», — dedi Mourin'yu. Eslatib o'tamiz, Bellingem klub darajasida «Real» sharafini himoya qiladi.","""Real"" murabbiyi Joze Mourinyo Angliya yarim himoyachisi Jud Bellingemni JCh-2026ning ""superqahramoni"" deb atadi - u olti o'yinda olti gol urgan. ""Jud Angliyaning superqahramoni, u Pele o'sha yoshida urgani kabi gol kiritdi"", - dedi Mourinyo."
"Zommer yangi klubga o‘tdi Dortmundning «Borussiya» jamoasi va Milaning «Inter» jamoalari sobiq darvozaboni Yann Sommer faoliyatini Belgiya chempionatida davom ettiradi. 37 yoshli shveytsariyalik posbonning yangi klubi «Bryugge» bo‘ldi. Klub matbuot xizmati xabariga ko‘ra, tomonlar uzoq muddatli mehnat shartnomasiga imzo chekdi. Bitim 2029 yilgacha mo‘ljallangan. Eslatib o‘tamiz, o‘tgan mavsum yakuniga ko‘ra «Bryugge» Belgiya chempioniga aylandi. Jamoa shu natija orqali UEFA Chempionlar Ligasiga yo‘llanma qo‘lga kiritdi. Yann Sommer o‘tgan mavsum Italiya A Seriyasida 33 ta o‘yinda maydonga tushdi. Umumiy hisobda 31 ta gol o‘tkazib yubordi, 15 ta bahsni esa darvozasini daxlsiz saqlagan holda yakunladi.","""Borussiya"" va ""Inter""ning sobiq darvozaboni Yann Sommer Belgiyaning ""Bryugge""ga o'tdi, shartnoma 2029 yilgacha. ""Bryugge"" o'tgan mavsum Belgiya chempioni bo'lib, Chempionlar ligasiga yo'llanma olgan. Sommer o'tgan mavsum 33 o'yinda 15 marta darvozasini daxlsiz saqlagan."
"Angliya — Argentina 2026 jahon chempionati yarim finali hakamlari kimlar bo‘ladi? Bugun, 15 iyul kuni, 2026 yildgi jahon chempionati yarim finali doirasida Angliya va Argentina terma jamoalari o‘zaro to‘qnash keladi. Bellashuv AQShning Atlanta shahrida joylashgan «Mersedes-Benz Stedium» arenasida o‘tkaziladi. Uchrashuvga asosiy hakam sifatida AQSh vakili Ismoil Elfat boshchiligidagi hakamlar brigadasi tayinlangan. O‘yin soat 00:00 da start oladi. «Chempionat» sayti uchrashuvni matnli onlayn-translyatsiya shaklida yoritib boradi. Bundan avvalroq Ispaniya terma jamoasi yarim finalda Fransiyani mag‘lub etib, finalga yo‘l olgan edi. 2026 yildgi jahon chempionati AQSh, Meksika va Kanada hududlarida o‘tkazilmoqda. Musobaqa 11 iyunda start olgan bo‘lib, 19 iyul kuni yakunlanishi rejalashtirilgan.","Bugun, 15 iyulda Angliya-Argentina jahon chempionati yarim finali Atlantada bo'lib o'tadi. Asosiy hakam - AQSh vakili Ismoil Elfat. Ispaniya avval Fransiyani mag'lub etib finalga chiqqan. Mundial 11 iyunda boshlangan, 19 iyulda yakunlanadi."
"«Tottenxem» himoyachisi «Manchester Yunayted»ga o‘tishi mumkin «Tottenxem» va Angliya terma jamoasi himoyachisi Jed Spens atrofidagi qiziqish tobora ortayapti. Yosh futbolchiga nisbatan e'tibor, ayniqsa, yetakchi klublar tomonidan kuchaygan. TEAMtalk nashri yozishicha, Spens uchun kurashga endi «Manchester Yunayted» ham qo‘shildi. «Qizil iblislar» yozgi transfer oynasi yopilguncha himoyachini sotib olish bo‘yicha rasmiy taklif kiritishga tayyor ekani xabar qilinmoqda. Jed Spens 2022 yili «Midslbro» klubidan «Tottenxem» safiga 14 million yevro evaziga o‘tgan edi. Uning londonliklar bilan amaldagi shartnomasi 2029 yil 30 iyuniga qadar mo‘ljallangan. 2025/26 yildagi mavsumda himoyachi «shporlar» tarkibida barcha musobaqalar doirasida 44 ta o‘yin o‘tkazdi. Shu bilan birga, u gol yoki golli pas bilan ajralib turmadi. Transfermarkt portali Spensning bozor qiymatini 30 million yevro atrofida baholamoqda.","""Tottenxem"" va Angliya himoyachisi Jed Spens uchun ""Manchester Yunayted"" ham kurashga qo'shildi, deb yozadi TEAMtalk - rasmiy taklif berishga tayyor. Spens 2022 yilda ""Midlsbro""dan 14 million yevroga o'tgan, shartnomasi 2029 yilgacha, bozor qiymati 30 million yevro."
"""Liverpool"" yulduzi raqib bilan to'rt yillik bitim tuzdi Shotlandiya terma jamoasi himoyachisi Endryu Robertson Londonning «Tottenxem» klubi bilan shartnoma imzoladi. Bu haqida «shporlar» matbuot xizmati ma’lum qildi. Tomonlar to‘rt yillik shartnoma tuzgani qayd etilmoqda. 32 yoshli Robertson o‘tgan mavsum yakunlangach, to‘qqiz yil davomida sharafini himoya qilgan «Liverpul» klubini tark etdi. «Qizillar» safida u 378 o‘yin o‘tkazib, 14 ta gol urdi va 69 marta golli pas berdi. Robertson asosan himoyaning chap qanotida harakat qildi. Endryu Jahon chempionatida Shotlandiya terma jamoasining barcha uchta uchrashuvida maydonga tushdi. «Tottenxem» o‘tgan mavsum Premyer-ligada qolish uchun jiddiy kurash olib bordi. Jamoa oxir-oqibat ligada saqlanib qoldi va faqat ikki ochko farq bilan 18-o‘rinni egallab, Chempionshipga tushib ketgan «Vest Xem»ni ortda qoldirdi.","Shotlandiya himoyachisi Endryu Robertson Londonning ""Tottenxem""i bilan 4 yillik shartnoma imzoladi - u to'qqiz yil o'ynagan ""Liverpul""ni tark etdi (378 o'yin, 14 gol, 69 assist). ""Tottenxem"" o'tgan mavsum 18-o'rinda qolib, Premer-ligada saqlanib qoldi."
"Kigan 1978 va 1979 yillarda ""Oltin toʻp"" mukofotiga sazovor boʻlgan. U bu sovrinni ikki marta qoʻlga kiritgan yagona ingliz futbolchisi hisoblanadi. 2022 yilda u Angliya futboli Shon-shuhrat zaliga kiritilgan. Futbolchilik faoliyatini yakunlagach, Kigan murabbiylikka oʻtdi. U ""Nyukasl"", ""Fulham"" va ""Manchester Siti"" klublariga bosh murabbiylik qilgan, shuningdek, Angliya terma jamoasini ham boshqargan.","Kigan 1978 va 1979 yillarda ""Oltin to'p""ni ikki marta yutgan yagona ingliz futbolchisi, 2022 yilda Shon-shuhrat zaliga kiritilgan. Keyin ""Nyukasl"", ""Fulham"", ""Manchester Siti"" va Angliya terma jamoasiga murabbiylik qilgan."
"Ispaniya terma jamoasi himoyachisi o‘zini «Real» va «Barselona»ga taklif qildi Ispaniya terma jamoasi himoyachisi Emerik Lyaport «La Liga»ning ikki yetakchi klubiga o‘z nomzodini taklif etdi. Jurnalist Migel Serrano xabariga ko‘ra, futbolchi transfer bo‘yicha rasmiy tarzda «Real» va «Barselona» rahbariyatiga murojaat qilgan. Hozirda «Atletik Bilbao» futbolchini sotishga tayyor. Unga qo‘yilgan transfer narxi taxminan 25 million yevro atrofida baholanmoqda. Ma’lumotlarga ko‘ra, «Barselona» hozircha Lyaport nomzodini ko‘rib chiqmoqda. «Real» esa bu variant bilan qiziqmayotganini allaqachon ma’lum qilgan.","Ispaniya himoyachisi Emerik Laport o'zini ""Real"" va ""Barselona""ga taklif qildi, deb yozadi jurnalist Migel Serrano. ""Atletik Bilbao"" uni 25 million yevroga sotishga tayyor. ""Barselona"" nomzodni ko'rib chiqmoqda, ""Real"" esa qiziqmayotganini bildirgan."
"Desham mard odam ekan Frantsiya terma jamoasi bosh murabbiyi Didye Desham jahon chempionati yarim finalida Ispaniyaga (0:2) mag‘lub bo‘lganiidan so‘ng jamoa kutgan uchinchi o‘rin uchun bahs haqida fikr bildirdi. Avvalroq mutaxassis jahon chempionatidan keyin terma jamoani tark etishini ma’lum qilgan edi. Shu bois, bronza medallari uchun o‘yin Desham uchun Frantsiya terma jamoasi boshidagi so‘nggi bahs bo‘ladi. - Uchinchi o‘rin uchun o‘yinmi? Men hali ham to‘liq ishga berilib turibman, yigitlar bilan birga bu o‘yinga jiddiy tayyorgarlik ko‘raman... Mening maqsadim — musobaqani oxirigacha munosib tarzda yakunlash. Chempionlikni qo‘lga kiritolmadik, albatta, bu juda katta ranjish. Baribir gap jahon chempionati haqida ketyapti. Lekin biz to‘g‘ri va juda yaxshi bajargan ishlarni kamsitmoqchi emasman.","Fransiya murabbiyi Didye Desham yarim finalda Ispaniyaga (0:2) yutqazgandan keyin uchinchi o'rin uchun o'yin haqida: ""Chempionlikni ololmadik, bu katta ranjish, lekin biz to'g'ri va yaxshi bajargan ishlarni kamsitmoqchi emasman. Musobaqani munosib yakunlashni istayman"", - dedi u."
"JCh-2026 yarim finali Frantsiya — Ispaniya uchrashuvining eng yaxshi oʻyinchisi aniqlandi Ispaniya terma jamoasi himoyachisi Pedro Porro 2026 yildgi jahon chempionati yarim finalida Fransiyaga qarshi o‘yinda (2:0) eng yaxshi futbolchi deb topildi. Bu haqida FIFA rasmiy sayti xabar berdi. Fulbek uchrashuvda jamoasining ikkinchi golini urdi. Bellashuv AQSHning Arlington shahrida joylashgan «Ey-Ti-end-Ti» stadionida bo‘lib o‘tdi. O‘yinga Salvador dan kelgan hakam Ivan Barton boshchilik qildi. Joriy jahon chempionati finalida Ispaniya terma jamoasi Argentina va Angliya o‘rtasidagi bahs g‘olibi bilan to‘qnash keladi. 2026 yildgi jahon chempionati 11 iyundan 19 iyulgacha AQSH, Kanada va Meksika hududlarida o‘tkazilmoqda. Final uchrashuvi AQSHning Ist-Raterford shahrida bo‘lib o‘tadi. Amaldagi jahon chempioni sifatida Argentina terma jamoasi maydonga tushmoqda.",Ispaniya himoyachisi Pedro Porro Fransiyaga qarshi yarim finalda (2:0) eng yaxshi futbolchi deb topildi - u ikkinchi golni urgan. O'yinni Salvadorlik hakam Ivan Barton boshqargan. Finalda Ispaniya Argentina-Angliya g'olibi bilan o'ynaydi.
"""Real"" Olisega o'rnibosar topdi ""Bavariya"" yarim himoyachisi Maykl Olisega ""Real Madrid"" hanuz jiddiy qiziqish bildirmoqda. Biroq fransiyalik futbolchini qo‘lga kiritish juda mushkul bo‘lishi aytilmoqda. Manbaga ko‘ra, madridliklar Olise transferi amalga oshmay qolgan taqdirda, unga o‘rinbosar sifatida allaqachon nomzod tayyorlab qo‘ygan. Joze Mourinyo jamoa qanotida Arda Gyuler o‘ynashini istamoqda. Turkiya terma jamoasi yarim himoyachisi ""Real"" tarkibida 112 ta o‘yin o‘tkazgan. U shu vaqt ichida 18 ta gol urgan va 25 ta golli uzatma muallifiga aylangan. Transfermarkt portali Arda Gyulernig bozor qiymatini 90 million yevro atrofida baholamoqda.","""Real Madrid"" Maykl Oliseni qo'lga kirita olmasa, Arda Gyulerni o'rinbosar sifatida ko'rmoqda, deb yozilmoqda. Turkiya yarim himoyachisi ""Real""da 112 o'yin o'tkazib, 18 gol urgan, bozor qiymati 90 million yevro."
"Strimer IShowSpeed: «Yamal, iltimos, Argentinani yutib qo‘ying, meni halokatdan qutqaring» Strimer Darren Jeyson internetda mashhur bo‘lgan IShowSpeed, Jahon chempionati finali oldidan Ispaniya terma jamoasiga murojaat qildi. Ispaniya hal qiluvchi bahsda Argentinga qarshi maydonga tushadi. «Menda qolgan yagona umid — Ispaniyaga ishonish... Lamin, o‘yinga ruhan tayyor bo‘l. Maydonda ko‘p narsa qilma, shunchaki chiq va g‘alabaga erish. Iltimos, Argentinini yutib qo‘yinglar... Iltimos, Lamin. Meni qutqar, meni katta fojiadan asra. Boshqa bir yil bunday holatga chidamayman... Agar Messi yana Jahon chempionatida g‘olib chiqsa, Ronaldu muxlisi sifatida menda gapirishga hech narsa qolmaydi», — dedi IShowSpeed o‘z strimi davomida. Eslatib o‘tamiz, Jahon chempionati finali yakshanba, 19 iyul kuni bo‘lib o‘tadi.","Strimer IShowSpeed final oldidan Ispaniyaga murojaat qildi: ""Lamin, iltimos Argentinani yutib qo'ying, meni katta fojiadan qutqaring. Agar Messi yana g'olib chiqsa, Ronaldu muxlisi sifatida gapirishga gapim qolmaydi"", - dedi u."
"Messi finaldan keyin Yamal unga nima deganini aytdi Argentina terma jamoasi hujumchisi Lionel Messi final paytida Lamin Yamal bilan bo‘lgan suhbatı haqida gapirib berdi. Eslatib o‘tamiz, jahon chempionati finalida Argentina Ispaniyaga 0:1 hisobida mag‘lub bo‘ldi. - Yamal menga nima dedi? U meni bag‘riga bosdi, tasalli berdi, bir necha bor “yiğlamang”, deb iltimos qildi. U juda mehribon yigit, — deya ta’kidladi Lionel Messi. Jahon chempionatida Messi Argentina tarkibida barcha sakkiz o‘yinda maydonga tushdi, sakkizta gol urdi va to‘rtta golli uzatma amalga oshirdi. Final esa ushbu musobaqadagi yagona o‘yin bo‘ldiki, unda Messi gol ham, golli uzatma ham qayd etolmadi.","Argentina hujumchisi Lionel Messi final paytida Lamin Yamal bilan bo'lgan suhbatini aytib berdi: ""U meni bag'riga bosdi, tasalli berdi, 'yig'lamang' deb iltimos qildi"", - dedi Messi. Finalda Argentina Ispaniyaga 0:1 yutqazgan, bu turnirda Messi gol yoki assist qilolmagan yagona o'yin bo'ldi."
"Shuning uchun buni boshdan kechirish, chidamli boʻlish, kuchli qolish va oʻzingga boʻlgan ishonchni yoʻqotmaslik kerak.Biz shunday tarzda javob qaytara olganimizdan xursandman. Ainan shunday reaksiya istagandik. Bu juda ajoyib oʻyin boʻldi», – dedi Tuxel. Eslatib oʻtamiz, Angliya terma jamoasi Qatarda oʻtgan Jahon chempionati–2026 musobaqasida bronza medalini qoʻlga kiritdi. Uchinchi oʻrin uchun bahsda inglizlar Frantsiya terma jamoasini gollarga boy oʻyinda magʻlub etdi – 6:4. Bundan oldin, yarim finalda Angliya Argentinga 1:2 hisobida yutqazgan edi.","""Buni boshdan kechirish, chidamli bo'lish va o'zingga ishonchni yo'qotmaslik kerak. Bu ajoyib o'yin bo'ldi"", - dedi Tuxel. Angliya bronza medalini qo'lga kiritdi, uchinchi o'rin uchun Fransiyani 6:4 mag'lub etib - bundan oldin yarim finalda Argentinaga 1:2 yutqazgan edi."
"Mak Allister: «Messi 39 yoshida ham maydonda farqni yaratadi» Argentina milliy jamoasi yarimhimoyachisi Aleksis Mak Allister terma jamoada 39 yoshli hujumchi Lionel Messining o‘rni va ahamiyati haqida fikr bildirdi. «Messi bu yoshida ham maydonda farqni yaratа oladi. Bu jamoa uchun juda muhim. U maydonda biz bilan birga bo‘lsa, bu biz uchun katta ahamiyatga ega. Leoning terma jamoada imkon boricha uzoqroq qolishini istaymiz», – deya Mak Allisterning so‘zlarini DSSports keltiradi. Jahon chempionatida Messi yetti o‘yinda maydonga tushib, sakkizta gol urdi va to‘rtta golli uzatma berdi. Jahon chempionati finalida Argentina Ispaniyaga qarshi maydonga tushadi. Uchrashuv 19 iyul kuni soat 23:59 da Toshkent vaqti bilan boshlanadi.","Argentina yarim himoyachisi Aleksis Mak Allister: ""Messi 39 yoshida ham farqni yarata oladi, uning terma jamoada imkon boricha uzoqroq qolishini istaymiz"", - dedi u DSSports'ga. Messi jahon chempionatida yetti o'yinda 8 gol urib, 4 assist bergan."
"Maydonda hech narsa o‘z-o‘zidan berib qo‘yilmaydi, – dedi Messi intervyusida. 39 yoshli Argentina terma jamoasi sardori yarim finalda ikki golli uzatma muallifiga aylandi va uchrashuvning eng yaxshi o‘yinchisi deb topildi. 19 iyul kuni bo‘lib o‘tadigan finalda Argentina Ispaniya terma jamoasiga qarshi maydonga tushadi.","""Maydonda hech narsa o'z-o'zidan berilmaydi"", - dedi Messi. 39 yoshli Argentina sardori yarim finalda ikki golli uzatma qilib, o'yinning eng yaxshisi deb topildi. Finalda Argentina Ispaniyaga qarshi o'ynaydi."
"Shakira Messi va Argentina terma jamoasiga murojaat qildi Mashhur qoʻshiqchi Shakira jahon chempionati finalidan soʻng ijtimoiy tarmoqlar orqali Lionel Messi va Argentina terma jamoasiga murojaat qildi. - Argentinaliklar, sizlar bilan faxrlanaman. Messi – eng buyuk futbolchi. Lotin amerikaliklar nomini jahon chempionatida shunchalik munosib himoya qilganingiz uchun rahmat. Sizlar abadiy yuragimdasiz, – deb yozdi mashhur xonanda oʻz sahifasida. Eslatib oʻtamiz, Argentina terma jamoasi finalda Ispaniyaga qarshi maydonga tushdi. Lionel Skaloni shogirdlari keskin kurashda minimal hisobda magʻlubiyatga uchradi – 0:1. Yakuniy natijani esa qoʻshimcha boʻlimlarda Ferran Torres urgan yagona gol hal qildi.","Qo'shiqchi Shakira jahon chempionati finalidan so'ng Messi va Argentinaga murojaat qildi: ""Sizlar bilan faxrlanaman, Messi - eng buyuk futbolchi"", - deb yozdi u. Finalda Argentina Ispaniyaga 0:1 yutqazdi, yagona golni Ferran Torres urgan."
Samu Koshta hisobida Portugaliya terma jamoasi safida yetti o‘yin bor. U 2026 yilda o‘tkazilgan jahon chempionatida ham ishtirok etgan. Musobaqa davomida yarim himoyachi bir marta maydonga tushgan — Kolumbiyaga qarshi guruh bosqichi 3-tur uchrashuvida (0:0) zahiradan maydonga tushirilgan.,"Portugaliya yarim himoyachisi Samu Kosta jahon chempionatida yetti o'yin o'tkazgan, faqat bir marta - Kolumbiyaga qarshi (0:0) zahiradan maydonga tushgan."
"Superklub Jül Kunde bilan muzokara boshladi Bundesliga chempioni «Bavariya» Ispaniya chempionati g‘olibi «Barselona»ning markaziy himoyachisi Jül Kundeğa jiddiy qiziqish bildirimoqda. Sport.es nashrining yozishicha, myunxenliklar so‘nggi kunlarda futbolchining vakillari bilan uchrashib, uning kelajak rejalari va shartnomaviy talablarini o‘rgangani. Manbaga ko‘ra, 27 yoshli himoyachi o‘zini hali ham «Barselona» futbolchisi sifatida ko‘radi. U klubda qolishni, shuningdek, 2024/2025 yilgi mavsumda ko‘rsatgan o‘yin darajasiga yana qaytishni maqsad qilgan. Jül Kunde 2022 yil yozida «Barselona» safiga qo‘shilgan. O‘tgan mavsumda u barcha musobaqalarni qo‘shib hisoblaganda 47 ta uchrashuvda maydonga tushdi, uchta gol urdi va to‘rtta golli pas berdi. Hozirgi shartnomasiga ko‘ra, futbolchi klub bilan 2030 yil yozigacha bog‘langan. Transfermarkt portali ma’lumotlariga ko‘ra, Kundening bozor qiymati 60 million yevro atrofida baholanmoqda.","""Bavariya"" ""Barselona"" himoyachisi Jyul Kundega qiziqish bildirmoqda, deb yozadi Sport.es - u klubda qolishni istaydi. Kunde 2022 yilda ""Barselona""ga o'tgan, shartnomasi 2030 yilgacha, bozor qiymati 60 million yevro."
"Norvegiyalik futbolchilar zo‘r ekan! “Arsenal” ilk taklifni tayyorlayapti Angliyaning amaldagi chempioni “Arsenal” klubi rahbariyati Bundesliga vakili “RB Leyptsig” va Norvegiya terma jamoasi yarim himoyachisi Antonio Nusani nishonga oldi. CaughtOffside nashri ma'lumotiga ko‘ra, London klubining futbolchiga bo‘lgan qiziqishi kun sayin ortib bormoqda. “To‘pchilar” futbolchi uchun 40 million yevro miqdorida taklif tayyorlamoqda. Biroq bu summa nemislarni qoniqtirmasligi aniq. Chunki “RB Leyptsig” o‘z futbolchisining transferidan kamida 60 million yevro ishlab topishni istamoqda. Norvegiyalik yarim himoyachi vaziyatini “Nyukasl” va “Yuventus” kabi nufuzli klublar ham kuzatib bormoqda. Antonio Nusa 2024 yilda “Bryugge”dan “RB Leyptsig” klubiga 21 million yevro evaziga o‘tgan edi. Uning shartnomasi 2029 yil 30 iyungacha amal qiladi. 2025/2026 yildgi mavsumda futbolchi Germaniya klubi safida barcha musobaqalarda 35 ta o‘yinda ishtirok etib, 5 ta gol va 4 ta golli uzatma amalga oshirgan.","""Arsenal"" Norvegiya yarim himoyachisi Antonio Nusaga 40 million yevro taklif qilmoqchi, ammo ""RB Leyptsig"" kamida 60 million yevro kutmoqda. Nusa 2024 yilda 21 million yevroga o'tgan, o'tgan mavsum 35 o'yinda 5 gol urgan."
"Final uchun borimizni berdik! Tuxel hech kim uchinchi o‘rin uchun o‘ynagisi kelmayotganini uqtirdi Jahon chempionatida uchinchi o‘rin uchun Fransiyaga qarshi bahs oldidan Angliya terma jamoasi bosh murabbiyi Tomas Tuxel matbuot anjumanida o‘z fikrlarini bildirdi. Angliya yarim finalda Argentinga 1:2 hisobida mag‘lub bo‘ldi, Fransiya esa Ispaniyaga 0:2 hisobida imkoniyatni boy berdi. - Biz doim o‘z oldimizga eng yuqori talablarni qo‘yamiz – bu kurashga o‘rganagan insonlarning tabiati. Shu bois kelayotgan o‘yinga munosabat ham boshqacharoq. Hech bir futbolchimiz, huddi fransuzlar kabi, bu o‘yinda maydonga tushishni orzu qilmagan. Ular finalda o‘ynashni istagan. Biz finalga chiqish uchun bor kuchimizni sarfladik. Har bir futbolchi jahon chempioni bo‘lish uchun maydonga tushadi, ammo vaziyat shunday kechdi.","Angliya murabbiyi Tomas Tuxel uchinchi o'rin uchun o'yin oldida: ""Biz doim yuqori talab qo'yamiz, hech kim final o'rniga bu o'yinni o'ynashni orzu qilmagan, biroq finalga chiqish uchun bor kuchimizni sarfladik"", - dedi u."
"Eslatib o‘tamiz, Tomas Tuxel boshqaruvidagi jamoa gollarga boy uchrashuvda 6:4 hisobida g‘alaba qozondi. Shu tariqa Angliya jahon chempionatida bronza medallarini qo‘lga kiritdi. JCh-2026 final bahsi 19 iyuldan 20 iyulga o‘tar kechasi, Qozog‘iston vaqti bilan soat 00:00 da start oladi. Joriy mundial tarixda ilk bor 48 ta terma jamoa ishtirokida va bir vaqtning o‘zida uch davlat — AQSh, Meksika va Kanada mezbonligida o‘tkazilmoqda.","Tomas Tuxel jamoasi gollarga boy o'yinda Fransiyani 6:4 mag'lub etib, bronza medal oldi. Final 19-20 iyul kechasi Toshkent vaqti bilan soat 00:00da boshlanadi. Mundial ilk bor 48 terma jamoa va uch mezbon davlat (AQSh, Meksika, Kanada) bilan o'tkazilmoqda."
"Zidan Frantsiya terma jamoasi bosh murabbiyi bo‘ladi Afsonaviy futbolchi va murabbiy Zinedin Zidan 2026 yildgi jahon chempionati yakunlangandan so‘ng Frantsiya terma jamoasini boshqaradi. Bu haqida jurnalist Fabrizio Romano o‘zining X tarmog‘idagi sahifasida ma’lum qildi. Avvalroq xabar qilinganidek, Frantsiya terma jamoasi jahon chempionati yarim finalida Ispaniyaga 0:2 hisobida mag‘lub bo‘ldi. Endi jamoa uchinchi o‘rin uchun maydonga tushadi. Turnir yakunlangach, 14 yildan buyon terma jamoaga boshchilik qilib kelayotgan Didye Desham o‘z lavozimini tark etadi. Hozir 54 yoshda bo‘lgan Zidanning so‘nggi ish joyi Ispaniyaning ""Real"" klubi bo‘lgan. U madridliklarni 2016–2018 yillar hamda 2019–2021 yillar orasida boshqargan. Uning qo‘l ostida ""Real"" uch marta Chempionlar ligasida g‘olib chiqqan, ikki marta Ispaniya chempioni va ikki bor mamlakat Superkubogi sohibi bo‘lgan.","Zinedin Zidan jahon chempionatidan keyin Fransiya terma jamoasini boshqaradi, deb yozadi Fabrizio Romano. Fransiya yarim finalda Ispaniyaga 0:2 yutqazgan, Didye Desham 14 yildan keyin lavozimni tark etadi. Zidan ""Real""da uch marta Chempionlar ligasi va ikki marta Ispaniya chempionligini yutgan."
"Adeyemi ""Borussiya""dan ""Barselona""ga o'tdi Germaniya terma jamoasi hujumchisi Karim Adeyemi rasmiy ""Barselona"" safiga o‘tdi. U dortmundlik ""Borussiya""dan Ispaniya chempioni tarkibiga qo‘shildi. ""Barselona"" rasmiy saytida berilgan ma’lumotga ko‘ra, 24 yoshli futbolchi bilan tuzilgan shartnoma 2031 yilga qadar mo‘ljallangan. Ma’lumotlarga qaraganda, kataloniyaliklar bu transfer uchun ""Borussiya""ga 22 million yevro to‘laydi, shartnomada yana 7 million yevro miqdorida bonuslar ham ko‘zda tutilgan. Bu haqida sport jurnalisti Fabrizio Romano ijtimoiy tarmoqda xabar berdi. Karim Adeyemi o‘tgan mavsumda ""Borussiya"" tarkibida 39 o‘yinda maydonga tushib, 10 ta gol urdi. Germaniya terma jamoasi safida esa 11 ta uchrashuvda ishtirok etgan va bir bor raqib darvozasini ishg‘ol etgan.","Germaniya hujumchisi Karim Adeyemi ""Borussiya""dan ""Barselona""ga rasman o'tdi, shartnoma 2031 yilgacha. ""Barselona"" ""Borussiya""ga 22+7 million yevro to'laydi. Adeyemi o'tgan mavsum ""Borussiya""da 39 o'yinda 10 gol urgan."
"Biroq turnirlarni to‘g‘ridan-to‘g‘ri taqqoslash qiyin. Chunki tarixda birinchi marta Jahon chempionati 32 emas, balki 48 ta terma jamoa ishtirokida o‘tkazildi va o‘yinlar soni 64 tadan 104 taga yetdi.","Turnirlarni to'g'ridan-to'g'ri taqqoslash qiyin - tarixda birinchi marta jahon chempionati 32 emas, 48 terma jamoa ishtirokida o'tkazildi, o'yinlar soni 64 dan 104 taga yetdi."
Bu mag‘lubiyatdan so‘ng Messi jahon chempionatlari tarixidagi eng yaxshi to‘purarlar ro‘yxatida peshqadamlikni ham boy berdi. Endi uni bir gol farqi bilan Kilian Mbappe ortda qoldirmoqda.,Bu mag'lubiyatdan so'ng Messi jahon chempionatlari tarixidagi eng ko'p gol urganlar ro'yxatida yetakchilikni ham yo'qotdi - endi uni Kilian Mbappe bir gol farqi bilan ortda qoldirmoqda.
"U 2022 yilda, 16 yoshida Minskning “Energetik-BGU” klubiga ko‘chib o‘tdi va u yerda Anatoliy Yurevich qo‘l ostida ish boshladi. 2023 yil yozida istiqbolli himoyachini Fransiyaning “Lans” klubi 450 ming yevro evaziga sotib oldi. 2025 yil yanvar oyida esa “Manchester Siti” uni 40 million yevro evaziga o‘z safiga qo‘shib oldi. Bu O‘zbekiston futboli tarixidagi rekord transfer summasiga aylandi. Hozirgi vaqtda Husanovning transfer qiymati o‘zbek futboli uchun rekord ko‘rsatkich – 50 million yevroga baholanmoqda.","U 2022 yilda 16 yoshida Minskning ""Energetik-BGU""ga o'tgan, murabbiysi Anatoliy Yurevich bo'lgan. 2023 yilda Fransiyaning ""Lans""i uni 450 ming yevroga, 2025 yanvarda ""Manchester Siti"" 40 million yevroga sotib olgan - bu O'zbekiston futboli tarixidagi rekord. Husanovning hozirgi qiymati 50 million yevroga baholanmoqda."
"Tomas Myuller Angliya terma jamoasini qattiq tanqid qildi «Bavariya» va Germaniya terma jamoasining sobiq hujumchisi Tomas Myuller Angliya terma jamoasining Jahon chempionati yarim finalida Argentinga qarshi uchrashuvdagi mag‘lubiyati yuzasidan fikr bildirdi. Myullernig ta'kidlashicha, Angliya jamoasining gol urgandan keyingi o‘yini unga mutlaqo tushunarsiz bo‘lgan. «Bunga ishona olmayapman va tushuna olmayapman – Angliya gol urgandan keyin qanday o‘ynay boshladi? Qanday qilib ular Argentinga qayta-qayta qanotdan uzatmalar qilishga yo‘l qo‘yishdi? Har gal juda qulay vaziyatda to‘p oshirish imkonini berib qo‘yishdi. Buni aqlimga sig‘dira olmayapman!» – dedi Myuller. Eslatib o‘tamiz, 3-o‘rin uchun bahsda Angliya terma jamoasi Fransiyaga qarshi maydonga tushadi. Argentina esa JCh–2026 finalida Ispaniyaga qarshi o‘ynaydi.","""Bavariya"" va Germaniyaning sobiq hujumchisi Tomas Myuller Angliyaning Argentinaga yarim finalda yutqazishini tanqid qildi: ""Gol urgandan keyin Angliya qanday o'ynay boshladi, tushunolmayapman - qanotdan uzatmalarga qayta-qayta yo'l qo'yishdi"", - dedi u."
"Yamal Fransiya terma jamoasi haqidagi fikrini izohladi Ispaniya terma jamoasi vingeri Lamin Yamal Jahon chempionati–2026 yarim finali oldidan Frantsiya haqida aytgan gaplariga izoh berdi. Belgiya ustidan 2:1 hisobidagi chorak final g‘alabasidan so‘ng u jurnalistlar savoliga javob berar ekan: «Frantsiya bizdan qo‘rqishi kerak, bizda qo‘rqov yo‘q», – degan edi. «Mendan Frantsiyadan qo‘rqamanmi, deb so‘rashdi. Men yo‘q, deb javob berdim. Biz – Yevropa chempionlarimiz. Bu shunchaki futbol», – dedi 19 yoshli Yamal.","Ispaniya vingeri Lamin Yamal Fransiya haqidagi gaplariga izoh berdi: ""Mendan Fransiyadan qo'rqamanmi deb so'rashdi. Yo'q dedim, biz Yevropa chempionlarimiz, bu shunchaki futbol"", - dedi 19 yoshli Yamal."
"Agar o‘sha yerda bo‘lganimda, uni boshim bilan urib, qizil kartochka olgan bo‘lardim. Bu uning tomonidan mutlaqo noprofessional xulq-atvor», — deya ta’kidladi Ibragimovich. U shuningdek ispaniyalik futbolchilarning reaktsiyasidan ham norozilik bildirdi: «Ispaniya o‘yinchilari nima qilayotganini tushunmayman. Ular shunchaki turib, boshqa bir futbolchi jamoadoshini urayotganini tomosha qilishdimi?» — dedi Zlatan Fox Sports efirida. Eslatib o‘tamiz, Ispaniya terma jamoasi o‘z tarixida ikkinchi bor jahon chempioni bo‘ldi. Argentina esa kumush medallar bilan kifoyalandi. Janubiy Amerika vakili shu paytga qadar uch marta jahon chempioni bo‘lgan.","""O'sha yerda bo'lganimda uni boshim bilan urib, qizil kartochka olardim - bu noprofessional xulq"", - dedi Ibragimovich, ispan futbolchilarining reaksiyasidan ham norozi bo'lib. Ispaniya ikkinchi marta jahon chempioni bo'ldi, Argentina esa uchinchi marta chempion bo'lgan tarixiga ega."
"Biz o‘zgacha jamoamiz, bu hech qanday kibr yoki manmanlik emas. Bu formada o‘ynayotgan futbolchilar g‘alabaga munosib. Oxirgi daqiqagacha borimizni berib o‘ynaymiz, maydonda hech narsa qoldirmaymiz», — deya Skalonining so‘zlarini Argentina terma jamoasi matbuot xizmati keltiradi.","""Biz o'zgacha jamoamiz, bu kibr emas. Oxirgi daqiqagacha borimizni beramiz"", - deya Skalonining so'zlarini Argentina matbuot xizmati keltiradi."
"Futbolchi sifatida Zidan Frantsiyaning ""Kann"", ""Bordo"", Italiyanning ""Yuventus"" hamda ""Real"" klublarida to‘p surgan. ""Real"" tarkibida 2003 yilda Ispaniya chempioni bo‘lgan, 2002 yilda esa Chempionlar ligasi finalida Germaniyaning ""Bayer"" jamoasi darvozasiga hal qiluvchi golni urgan (2:1). ""Yuventus"" bilan birga ikki marta Italiya chempioniga aylangan. Frantsiya terma jamoasi safida Zidan 108 o‘yin o‘tkazib, 31 gol urgan va 29 golli uzatma amalga oshirgan. U 1998 yilda jahon chempioni, 2006 yilda jahon vitse-chempioni, 2000 yilda esa Yevropa chempioni bo‘lgan.","Futbolchi sifatida Zidan ""Kann"", ""Bordo"", ""Yuventus"" va ""Real""da o'ynagan - 2002 Chempionlar ligasi finalida hal qiluvchi gol urgan, 2003 Ispaniya chempioni bo'lgan. Fransiya safida 108 o'yinda 31 gol urgan, 1998 jahon chempioni, 2000 Yevropa chempioni bo'lgan."
"Mening fikrimcha, hozirgi kunda aynan Mbappe Ronaldo merosiga eng yaqin turgan futbolchi», — deya Makelelening so‘zlarini keltiradi Marca nashri. Jahon chempionati 19 iyul kuni yakunlanadi. Yarim finalda Fransiya — Ispaniya va Angliya — Argentina juftliklari bahs olib boradi.","""Menimcha, hozir aynan Mbappe Ronaldo merosiga eng yaqin turgan futbolchi"", - dedi Makelele Marca'ga. Jahon chempionati 19 iyulda yakunlanadi, yarim finallarda Fransiya-Ispaniya va Angliya-Argentina o'ynaydi."
"Erling Xoland : ""Hayotdagi eng hayajonli sayohat"" Norvegiya terma jamoasi hujumchisi Erling Holand 2026 yildagi jahon chempionatidagi ishtirok haqida fikr bildirib, ushbu musobaqani o‘z hayotidagi «eng katta sayohat» deb atadi. U bunga, hatto Angliyaga qarshi chorak finaldagi og‘ir mag‘lubiyatga qaramay, shunday baho berdi. «Bu hayotimdagi eng zavqli haftalar va eng hayajonli sayohat bo‘ldi. Hammasi shunchalik nereal ediki, hali hammasini to‘liq anglab yetish qiyin. Biroz bo‘shab qolgandek his qilasan. Oxirgi 40 kunni tezda ko‘z oldingdan o‘tkazsang, bu mutlaqo aql bovar qilmas davr bo‘ldi. Hammasi ajoyib o‘tdi. Maydondagi o‘yinlar — alohida gap. Braziliya ustidan qo‘zonilgan g‘alaba — umuman boshqa narsa. Lekin, menimcha, eng ko‘p ta’sir qilgan jihat shuki, biz Norvegiyaning nomini butun dunyoga yangratdik.","Norvegiya hujumchisi Erling Xoland jahon chempionati ishtirokini ""hayotimdagi eng hayajonli sayohat"" deb atadi, chorak finalda Angliyaga og'ir yutqazishga qaramay. ""Braziliya ustidan g'alaba alohida gap, lekin eng muhimi Norvegiya nomini butun dunyoga tanitdik"", - dedi u."
"Tramp Messining oʻyinini tahlil qildi: ""Men futbol haqida biroz bilaman"" 2026 yildgi jahon chempionati yarim finalida Angliya va Argentina terma jamoalari oʻrtasidagi bellashuv AQSh prezidenti Donald Tramp eʼtiboridan ham chetda qolmadi. U uchrashuv haqidagi taassurotlari bilan oʻrtoqlashar ekan, ayniqsa Lionel Messi oʻyiniga alohida toʻxtaldi. «Men futbol haqida biroz tushunchaga egaman. Messiga [Angliyaga qarshi oʻyinda] qarab turdim: uni qattiq nazorat qilishdi, toʻgʻrimi? Juda qattiq. Bir payt u toʻsatdan oʻng qanotda paydo boʻldi. Tushunyapsizmi? Bilmayman, bunga yana kimdir eʼtibor berdimi-yoʻqmi... Men shunchaki buni payqadim. Hech kim bu haqida gapirmadi. Men bu holatni koʻrib, oʻyladim: «Uni juda qattiq qoplayotgan ajoyib futbolchi bor». Keyin Messi oʻng tomonga siljidi – oʻsha futbolchi esa joyida qotib qoldi.","AQSh prezidenti Donald Tramp jahon chempionati yarim finalida Messi o'yinini kuzatdi: ""Men futbol haqida biroz tushunaman - Messi qattiq nazorat qilingandi, keyin o'ng qanotga o'tib qoldi, hech kim buni sezmadi"", - dedi u."
"Eslatib o‘tamiz, Argentina Angliya ustidan 2:1 hisobida irodaviy g‘alaba qozonib, jahon chempionati finaliga yo‘l oldi. Angliya terma jamoasi esa uchinchi o‘rin uchun bahsda Fransiyaga qarshi maydonga tushadi.","Eslatib o'tamiz, Argentina Angliyani 2:1 mag'lub etib finalga chiqdi. Angliya uchinchi o'rin uchun Fransiyaga qarshi o'ynaydi."
Uning shartnomasi 2029 yil oxirigacha mo‘ljallangan. Red Bull korporatsiyasiga kelgunga qadar Klopp 2015 yildan 2024 yilgacha «Liverpul»ni boshqargan. Avvalroq ommaviy axborot vositalarida mutaxassis Germaniya terma jamoasini boshqarib qolishi mumkinligi haqida xabarlar tarqalgan edi.,"Klopp shartnomasi 2029 yilgacha. Red Bull'ga kelgunga qadar u 2015-2024 yillarda ""Liverpul""ni boshqargan. Avval Germaniya terma jamoasini boshqarishi mumkinligi haqida xabar bo'lgan."
Amaldagi jahon chempioni — Argentina terma jamoasi. U 2022 yilda Qatarda bo‘lib o‘tgan finalda Fransiyaga qarshi bahsda asosiy va qo‘shimcha vaqtdagi durangdan so‘ng penaltilar seriyasida g‘alaba qozongan edi.,Amaldagi jahon chempioni Argentina 2022 yilda Qatarda Fransiyani asosiy va qo'shimcha vaqtdan keyin penaltilarda mag'lub etgan edi.
"Sherki: «Biz yanada kuchliroq bo‘lib qaytamiz» Frantsiya milliy jamoasi yarimhimoyachisi Rayan Sherki Angliyaga qarshi jahon chempionati–2026ning uchinchi o‘rin uchun bahsi oldidan muxlislarga murojaat qildi. «Biz yanada kuchliroq holda qaytamiz. Buni unutmang. Vatanimiz yo‘lida yana birlashish uchun maydonga qaytamiz. Jamoa butun Frantsiya bir tanu bir jon bo‘lganini his qildi, bu juda hayratlanarli», – deya Sherkining so‘zlarini «uch ranglilar» matbuot xizmati keltirgan. Eslatib o‘tamiz, jahon chempionati yarim finalida Frantsiya Ispaniyaga 0:2 hisobida mag‘lub bo‘ldi. Shu tariqa Didye Desham shogirdlari bronza medallari uchun Angliya terma jamoasiga qarshi maydonga tushadi. Uchrashuv yakshanba, 19 iyul kuni bo‘lib o‘tadi, boshlanish vaqti Toshkent vaqti bilan soat 02:00ga belgilangan.","Fransiya yarim himoyachisi Rayan Sherki uchinchi o'rin uchun bahs oldidan: ""Biz yanada kuchliroq bo'lib qaytamiz, jamoa butun Fransiya bir tanu bir jon bo'lganini his qildi"", - dedi u."
"Messi mundial finali qanday o‘tishini oldindan aytdi Argentina terma jamoasi sardori Lionel Messi 2026 yildgi jahon chempionati finali oldidan oʻz fikrlari bilan oʻrtoqlashdi. Qitʼalararo musobaqaning hal qiluvchi bahsida Argentina futbolchilari Ispaniya milliy terma jamoasiga qarshi maydonga tushadi. Uchrashuv 19 iyul kuni boʻlib oʻtadi. - Jahon chempionati finali — alohida oʻyin. Shuning uchun u juda keskin va juda tarang oʻtadi, deb oʻylayman, — deya Messining soʻzlarini TycSports nashri keltiradi. 2026 yildgi jahon chempionati 11 iyundan 19 iyulgacha AQSh, Kanada va Meksika hududida oʻtkazilmoqda. Amaldagi jahon chempioni — Argentina terma jamoasi. 2022 yilda Qatarda oʻtgan finalda argentinaliklar Frantsiya terma jamoasini asosiy va qoʻshimcha vaqtda 3:3 hisobidagi durangdan soʻng penaltilar seriyasida 4:2 hisobida magʻlub etgan edi.","Argentina sardori Lionel Messi final oldidan: ""Bu alohida o'yin, keskin va tarang o'tadi"", - dedi u TycSports'ga. Amaldagi jahon chempioni Argentina 2022 yilda Fransiyani penaltilarda mag'lub etgan edi."
"Ikki evropa klubi Argentina terma jamoasi futbolchisiga ko‘z tikdi Argentina terma jamoasi va fransuz «Lyon» klubi himoyachisi Nikolas Talyafiko yozgi transfer oynasidan foydalanib jamoasini o‘zgartirishi mumkin. Bu haqida ijtimoiy tarmoqlarda insayder Nikolo Skira xabar berdi. Manba ma’lumotlariga ko‘ra, 33 yoshli tajribali futbolchiga Yevropaning ikki klubi jiddiy qiziqish bildirgan. Gap Angliyaning «Nottingem Forest» va Ispaniyaning «Deportivo» jamoalari haqida ketmoqda. Talyafikoning «Lyon» bilan amaldagi shartnomasi kelasi yil yozida o‘z nihoyasiga yetadi. Shu bois, klub ham, futbolchining o‘zi ham yangi takliflarni ko‘rib chiqishga tayyor ekani aytilmoqda. Eslatib o‘tamiz, 2026 yildagi jahon chempionatida Nikolas Talyafiko Argentina terma jamoasi safida olti o‘yinda maydonga tushdi. «Albiseleste» finalda 19 iyul kuni Ispaniya terma jamoasiga qarshi bahs olib boradi.","Argentina va ""Lyon"" himoyachisi Nikolas Talyafiko yozgi transfer oynasida klub o'zgartirishi mumkin - unga ""Nottingem Forest"" va ""Deportivo"" qiziqmoqda, deb yozadi Nikolo Skira. Uning ""Lyon"" bilan shartnomasi kelasi yozda tugaydi."
Ushbu g‘alaba tufayli Ispaniya jahon chempionati-2026 finaliga yo‘l oldi. Endi ispanlar hal qiluvchi bahsda ikkinchi yarim finalda o‘zaro to‘qnashadigan Angliya va Argentina terma jamoalari g‘olibi bilan kuch sinashadi.,Ushbu g'alaba tufayli Ispaniya jahon chempionati finaliga chiqdi. Endi ular Angliya-Argentina g'olibi bilan o'ynaydi.
Futbolchiga “Aston Villa” va “Chelsi” kabi boshqa Yevropa klublari ham qiziqish bildirmoqda. Lukas Bergvall Shvetsiya terma jamoasi safida jahon chempionatida to‘rtta uchrashuvda ishtirok etdi.,"Futbolchiga ""Aston Villa"" va ""Chelsi"" ham qiziqmoqda. Lukas Bergvall Shvetsiya terma jamoasi safida jahon chempionatida to'rt o'yinda ishtirok etgan."
Rojers shu bilan birga tarixdagi eng qimmat ingliz futbolchisiga aylandi. U iyul oyi boshida «Manchester Siti» 116 million funt to‘lab qo‘lga kiritgan Elliot Anderson ko‘rsatkichini ham ortda qoldirdi.,"Rojers tarixdagi eng qimmat ingliz futbolchisiga aylandi - u ""Manchester Siti"" 116 million funtga sotib olgan Elliot Andersonni ham ortda qoldirdi."
"""Biz borimizni berdik"": Skaloni JCH-2026 finalida Argentina terma jamoasining mag'lubiyatiga munosabat bildirdi Jahon chempionati finalida Ispaniyaga mag‘lub bo‘lganiidan so‘ng Argentina terma jamoasi bosh murabbiyi Lionel Skaloni o‘z fikrlarini bildirdi. «Hozir juda qayg‘uliman... Lekin eng avvalo shu yigitlarga abadiy minnatdorchiligimni aytaman. Shu bosqichgacha yetib kelish uchun ulkan mehnat, katta kuch talab etiladi. Biz g‘alabada qanday buyuk bo‘lsak, mag‘lubiyatni ham shu darajada mardona qabul qilishimiz kerak. Erishilgan natijalarni unutmaymiz. Biz maydonda borimizni berdik», — deya Skalonining so‘zlarini ijtimoiy tarmoqdagi Instant Foot sahifasi keltiradi. Eslatib o‘tamiz, Argentina finalda qo‘shimcha daqiqalarda mag‘lub bo‘ldi. Yakuniy hisobni 106-daqiqada Ferran Torres urgan yagona gol hal qildi. Qolaversa, ekstra-taym davomida argentinaliklar bir futbolchi kam tarkibda o‘ynashga majbur bo‘ldi.","Argentina murabbiyi Lionel Skaloni final mag'lubiyatidan so'ng: ""Hozir qayg'uliman, lekin shu yigitlarga abadiy minnatdorman, ular uchun ulkan mehnat qildi. G'alabada qanday buyuk bo'lsak, mag'lubiyatni ham shunday mardona qabul qilamiz"", - dedi u. Finalda yagona golni Ferran Torres 106-daqiqada urgan, argentinaliklar bir futbolchi kam o'ynagan."
"Bokschi qizlarimiz Osiyoni ""titratdi"" Jakartada (Indoneziya) ayollar oʻrtasida 19 va 23 yoshgacha boʻlgan bokschilar ishtirokidagi 2026 yildgi Osiyo chempionati yakunlandi. 23 yoshgacha boʻlgan sportchilar (U-23) oʻrtasidagi musobaqada umumjamoaviy hisobda Oʻzbekiston terma jamoasi mutlaq yetakchi boʻldi. Qoʻshni Qozogʻiston ikkinchi oʻrinni egallagan boʻlsa, uchinchi pogʻonaga Hindiston jamoasi koʻtarildi. Medallar taqsimoti quyidagicha shakllandi: 1. Oʻzbekiston — 6-1-2 (jami 9 medal); 2. Qozogʻiston — 3-3-2 (8); 3. Hindiston — 1-4-4 (9); 4. Yaponiya — 0-1-2 (3); 5. Moʻgʻuliston — 0-1-0 (1); 6. Janubiy Koreya — 0-0-3 (3); 7. Indoneziya — 0-0-2 (2); 8. Qirgʻiziston — 0-0-1 (1); 8. Vyetnam — 0-0-1 (1). 19 yoshgacha boʻlganlar (U-19) oʻrtasida ham yetakchilar uchligi oʻzgarmadi: birinchi oʻrinni yana Oʻzbekiston, ikkinchini Qozogʻiston, uchinchi oʻrinni esa Hindiston egalladi.","Jakartada 2026 Osiyo boks chempionatida U-23 toifasida O'zbekiston umumjamoaviy hisobda yetakchi bo'ldi (6 oltin, 9 medal), Qozog'iston ikkinchi, Hindiston uchinchi. U-19da ham yetakchilar uchligi o'zgarmadi: O'zbekiston, Qozog'iston, Hindiston."
"Eng muhimi – butun jamoa uning fikrlarini, g‘oyalarini qabul qiladi, deb o‘ylayman. Ular uni qo‘llab-quvvatlash, yordam berish g‘oyasi atrofida birlashgan. U o‘yinga faol qo‘shiladigan, natijani o‘zgartira oladigan onlar uchun hammasi tayyor turadi. Albatta, biz shu narsaga tayyorgarlik ko‘ramiz. «Bunga oldindan to‘liq tayyorgarlik ko‘rish, aniq formula topish va faqat unga juda qattiq e’tibor qaratish mumkinmi? Yo‘q. Lekin bizga jasur bo‘lish kerak, u bilan o‘ynayotganda ham jasur bo‘lish lozim. Uni jamoadoshlarining qo‘llab-quvvatlashidan uzish, unga berilgan yordamni cheklash kerak. U to‘p bilan bo‘lgan har bir harakatini diqqat bilan kuzatishimiz shart», – dedi Angliya terma jamoasi bosh murabbiyi.","""Eng muhimi - jamoa uning g'oyalarini qabul qiladi. Biz jasur bo'lishimiz, uni jamoadoshlar yordamidan uzishimiz kerak, uning har bir harakatini kuzatishimiz shart"", - dedi Angliya murabbiyi Messi haqida."
"Minye Gaiti terma jamoasini 2024 yildan beri boshqarib kelayotgan edi. 2026 yildgi jahon chempionatida jamoa “S” guruhida Braziliyaga (0:3), Marokashga (2:4) hamda Shotlandiyaga (0:1) mag‘lub bo‘ldi to‘rtinchi o‘rinni egalladi.","Minye Gaiti terma jamoasini 2024 yildan boshqargan. 2026 jahon chempionatida jamoa ""S"" guruhida Braziliya (0:3), Marokash (2:4) va Shotlandiyaga (0:1) yutqazib, to'rtinchi o'rinni egalladi."
"Mbappe Ispaniyaga qarshi o‘yin oldidan jarohati xavotirga solmoqda 2026 yildgi jahon chempionati yarim finalida Frantsiya terma jamoasi Ispaniyaga qarshi maydonga tushadi. RMC Sport nashri xabar berishicha, «uch ranglilar» yetakchisi Kilian Mbappe shu paytgacha to‘liq sog‘ayib ulgurmagan. Hujumchini hali ham Marokko termasiga qarshi 2:0 hisobida yakunlangan chorak final bahsida jarohat olgan oyoq bo‘g‘ini bezovta qilmoqda. Shunga qaramay, Mbappe Frantsiya termasi asosiy tarkibidan o‘rin olishi kutilmoqda. U bu mundialda sakkizta gol urib, jamoaning eng samarali o‘yinchisiga aylangan. Frantsiya – Ispaniya uchrashuvi bugun, 14 iyul kuni bo‘lib o‘tadi. O‘yin boshlanishi Toshkent vaqti bilan soat 23:59 ga belgilangan.","Fransiya hujumchisi Kilian Mbappe Ispaniyaga qarshi yarim final oldidan jarohatidan to'liq tuzalmagan, deb yozadi RMC Sport - chorak finalda olgan oyoq bo'g'imi jarohati bezovta qilmoqda. Shunga qaramay, u asosiy tarkibda o'ynashi kutilmoqda - mundialda 8 gol urib eng samarali o'yinchi bo'lgan."
"Mbappe 8 uchrashuvda 10 ta gol urib, musobaqaning eng yaxshi toʻpurariga aylandi. Ikkinchi oʻrinni Angliya terma jamoasi yarim himoyachisi Jud Bellingem egalladi – u 8 oʻyinda 7 ta gol urib, 8,29 ball yigʻdi. Uchinchi pogʻonaga esa Argentina terma jamoasi hujumchisi Lionel Messi koʻtarildi: u 8 oʻyinda 8 ta gol urib, 8,06 ballga ega boʻldi. Yaratuvchan oʻyinchilar reytingida Fransiya terma jamoasi vingeri Maykl Olise peshqadamlik qildi. U hujumlarni rivojlantirish va golli vaziyatlar yaratish boʻyicha 8,29 ball oldi. Olise 7 ta golli uzatma amalga oshirib, JCh-2026ning eng yaxshi assistenti sifatida qayd etildi. Ushbu toifada ikkinchi oʻrin Lionel Messiga (8,26), uchinchi oʻrin esa Kilian Mbappega (7,84) nasib etdi.","Mbappe 8 o'yinda 10 gol urib eng yaxshi to'purar bo'ldi. Ikkinchi o'rinda Jud Bellingem (7 gol, 8,29 ball), uchinchida Lionel Messi (8 gol, 8,06 ball). Assist reytingida Maykl Olise yetakchi (7 assist), ikkinchi Messi, uchinchi Mbappe."
"Tezkor! Leo ko‘zda yosh bilan Argentina terma jamoasini tark etishga tayyorligini bildirdi Argentina terma jamoasi bosh murabbiyi Lionel Skaloni jahon chempionati finalidagi mag‘lubiyatdan so‘ng o‘z lavozimini tark etishi mumkinligini istisno etmadi. Ispaniya terma jamoasi jahon chempionati finalida Argentinga qarshi uchrashuvda qo‘shimcha daqiqalarda yagona gol urib, 1:0 hisobida g‘alaba qozondi. Musobaqa AQSh, Kanada va Meksika hududida o‘tkazildi. Skalonining Argentina futbol assotsiatsiyasi bilan tuzgan shartnomasi 2026 yil oxirigacha amal qiladi. Shunga qaramay, u yaqin kunlarda Assotsiatsiya prezidenti bilan kelajagi borasida suhbatlashishini ma’lum qildi. - Prezident bilan gaplashishim kerak, nima bilan shug‘ullanishni istashim haqida o‘z tasavvurim bor. Shartnomamni oxirigacha bajaraman, keyin o‘ylab ko‘raman.","Argentina murabbiyi Lionel Skaloni jahon chempionati finalidagi mag'lubiyatdan so'ng lavozimni tark etishi mumkinligini istisno etmadi - Ispaniya qo'shimcha vaqtda yagona gol bilan 1:0 g'alaba qozongan. Skaloni shartnomasi 2026 yil oxirigacha, u AFA prezidenti bilan gaplashishini aytdi."
"De la Fuente ""JCH-2026""da Ispaniya g‘alabasini izohladi Ispaniya terma jamoasi bosh murabbiyi Luis de la Fuente jahon chempionati-2026 da qo‘lga kiritilgan g‘alaba haqida fikr bildirdi. «Bu g‘oya asosida tarbiya topgan, unga sodiq qolgan va uni yanada takomillashtirgan avloddan juda faxrlanaman. Bu futbolchilar bizga haqiqiy jamoaviy o‘yin namunasi ko‘rsatishdi, bir oiladek bo‘lishdi. Ular mahoratli, katta salohiyatga ega, yuksak iste’dodli o‘yinchilar. Men ulardan faxrlanaman. His-tuyg‘ular juda ko‘p. Biz bu avlod futbolchilari bilan qo‘limizdan kelgan barcha sovrinlarni qo‘lga kiritdik. Menimcha, o‘yin ancha oldin yakunlanishi mumkin edi. Martinesning bir necha marotaba darvozani qutqarib qolgani hisobni ertaroq ochishimizga, g‘alabani tezroq ta’minlashimizga yo‘l qo‘ymadi. Lekin bu jahon chempionati finali – bu yerda azoblanishga ham tayyor bo‘lish kerak, raqib maydonda o‘n kishi bo‘lib qolgan taqdirda ham. Biz har qanday ssenariyga tayyor edik», – dedi de la Fuente.","Ispaniya murabbiyi Luis de la Fuente g'alaba haqida: ""Bu avloddan juda faxrlanaman, ular haqiqiy jamoaviy o'yin ko'rsatishdi. Martinesning bir necha marta darvozani qutqarib qolgani hisobni ertaroq ochishga yo'l qo'ymadi, lekin biz har qanday ssenariyga tayyor edik"", - dedi u."
"Bu mutlaqo o‘ziga xos, alohida ahamiyatga ega chempionat sifatida tarixda qoladi», – deya qo‘shimcha qildi AQSh prezidenti. Tramp Angliya terma jamoasi haqida ham to‘xtalib o‘tdi: «Keynni himoyachi sifatida qo‘llash – ehtimol, xatodir. Hujumga o‘tib, eng yaxshi futbolchini orqa chiziqqa qaytarishdi. Lekin men murabbiylikdan nima tushunaman, axir?» Shuningdek, u Balogun haqida ham fikr bildirdi: «Infantino juda to‘g‘ri qaror qabul qildi. Men Janniga qo‘ng‘iroq qilib: “Shikoyat bildirmoqchiman”, dedim. Agar Folarin maydonga tushmaganida, AQSh shunday derdi: “Eng kuchli futbolchilar bilan o‘ynaganimizda g‘alaba qozonardik”».","AQSh prezidenti Donald Tramp jahon chempionati haqida qo'shimcha fikr bildirdi: ""Bu alohida chempionat bo'lib tarixda qoladi"", - dedi u. Angliya haqida: ""Keynni himoyachi sifatida ishlatish xato bo'ldi, lekin men murabbiylikdan nima tushunaman"", - dedi Tramp, Balogun haqida ham gapirib."
Mana shu omillar Messining «Oltin to‘p» uchun imkoniyatlarini yanada oshirdi. Uchinchi pog‘onada «Barselona» va Ispaniya terma jamoasi yarim himoyachisi Lamin Yamal joy olgan. Ispaniya va Argentina o‘rtasidagi jahon chempionati final bahsi mazkur nufuzli sovrin uchun kurashda kuchlar nisbatiga jiddiy ta’sir ko‘rsatishi kutilmoqda. Finaldagi individual o‘yin va hal qiluvchi gollar keyingi baholashda muhim omilga aylanishi mumkin. «Oltin to‘p»ni topshirish marosimi 26 oktyabr kuni London shahrida bo‘lib o‘tadi.,"Argentina hujumchisi Lionel Messi final paytida Lamin Yamal bilan bo'lgan suhbatini aytdi: ""U meni bag'riga bosdi, tasalli berdi"", - dedi Messi. Finalda Argentina Ispaniyaga 0:1 yutqazgan."
"Messi finaldan keyin nega Argentinga qaytmadi? Argentina terma jamoasi futbolchilari Lionel Messi va Rodrigo De Paul jahon chempionati finalidan keyin jamoa bilan birga Argentinalga uchib ketmadi. Bu haqida OneFootball xabar berdi. Manba ma'lumotiga ko‘ra, buning sababi sifatida har ikki futbolchining “Inter Mayami” klubida o‘ynashi va AQShda muntazam yashashi ekani aytildi. Shu bois ular ta'tilni klublari joylashgan mamlakatda boshlaydi. Shuningdek, Argentina terma jamoasining faqat bir qismi charter reysi bilan Buenos-Ayresga qaytishi ta'kidlangan. Manbaga ko‘ra, poytaxtda jahon chempionatining kumush medal sohiblarini ommaviy kutib olish yoki tantanali taqdirlash rejalashtirilmagan. Eslatib o‘tamiz, finalda Argentina qo‘shimcha vaqtda Ispaniyaga 0:1 hisobida mag‘lub bo‘ldi. Bu Ispaniya tarixidagi ikkinchi jahon chempionligi bo‘ldi.","Argentina futbolchilari Messi va Rodrigo De Paul finaldan keyin jamoa bilan Argentinaga uchib ketmadi - ular ""Inter Mayami""da o'ynaydi va AQShda yashaydi. Finalda Argentina qo'shimcha vaqtda Ispaniyaga 0:1 yutqazdi."
"Jahon chempionati «Oltin to‘p»ni kim olishi ma’lum Juma kuni, 17 iyunda, FIFA texnik qo‘mitasi yig‘ilishi bo‘lib o‘tdi. Unda 2026 yildgi jahon chempionati yakunlari bo‘yicha taqdim etiladigan sovrinlar masalasi ko‘rib chiqildi. Ma’lumki, musobaqa 19 iyulda yakunlanadi. The Touchline manbasining xabar berishicha, musobaqaning eng nufuzli sovrinlaridan biri – «Oltin to‘p» 39 yoshli argentinalik hujumchi Lionel Messiga topshirilishi rejalashtirilgan. Manbaga ko‘ra, bu qaror kelayotgan final uchrashuvi natijasidan qat’i nazar amalga oshiriladi. Messi jahon chempionati davomida sakkizta gol urdi va to‘rtta golli uzatma berdi. Uning o‘yini Argentina terma jamoasining finalgacha yetib kelishida hal qiluvchi omillardan biri bo‘ldi. Jahon chempionati finalida bugun, 19 iyul kuni Ispaniya va Argentina terma jamoalari to‘qnash keladi. Uchrashuv boshlanishi Toshkent vaqti bilan soat 23:59ga belgilangan.","FIFA texnik qo'mitasi yig'ilishida ""Oltin to'p"" 39 yoshli Lionel Messiga berilishi rejalashtirilgani ma'lum bo'ldi, deb yozadi The Touchline - bu final natijasidan qat'i nazar amalga oshadi. Messi mundialda 8 gol, 4 assist qayd etgan."
"Nimadir ish bermagan bo‘lsa, «murabbiy xatoga yo‘l qo‘ydi» deyish oson. Biz ikkinchi golni urishni xohlaganmiz, lekin hujum chizig‘idagi almashinuvlar bizga foyda beradi, degan hissiyot menda yo‘q edi. Shu bois 4-4-2 sxemasida qoldik, ammo o‘yin borgan sari yanada passiv bo‘lib bordik», — deya Tuxel so‘zlarini VVS keltiradi. Eslatib o‘tamiz, 2026 yildgi futbol bo‘yicha jahon chempionati 11 iyundan 19 iyulga qadar AQSh, Kanada va Meksika hududida o‘tkazilmoqda. Amaldagi jahon chempioni — Argentina terma jamoasi. 2022 yildgi jahon chempionati finalida Argentina Fransiyaga qarshi maydonga tushgan edi. Bellashuvning asosiy vaqti 3:3 hisobida yakunlangan, penaltilar seriyasida esa argentinaliklar 4:2 hisobida zafar quchgan.","""Ikkinchi golni urishni xohlagandik, lekin hujumdagi almashinuvlar foyda berishiga ishonchim yo'q edi, shu bois passivroq bo'lib bordik"", - dedi Tuxel. Amaldagi jahon chempioni Argentina 2022 yilda Fransiyani penaltilarda mag'lub etgan edi."
"Ҳammаsi hal bo‘ldi! Muҳammad Saloҳ yangi klubga o‘tyapti «Liverpul»dagi to‘qqiz yillik faoliyatidan keyin misrlik hujumchi Muhammad Saloҳ Turkiyaning «Beshiktoш» klubi bilan hamkorlik shartlari bo‘yicha kelishib oldi. Bu haqida jurnalist Santi Auna ijtimoiy tarmoq X orqali xabar berdi. Manbaga ko‘ra, misrlik futbolchi yiliga 10 million yevro maosh oladi, shartnomada yana 2 million yevro miqdoridagi bonuslar ham nazarda tutilgan. «Beshiktoш» bilan mehnat kelishuvi bir yilga mo‘ljallangan bo‘lib, unda yana bir mavsumga uzaytirish imkoniyati qayd etilgan. Saloҳ o‘tgan mavsum yakunlangach «mersisaydliklar» tarkibini tark etgan edi. U o‘tgan yilgi barcha musobaqalar doirasida 41 o‘yinda maydonga tushib, 12 ta gol urdi va 10 ta golli uzatma amalga oshirdi.","Misrlik hujumchi Muhammad Saloh Turkiyaning ""Beshiktosh""i bilan kelishdi - yiliga 10+2 million yevro maosh, bir yillik shartnoma uzaytirish imkoniyati bilan. Saloh o'tgan mavsum ""Liverpul""da 41 o'yinda 12 gol urgan."
"Kubarsi: ""Mbappe bir zumdagi tezkor harakati bilan barchasini o'zgartira oladi"" Ispaniya terma jamoasi himoyachisi Pau Kubarsi jahon chempionati-2026 yarim finali oldidan Frantsiya terma jamoasi yetakchisi Kilian Mbappe bilan bo‘ladigan duyel haqida fikr bildirdi Uning ta’kidlashicha, u mashhur hujumchidan qo‘rqmaydi, biroq Mbappening o‘ziga xos mahoratini inkor etib bo‘lmaydi. «Mbappe? Men qo‘rqmayman. Hech qanday qo‘rqov yo‘q. Lekin hamma uning qanday futbolchi ekanini biladi. U hatto o‘yinda uncha faol ko‘rinmasa ham, bir zumdagi tezkor harakati bilan barchasini o‘zgartira oladi. U betakror, xuddi Lamin Yamal kabi. Shuning uchun 90 daqiqa davomida hushyor bo‘lish kerak», — deya Kubarsining so‘zlarini keltiradi Diario AS. Jahon chempionati-2026 yarim finalida Ispaniya va Frantsiya terma jamoalari o‘rtasidagi bellashuv 14 iyuldan 15 iyulga o‘tar kechasi bo‘lib o‘tadi. Uchrashuv AQShning Arlington shahrida joylashgan «AT&T Stadium» arenasida o‘tkaziladi.","Ispaniya himoyachisi Pau Kubarsi Mbappe bilan duel oldidan: ""Men qo'rqmayman, lekin u bir zumda barchasini o'zgartira oladi, xuddi Yamal kabi. 90 daqiqa hushyor bo'lish kerak"", - dedi u Diario AS'ga."
"Eng toza jahon chempionati, lekin Argentina... 2026 yildgi jahon chempionatida ishtirokchilar va uchrashuvlar soni ko‘payganiga qaramay, futbolchilar o‘yinlar davomida qoidalarni avvalgi musobaqalardan kamroq buzishdi. O‘rtacha hisobda hakamlar har bir uchrashuvda 23 ta qoidabuzarlik qayd etdi. Bu 1966 yildan beri, ya’ni bunday statistika yuritila boshlanganidan buyon eng past ko‘rsatkichdir. Qiziqi, final uchrashuvi umumiy manzaradan ajralib turdi. Argentina Ispaniyaga qarshi bahsda 25 marta qoida buzdi va bu so‘nggi yillardagi eng qo‘pol finallardan biriga aylandi. Bundan ham ko‘proq qoidabuzarlik faqat 2022 yildgi jahon chempionati finalida qayd etilgan edi. O‘shanda Argentina Fransiyaga qarshi bahsda 26 marta qoida buzgan edi.","2026 jahon chempionatida qoidabuzarliklar 1966 yildan beri eng past ko'rsatkichga tushdi (o'rtacha 23 ta), ammo final istisno bo'ldi - Argentina Ispaniyaga qarshi 25 marta qoida buzdi, bu 2022 finalidan (26) keyingi ikkinchi ko'rsatkich."
"Biz natijaga, eng avvalo, uning uchun erishmoqchi edik. Birinchi taymdan keyin g‘oyoki uni yerga urgandek taassurot qolgan bo‘lishi mumkin, lekin biz uning o‘zini shunday his etishini hech qachon istamaganmiz. Bu o‘yin Didye Deshamning merosiga hech qanday soya tashlamaydi», — deya Mbappening so‘zlarini keltiradi FIFA matbuot xizmati. Eslatib o‘tamiz, kecha o‘tkazilgan uchinchi o‘rin uchun jangda Frantsiya Angliyaga 4:6 hisobida mag‘lub bo‘ldi. Mazkur uchrashuvda Mbappe dubl qayd etdi. Endi Kilianing JCh-2026 dagi gollari soni o‘ntaga yetdi va u argentinalik Lionel Messidan ikki to‘pga oldinda bormoqda. Jahon chempionati finalida Ispaniya va Argentina to‘qnash keladi.","""Biz natijaga uning uchun erishmoqchi edik, bu o'yin Deshamning merosiga soya solmaydi"", - dedi Mbappe FIFA matbuot xizmatiga. Uchinchi o'rin uchun jangda Fransiya Angliyaga 4:6 yutqazdi, Mbappe dubl qildi - uning mundialdagi gollari soni o'nga yetib, Messidan ikki to'p oldinda."
"""JCh-2026"". O'nta gol urilgan uchrashuvda Angliya mundialning bronza medallarini qo'lga kiritdi ""Jahon chempionati — 2026"" 3-o‘rin sohibini aniqlab beruvchi Fransiya va Angliya terma jamoalari o‘rtasida kechgan bahs inglizlar foydasiga 5:4 hisobida yakunlandi. Birinchi bo‘limda angliyaliklar 4:0 hisobida oldinda borishayotgan edi. Biroq ikkinchi taymda fransuzlar o‘yinda o‘zgarishlar qilib 3 ta gol urishdi. Biroq 86-daqiqada Fransiya darvozasi tomon penalti belgilandi va Saka undan unumli foydalandi. Ushbu uchrashuvda Mbappe mundialdagi gollari sonini 10 taga yetkazdi. - World - Jahon chempionati - 3-o'rin uchun o'yin Fransiya - Kylian Mbappé 48' - Bradley Barcola 54' - Kylian Mbappé 66' - Ousmane Dembélé 90' 19.07.2026 02:00 Angliya - Declan Rice 3' - Ezri Konsa 18' - Bukayo Saka 37' - Bukayo Saka 45' - Bukayo Saka 87' - Jude Bellingham 90'","Angliya jahon chempionati yarim finalida Argentinaga 1:2 yutqazib, finalga chiqolmadi. Angliyaning yagona yirik sovrini - 1966 yilgi jahon chempionati g'alabasi, Yevrolarda esa ikki marta (2020, 2024) ikkinchi o'rinni egallagan."
"Rodri JCh-2026dan keyin «Real»ga o'tmoqchi «Manchester Siti» va Ispaniya terma jamoasi yarim himoyachisi Rodri kelajakda o‘z faoliyatini «Real» safida davom ettirishni istamoqda, deb xabar bermoqda Sports.kz. El Larguero nashri ma’lumoticha, 30 yoshli futbolchi madridliklar taklif qiladigan istalgan shartlarga rozi bo‘lishga tayyor. Rodri shuningdek «Real» boshqaruvida shaxsan Xose Mourinyoni ko‘rishni xohlayotgani aytilmoqda. Shu bilan birga, klub prezidenti Florentino Peres hozircha uni transfer qilish niyatida emasligi ta’kidlanadi. O‘tgan mavsumda Rodri «Manchester Siti» tarkibida barcha musobaqalar doirasida 33 o‘yin o‘tkazib, 2 ta gol urdi. Transfermarkt.de sayti uning transfer qiymatini 50 million yevro atrofida baholamoqda. Hozirda esa ispaniyalik yarim himoyachi milliy jamoa bilan Jahon chempionati–2026 musobaqasida ishtirok etmoqda va finalda Argentinaга qarshi maydonga tushishi kutilmoqda.",Ispaniya himoyachisi Pedro Porro jahon chempionati yarim finalida Fransiyaga qarshi (2:0) eng yaxshi futbolchi deb topildi - u ikkinchi golni urdi. Finalda Ispaniya Argentina-Angliya g'olibi bilan o'ynaydi.
"Tramp: Keynni himoyachi sifatida qo‘llash – ehtimol, xatodir Nyu-Yorkda bo‘lib o‘tgan matbuot anjumanida AQSh prezidenti Donald Tramp FIFA rahbari Janni Infantino bilan birga jahon chempionati haqida fikr bildirdi. Eslatib o‘tamiz, 19 iyul kuni Ispaniya va Argentina terma jamoalari o‘rtasida musobaqaning final bahsi o‘tkaziladi. «Amerikaliklar uchun o‘z mamlakati go‘zalligini butun dunyo bilan bo‘lishish katta sharaf bo‘ldi. Bugun Amerika tarixdagi eng kuchli, eng boy va eng nufuzli pallalaridan birini boshdan kechirmoqda. Sizlar esa bu jarayonning muhim qismi hisoblanasiz», – dedi Tramp. Uning ta’kidlashicha, jahon chempionati oddiy sport musobaqasi doirasidan ancha keng bo‘ldi. «Menimcha, bu shunchaki sport tadbiri emas edi. Bu oddiy musobaqadan ancha katta, ancha muhim voqea bo‘ldi.","Strimer IShowSpeed final oldidan Ispaniyaga murojaat qildi: ""Lamin, iltimos Argentinani yutib qo'ying, meni katta fojiadan qutqaring"", - dedi u."
"“Arsenal”: Al’vares kelmasa, jahon chempionatida gol urgan hujumchini olamiz! Jahon chempionatida Ispaniya milliy terma jamoasi safida munosib o‘yin ko‘rsatgan “Real Sosyedad” hujumchisi Mikel Oyarsabal Londonning “Arsenal” klubi qiziqish doirasiga tushdi. “To‘pchilar” uchun asosiy transfer maqsadi hamon Madriddning “Atletiko” klubi hujumchisi Xulian Alvares hisoblanadi. Biroq argentinalik futbolchini jamoaga jalb qilish qiyin bo‘lishi mumkinligi sababli, Angliya grandi ispaniyalik hujumchi variantini ham ko‘rib chiqmoqda. Bu haqida jurnalist Ekrem Konur xabar berdi. 29 yoshli Oyarsabal “Real Sosyedad”da o‘zini baxtli his qilmoqda, ammo klubini almashtirish ehtimolini ham istisno qilmayapti. Uning shartnomasida 75 million yevro miqdorida tovon puli belgilangan. Transfermarkt portali esa hujumchining bozor qiymatini 25 million yevro deb baholamoqda.","""Arsenal"" vingeri Gabriyel Martinelli ""Atletiko""ga o'tishi mumkin - Madrid klubi 70 million yevro taklif qilgan. Martinellining shartnomasi 2027 yilgacha, bozor qiymati 45 million yevro, o'tgan mavsum 53 o'yinda 11 gol urgan."
"Manchesterliklar Fransiya terma jamoasi futbolchisi bo‘yicha muzokara qiladi Hozirda «Roma» sharafini himoya qilayotgan Frantsiya terma jamoasi yarim himoyachisi Manu Kone yaqin vaqtlarda Angliya chempionatiga yo‘l olishi mumkin. Bu haqida futbol bo‘yicha insayder jurnalist Fabrizio Romano xabar berdi. Manbaning ma’lum qilishicha, 25 yoshli futbolchini o‘z safiga qo‘shib olishga «Manchester Yunayted» jiddiy qiziqish bildirmoqda. Manchestarliklar Kone vakillari bilan muzokaralar o‘tkazishni rejalashtirayotgani aytilmoqda. Ta’kidlanishicha, Manu Kone uchun transfer bozorida taxminan 50 million yevro atrofida baholanmoqda. Frantsuz yarimhimoyachisining «Roma» bilan amaldagi shartnomasi 2029 yil iyun oyi oxiriga qadar mo‘ljallangan. O‘tgan mavsumda Kone barcha musobaqalar doirasida 37 ta o‘yinda maydonga tushdi. U shu davr mobaynida ikki bor raqib darvozasini ishg‘ol qildi va uchta golli uzatma muallifiga aylandi.","Fransiya va ""Roma"" yarim himoyachisi Manu Kone Angliya chempionatiga o'tishi mumkin, deb yozadi Fabrizio Romano - ""Manchester Yunayted"" jiddiy qiziqmoqda. Kone bozor qiymati 50 million yevro, shartnomasi 2029 yilgacha, o'tgan mavsum 37 o'yinda 2 gol urgan."
"Tuxel o‘yindan so‘nggi intervyusida shogirdlarining harakatlaridan to‘liq qoniqmaganini aytgan, Bellingem esa bu fikrga ochiqchasiga qo‘shilmagan edi. Jahon chempionati yarim finalida Angliya endilikda Argentina qarshi maydonga tushadi. Uchrashuv chorshanba, 15 iyul kuni bo‘lib o‘tadi.","Tuxel shogirdlaridan to'liq qoniqmaganini aytgan, Bellingem esa bu fikrga ochiq qo'shilmagan. Angliya jahon chempionati yarim finalida Argentinaga qarshi o'ynaydi, o'yin 15 iyulda bo'ladi."
"Xavi Simons: «Biz barcha musobaqalarda g‘olib chiqmoqchimiz» «Tottenxem»ning hujumkor yarim himoyachisi Xavi Simons London klubining maqsad va rejalari haqida keskin bayonot berdi. — Mening maqsadlarim jamoa va klubning ambitsiyalari bilan to‘liq mos. Biz ishtirok etadigan barcha musobaqalarda g‘olib chiqishni istaymiz, — dedi Simons jurnalist Mett Barlouga bergan intervyusida. Xavi Simons o‘tgan yozda «shporlar» safiga qo‘shilgan edi. U klub bilan 2030 yilgacha mo‘ljallangan mehnat shartnomasiga imzo chekkan. 2025/26 yildagi Angliya chempionati yakunlariga ko‘ra, londonliklar jadvalda 17-o‘rinni egallab, 41 ochko to‘pladi. Jamoa faqat musobaqaning so‘nggi bosqichidagina elita divizionida qolishni ta’minlay oldi. Yangi mavsum Angliya Premier-ligasida avgust oyining ikkinchi yarmida start olishi kutilmoqda. Biroq Simons jarohati tufayli musobaqaning katta qismini o‘tkazib yuborishi aniq.","""Tottenxem"" hujumchisi Xavi Simons: ""Biz ishtirok etadigan barcha musobaqalarda g'olib chiqishni istaymiz"", - dedi u. Klub o'tgan mavsum 17-o'rinda, 41 ochko bilan yakunlagan, Simons jarohati tufayli musobaqaning katta qismini o'tkazib yuboradi."
"Iniesta ""JCh-2026"" finali haqida fikr bildirdi Jahon chempionati – 2026 musobaqasining hal qiluvchi bahsida Ispaniya va Argentina terma jamoalari to‘qnash keladi. Ushbu final oldidan «Barselona»ning sobiq yarim himoyachisi Andres Inyesta ushbu uchrashuv haqida o‘z fikrlarini bildirdi. «Ikkala jamoa uchun ham juda og‘ir final bo‘ladi. Ispaniya o‘zining o‘yin uslubi orqali Argentinani qiyin ahvolga solishi mumkin. Juda muhim jihat shundaki, jamoa raqibga o‘z o‘yinini qabul qildirishga erishishi kerak», – deya Inyestaning so‘zlarini keltiradi COPE nashri. Ispaniya – Argentina uchrashuvi ertaga, 19 iyul kuni bo‘lib o‘tadi. Bellashuv boshlanish hushtagi Toshkent vaqti bilan soat 00:00 da yangraydi.","""Barselona""ning sobiq yarim himoyachisi Andres Inyesta final haqida: ""Ikkala jamoa uchun ham og'ir bo'ladi, Ispaniya o'yin uslubi bilan Argentinani qiynashi mumkin"", - dedi u COPE'ga."
"Eslatib oʻtamiz, Argentina va Ispaniya terma jamoalari oʻrtasidagi Jahon chempionati–2026 final bahsi 19 iyul kuni boʻlib oʻtadi.","Eslatib o'tamiz, Argentina-Ispaniya jahon chempionati final bahsi 19 iyulda bo'lib o'tadi."
"Nihoyat, 2022 yilda argentinaliklar Frantsiya termasini penaltilar seriyasida mag‘lub etishga muvaffaq bo‘lishdi. Shu tariqa, bu musobaqa ular uchun jahon chempionatidagi oltinchi final sifatida tarixda qoldi.",2022 yilda argentinaliklar Fransiyani penaltilarda mag'lub etgan - bu ular uchun jahon chempionatidagi oltinchi final bo'lgan.
"Turnirning 100 yillik yubileyi munosabati bilan bir qator uchrashuvlar Janubiy Amerikada – Argentina, Urugvay va Paragvayda o‘tkazilishi rejalashtirilgan. 2034 yildgi jahon chempionati Saudiya Arabistonida bo‘lib o‘tadi. 2038 yildagi musobaqaga esa hali mezbon mamlakat aniqnlanmagan.","Turnirning 100 yilligi munosabati bilan bir qator o'yinlar Argentina, Urugvay va Paragvayda o'tkaziladi. 2034 jahon chempionati Saudiya Arabistonida bo'ladi, 2038 yilniki hali belgilanmagan."
"«Bavariya» Olisega yangi shartnoma taklif qilmoqchi «Bavariya» rahbariyati Maykl Olise atrofidagi shov-shuvlarga qaramay, uni jamoada saqlab qolish niyatida qat’iy turibdi. Frantsiya terma jamoasi a’zosi so‘nggi kunlarda «Real» bilan jiddiy tarzda bog‘lanmoqda. Ma’lumotlarga ko‘ra, 24 yoshli yarim himoyachi joriy transfer oynasining o‘zidayoq «qirollik klubi» safiga o‘tishni istamoqda. Uning bu xohishi haqida terma jamoadagi sheriklari ham xabardor qilinganini aytilmoqda. Shu bilan birga, myunxenliklar o‘z yulduzini qo‘yib yuborish fikridan yiroq. Bild xabariga ko‘ra, «Bavariya» rahbariyati Olisega yangi shartnoma taklif qilishni rejalashtirgan. Unga ko‘ra, futbolchi yiliga 25 million evroidan ortiq maosh olishi mumkin. Agar bu kelishuv amalga oshsa, fransuz futbolchisi jamoadagi eng ko‘p maosh oluvchi o‘yinchilardan biriga aylanadi. Transfermarkt portali bahosiga ko‘ra, Maykl Olisening transfer qiymati 150 million evro atrofida baholanmoqda.","""Bavariya"" Maykl Oliseni jamoada saqlab qolish niyatida - u ""Real""ga o'tishni istayotgan bo'lsa-da. ""Bavariya"" unga yiliga 25 million yevrodan ortiq maosh taklif qilmoqchi, deb yozadi Bild. Bozor qiymati 150 million yevro."
"Undan oldin esa ikki marta to‘piqdan jarohat olib, umumiy hisobda olti oy va 31 ta o‘yinni o‘tkazib yuborgan. Agar shifokorlar prognozi tasdiqlansa va tiklanish jarayoni to‘rt oyga cho‘zilsa, de Yong faqat noyabr oylarida safga qaytishi mumkin. Bu esa yangi mavsum boshida jamoaga jiddiy yo‘qotish bo‘ladi. Niderlandiya terma jamoasi Marokash qarshi bahsda asosiy vaqtni 1:1 hisobida yakunlab, penaltilar seriyasida 2:3 hisobida mag‘lub bo‘ldi va musobaqani tark etdi. Ushbu natijadan so‘ng Ronald Kuman terma jamoa bosh murabbiyligi lavozimini tark etdi. Frenki de Yong 2019 yildan beri «Barselona» sharafini himoya qilib kelmoqda. O‘tgan mavsumda u klub tarkibida 38 ta o‘yin o‘tkazib, bir gol urdi va sakkizta golli pas berdi.","Agar shifokorlar prognozi to'g'ri chiqsa, de Yong noyabrgacha maydonga qaytmaydi. Niderlandiya Marokashga penaltilarda (1:1, 2:3) yutqazib musobaqani tark etgan, keyin Ronald Kuman lavozimni tashlagan. De Yong 2019 yildan ""Barselona""da."
"Shavkat Rahmonovning ahvoli ma'lum bo'ldi DAR Team jamoasi bosh murabbiyi va Shavkat Raxmonovning ustozi Eduard Bazrov Sports.kz sayti bilan suhbatda mashhur jangchining hozirgi ahvoli va mashg‘ulot jarayoni haqida ma’lumot berdi. — Shavkat hozir zalda shug‘ullanyapti. Bilasiz, u juda jiddiy va noxush jarohat olgan edi. Oyogi bilan bog‘liq muammolar ancha bo‘ldi. Hozircha u taxminan 60 foizgacha to‘liq mashg‘ulot rejasi va murabbiy ko‘rsatmalarini bajara olyapti. Asosiy e’tiborni hozir boksgа va jismoniy tayyorgarlikka qaratganmiz. Oyogi hali ham tiklanish jarayonida, — deya ta’kidladi mutaxassis. Eslatib o‘tamiz, Shavkat Raxmonov og‘ir tizza jarohati qaytalanganidan so‘ng reabilitatsiyani davom ettirmoqda. Uning hozirgacha bo‘lgan so‘nggi jangi 2024 yil dekabrida o‘tkazilgan edi. O‘shanda qozog‘istonlik sportchi irlandiyalik Ien Garri ni hakamlar yagona qarori bilan mag‘lub etgan.","DAR Team murabbiyi Eduard Bazrov Shavkat Rahmonov haqida: ""U jiddiy oyoq jarohatidan tiklanmoqda, hozir 60% mashg'ulot rejasini bajara oladi, asosiy e'tibor boks va jismoniy tayyorgarlikka qaratilgan"", - dedi u Sports.kz'ga."
"Messi ""JCh-2026""ning eng yaxshi oʻyinchisi deb topildi «Federatsiya komissiyasi bu qarorni faqat va faqat statistik ko‘rsatkichlarga tayanilgan holda qabul qildi. Lionel Messi – IFFHS talqiniga ko‘ra eng yaxshi futbolchi. Bu kimningdir shaxsiy fikri yoki obro‘siga emas, balki raqamlar taqozo qilayotgan, inkor etib bo‘lmaydigan faktlarga asoslangan bahodir», – deyiladi xabarda. Yaqinda o‘tgan jahon chempionati Messining faoliyatidagi oltinchi mundiali bo‘ldi. U Argentina terma jamoasi bilan finalgacha yetdi va barcha 8 uchrashuvda maydonga tushdi. 39 yoshli hujumchi musobaqa davomida 8 ta gol urib, 4 marta hamkasblariga golli pas berdi. Shu natijalar asosida u to‘purarlar bahsida ikkinchi o‘rinni egalladi. Birinchi o‘rinni esa Frantsiya terma jamoasi forvardi Kilian Mbappe 10 ta gol bilan qo‘lga kiritdi.","Federatsiya komissiyasi qarori faqat statistikaga tayangan: Lionel Messi IFFHS talqiniga ko'ra eng yaxshi futbolchi. Bu Messining oltinchi mundiali bo'ldi - u 8 o'yinda 8 gol, 4 assist qayd etgan, to'purarlar bahsida ikkinchi o'rinda (birinchi Mbappe, 10 gol)."
"Terma jamoaga mashhur futbolchi murabbiy bo‘ladi Niderlandiya terma jamoasining sobiq futbolchisi Mark van Bommel Belgiya terma jamoasi bosh murabbiyligiga asosiy nomzod hisoblanmoqda. Bu haqida De Telegraaf xabar berdi. Belgiya Qirollik futbol assotsiatsiyasi (RBFA) van Bommelni milliy jamoaga eng munosib murabbiy, deb hisoblamoqda. Avvalroq RBFA rasmiy saytida milliy jamoa bosh murabbiyi Rudi Garsiya bilan shartnoma uzaytirilmasligini ma'lum qilgan edi. Uning amaldagi shartnomasi 2026 yilning 31 iyul kuni yakunlanadi. 2026 yildagi jahon chempionatida Belgiya terma jamoasi chorak finalgacha yetib bordi va unda Ispaniyaga 1:2 hisobida mag'lub bo'ldi. 49 yoshli van Bommel avval PSV, “Volfsburg»” va “Antverpen” klublarida bosh murabbiy bo'lib ishlagan.","Niderlandiyaning sobiq futbolchisi Mark van Bommel Belgiya terma jamoasi bosh murabbiyligiga asosiy nomzod, deb yozadi De Telegraaf. Belgiya mundialda chorak finalgacha yetib, Ispaniyaga 1:2 yutqazgan. Van Bommel avval PSV, ""Volfsburg"" va ""Antverpen""da murabbiy bo'lgan."
"Qiziq jihati shundaki, 2022 yilgi jahon chempionatida ham Kilian Mbappe eng yaxshi to‘purar bo‘lgan edi. O‘shanda unga 8 ta gol yetarli bo‘lgan, Lionel Messi esa 7 ta gol bilan undan bir pog‘ona pastda qolgandi.","2022 jahon chempionatida ham Mbappe eng yaxshi to'purar bo'lgan - unga 8 gol yetarli bo'lgan, Messi esa 7 gol bilan pastda qolgan."
"U asosiy jamoa safida 2023 yil aprelidan beri o‘ynab kelmoqda. Kataloniya klubi bilan birga u Ispaniya chempioni unvonini uch marta (2023, 2025, 2026), Ispaniya Superkubogini ikki marta (2025, 2026) qo‘lga kiritgan, shuningdek, 2025 yilda mamlakat kubogini yutib olgan. Milliy terma jamoa safida esa Yamal 27 uchrashuvda maydonga tushib, 7 ta gol urgan va 12 ta golli uzatma amalga oshirgan.","U 2023 yil aprelidan beri asosiy tarkibda o'ynaydi. ""Barselona"" bilan u uch marta La Liga chempioni (2023, 2025, 2026), ikki marta Ispaniya Superkubogi va bir marta Ispaniya Kubogi sohibi bo'lgan. Milliy jamoa safida Yamal 27 o'yinda 7 gol urgan va 12 assist bergan."
"""Liverpool"" osiyolik himoyachi uchun katta summa to'laydi Germaniyaning «Maynts» jamoasida to‘p surib kelayotgan yarim himoyachi Kaysyu Sano faoliyatini Angliya chempionatida davom ettirishi mumkin. Bu haqida nashr Bild xabar berdi. Manba ma’lumotiga ko‘ra, «Liverpul» yapon futbolchisini sotib olish uchun taxminan 60 million yevro to‘lashga tayyor. Angliya klubi Sanoning Yaponiya terma jamoasi safida jahon chempionatida ko‘rsatgan o‘yinidan jiddiy taassurot olgan. Xabarda ta’kidlanishicha, «Maynts» futbolchini saqlab qolishga urinish niyatida emas. Nemis jamoasi mos taklif tushsa, yarim himoyachini sotishga tayyor ekani aytilmoqda.","""Liverpul"" ""Maynts"" yarim himoyachisi Kaysyu Sano uchun 60 million yevro to'lashga tayyor, deb yozadi Bild - klub uni jahon chempionatidagi o'yinidan keyin ko'zga oldi. ""Maynts"" saqlab qolishga urinmasligi aytilmoqda."
"Messi finaldagi mag‘lubiyatdan keyin tilga kirdi Argentina terma jamoasi yetakchisi Lionel Messi futbol bo‘yicha 2026 yildgi jahon chempionati finalida Ispaniya terma jamoasidan mag‘lubiyatga uchraganidan so‘ng o‘z fikrlarini bildirdi. - Albatta, qayg‘uli holat. Lekin shuni yaxshi tushunib turibmanki, biz maydonda bor kuchimiz bilan o‘ynadik. Rostini aytsam, bu bahsda Ispaniya bizdan yaxshiroq o‘yin ko‘rsatdi. Biz yutqazdik va bu natijani tan olamiz. Lekin bungaча bosib o‘tgan yo‘limiz, qilgan ishlarimizni unutib qo‘yamiz, degani emas. Shuning uchun o‘zimning xalqimga, jamoadoshlarimga va butun mamlakatga minnatdorchilik bildiraman, — deya Messining so‘zlarini keltiradi ESPN. Eslatib o‘tamiz, 2026 yildgi jahon chempionati finalida Argentina Ispaniyaga 0:1 hisobida mag‘lub bo‘ldi. Uchrashuv taqdirini hal qilgan yagona gol 106-daqiqada Ferran Torres tomonidan urildi.","Argentina sardori Lionel Messi final mag'lubiyatidan so'ng: ""Ispaniya bu bahsda bizdan yaxshiroq o'ynadi, biz yutqazdik va buni tan olamiz, lekin bosib o'tgan yo'limizni unutmaymiz"", - dedi Messi ESPN'ga."
"Mbappe bu ishni uddalagan yagona futbolchiga aylandi AQSh, Kanada va Meksika mezbonlik qilgan 2026 yildgi jahon chempionati o‘z nihoyasiga yetdi. Turnirning eng ko‘p gol urgan futbolchisi Frantsiya terma jamoasi hujumchisi Kilian Mbappe bo‘ldi. U musobaqa davomida raqib darvozalariga 10 ta to‘p kiritdi. Shu tariqa, Mbappe jahon chempionatida turnir to‘purariga beriladigan «Oltin butsa»ni ketma-ket ikkinchi bor qolga kiritdi. 2022 yildgi jahon chempionatida ham u 8 ta gol urib, eng yaxshi to‘purar sifatida tan olingan edi. Jahon futboli tarixida hali hech bir futbolchi ikkita mundialda to‘purar bo‘lish nasib etmagan. Bundan tashqari, Kilian Mbappe jahon chempionatlardagi umumiy gollari sonini 22 taga yetkazib, avvalgi rekordli Lionel Messidan o‘ziyu ketdi.","Mundialning eng ko'p gol urgan futbolchisi Kilian Mbappe bo'ldi (10 gol) - u ""Oltin butsa""ni ketma-ket ikkinchi bor yutdi (2022da ham 8 gol bilan yutgan). U hozir jahon chempionatlaridagi umumiy gollari bo'yicha Messidan o'zib ketdi (22 ta)."
"Didye Desham Frantsiya terma jamoasini tark etadi Didye Desham endi Frantsiya terma jamoasi bosh murabbiyi emas. 57 yoshli mutaxassisning terma jamoadagi faoliyati yakunlangani haqida futbol olamidagi ishonchli manba hisoblangan insayder Fabrizio Romano ma'lum qildi. Avvalroq Deshamning o‘zi ham jamoani 2026 yildgi jahon chempionatigacha boshqarajagini aytgan edi. Frantsuz mutaxassisi 2012 yil 8 iyuldan buyon terma jamoaga rahbarlik qilib kelayotgan edi. U o‘sha paytda Loran Blan o‘rnini egallagan. Qariyb 14 yil davomida Desham qo‘l ostidagi Frantsiya jahon futbolida eng muvaffaqiyatli jamoalardan biriga aylandi. Uning faoliyatidagi eng katta yutuq – 2018 yildgi jahon chempionatida qo‘lga kiritilgan g‘alaba bo‘ldi. Shuningdek, Frantsiya 2022 yildgi jahon chempionatida kumush medallarni qo‘lga kiritdi, 2016 yildgi Yevropa chempionatida esa finalgacha yetib bordi.","Didye Desham Fransiya terma jamoasi murabbiyligini tark etadi, deb yozadi Fabrizio Romano - u 2012 yildan 14 yil boshqargan, 2018 jahon chempioni bo'lgan, 2022 finalchi va 2016 Yevro finalchisi bo'lgan."
"Desham bosh murabbiy sifatidagi so‘nggi uchrashuvini 2026 yildgi jahon chempionati yarim finalida Ispaniyaga qarshi o‘tkazdi. Ushbu bellashuv frantsuzlar uchun 0:2 hisobida mag‘lubiyat bilan yakunlandi. Shu tariqa, Frantsiya terma jamoasi tarixidagi eng uzoq va eng muvaffaqiyatli murabbiylik davrlaridan biri rasmiy yakunlandi.",Desham murabbiy sifatidagi so'nggi o'yinini yarim finalda Ispaniyaga (0:2) yutqazib o'tkazdi - shu bilan Fransiya tarixidagi eng uzoq murabbiylik davri yakunlandi.
"Mourin'yo: Vinisius bilan o‘zim gaplashaman! Madridning «Real» jamoasi bosh murabbiyi Joze Mourinyo hujumchi Vinisius Juniyor bilan shartnomani uzaytirish bo‘yicha muzokaralarga shaxsan qo‘shilish istagini bildirgan. Hozirgi kelishuv 2027 yil yoziga qadar amal qiladi, deb xabar bermoqda Sport.es nashri. Manba ma’lumotiga ko‘ra, portugaliyalik mutaxassis o‘z qo‘l ostida «Qirollik klubi»ning barcha yetakchi yulduzlari — Vinisius, Kilian Mbappe va Jud Bellingem birga o‘ynay olishiga ishonmoqda. Mourinyo braziliyalik vinger bilan yuzma-yuz suhbatlashib, uni «Real»ning yangi loyihasidagi eng muhim figuralardan biriga aylanishiga ishontirmoqchi. Avvalroq ommaviy axborot vositalari Vinisius va «Real» maosh masalasida kelisha olmayotgani haqida xabar bergan edi. Futbolchi yiliga taxminan 30 million yevro atrofida maosh olishni istamoqda, bu Kilian Mbappe daromadiga yaqin miqdor hisoblanadi. Biroq klub rahbariyati hozircha bunday shartlarga rozi emas.","""Real"" murabbiyi Joze Mourinyo Vinisius Junior bilan shartnoma bo'yicha shaxsan gaplashmoqchi - u ""Real""ning barcha yulduzlari birga o'ynay olishiga ishonadi, deb yozadi Sport.es. Vinisius yiliga 30 million yevro maosh istaydi."
"Ispanlarga faqat shu futbolchi gol urdi! PSJ mundial yulduzini olmoqchi Frantsiyaning mashhur klubi - PSJ 25 yoshli belgilaylik yarim himoyachi Sharl de Ketelareni jamoaga taklif etish imkoniyatini o‘rganmoqda. Bu haqida futbol bo‘yicha insayder Sasha Tavolieri xabar berdi. Jurnalist ma’lumotiga ko‘ra, de Ketelare parijliklarning asosiy transfer maqsadlari qatoriga kirmaydi, u hozircha ehtimoliy variantlardan biri sifatida baholanmoqda. Jahon chempionatida belgilaylik futbolchi o‘zini yaxshi tomondan ko‘rsatgan: u uchta gol urdi, shu jumladan AQShga qarshi o‘yinda (4:1) dubl qayd etdi. Shuningdek, Ispaniya darvozasini ishg‘ol eta olgan musobaqadagi yagona futbolchi bo‘ldi (1:2). De Ketelare 2023 yildan buyon «Atalanta» sharafini himoya qilib kelmoqda. O‘tgan mavsumda u klub tarkibida 42 ta o‘yinda maydonga tushib, beshta gol urdi va yettita golli pas muallifiga aylandi.","PSJ 25 yoshli belgiyalik Sharl de Ketelareni jamoaga taklif etish imkoniyatini o'rganmoqda, deb yozadi Sasha Tavolieri. U jahon chempionatida uch gol urgan, jumladan AQShga qarshi (4:1) dubl qilgan va Ispaniya darvozasini yagona ishg'ol etgan futbolchi bo'lgan."
U 2026 yildagi jahon chempionatida ishtirok etganidan so‘ng qo‘shimcha ta’tilga chiqqani sabab o‘yinni o‘tkazib yubordi.,U 2026 jahon chempionatida ishtirok etganidan so'ng qo'shimcha ta'tilga chiqqani sabab o'yinni o'tkazib yubordi.
"Shu sababli u jamoaning barcha mashg‘ulotlarida ishtirok eta olmagan. Avvalroq fransuz futbolchisi jarrohlik amaliyotini boshdan kechirishi va uning tiklanish muddati dekabr oyigacha cho‘zilishi mumkinligi haqida xabarlar tarqalgan edi. Saliba jahon chempionatida beshta uchrashuvda ishtirok etdi. 2025/2026 yildgi mavsumda esa fransuz himoyachisi “Arsenal” safida barcha musobaqalarda 50 ta o‘yin o‘tkazib, 1 ta gol va 1 ta golli uzatma muallifi bo‘lgan.","U jamoaning barcha mashg'ulotlarida ishtirok eta olmagan. Saliba jahon chempionatida beshta o'yinda ishtirok etgan. 2025/26 mavsumida u ""Arsenal""da 50 o'yin o'tkazib, 1 gol va 1 assist qilgan."
"Bunday mundial finali tarixda birinchi marta bo‘ladi! Jahon chempionati yakunlovchi bosqichiga yaqinlashar ekan, Argentina terma jamoasi finalga yo‘l oldi. Yarim finalda argentinaliklar Angliyani 2:1 hisobida mag‘lub etdi. Qiziği shundaki, bu natija 1986 yildgi jahon chempionati chorak finalidagi mashhur o‘yinni eslatdi – o‘shanda ham Argentina aynan shu hisob bilan g‘alaba qozongan edi. Endilikda finalda Argentina Ispaniyaga qarshi maydonga tushadi. Seshanba kuni bo‘lib o‘tgan ikkinchi yarim finalda Ispaniya terma jamoasi Fransiyani ishonchli tarzda mag‘lub etdi, raqib darvozasiga javobsiz ikki gol urdi va hal qiluvchi bahsga yo‘llanma oldi. Shu tarzda, jahon chempionatlari tarixida ilk bor finalda Yevropa chempioni va Kubok Amerikasi amaldagi g‘olibi o‘zaro to‘qnash keladi. Eslatib o‘tamiz, jahon chempionati final uchrashuvi o‘n to‘qqizinchi iyul kuni bo‘lib o‘tadi.","Bunday mundial finali tarixda birinchi marta bo'ladi - Argentina yarim finalda Angliyani 2:1 (1986 yildagi kabi hisob bilan) mag'lub etdi, Ispaniya esa Fransiyani 2:0 mag'lub etib finalga chiqdi. Ilk bor finalda Yevropa chempioni va Kubok Amerika g'olibi to'qnashadi."
"«Galatasaray» Foden bo‘yicha muzokaralarni boshladi «Galatasaray» «Manchester Siti» yarim himoyachisi Fil Fodennni qo‘lga kiritish bo‘yicha harakatni boshladi. Bu haqida Fanatik nashri xabar berdi. Manba ma’lumotiga ko‘ra, turk klubi allaqachon «Siti» rahbariyati bilan rasmiy muloqotni yo‘lga qo‘ygan. Maqsad — 26 yoshli futbolchining ehtimoliy transferi shartlarini aniqlash. «Galatasaray» prezidenti muzokaralarni olib borish vazifasini italyalik agent Jorjo Gardiga topshirgan. U avval ham bir qator yulduz futbolchilarni Istanbul jamoasiga olib kelish jarayonida ishtirok etgan. Xabarda ta’kidlanishicha, bozor qiymati taxminan 70 million yevro atrofida baholanyotgan Foden karerasini yangi bosqichga olib chiqish imkoniyatini ko‘rib chiqmoqda. Angliyalik yarim himoyachining «Manchester Siti» bilan amaldagi shartnomasi o‘z kuchini saqlab qolgan oxirgi yiliga kirgan.","""Galatasaray"" ""Manchester Siti"" yarim himoyachisi Fil Fodenni qo'lga kiritish bo'yicha muzokara boshladi, deb yozadi Fanatik - bozor qiymati 70 million yevro. Fodenning shartnomasi so'nggi yiliga kirgan."
"Angliya bosh murabbiyi Messini to‘xtatish haqida gapirdi Angliya terma jamoasi bosh murabbiyi Tomas Tuxel JCh-2026 yarim finali oldidan Argentina hujumchisi Lionel Messiga qarshi o‘yin rejasi haqida fikr bildirdi. «Juda yaxshi tushunamizki, uni butunlay to‘xtatib qo‘ya olmaymiz, har daqiqada va yuz foizga nazorat qilishning iloji yo‘q. U Xolanddan mutlaqo boshqa o‘yinchi. Biroq biz [Norvegiyaga qarshi] o‘yinni o‘z uslubimizda juda yaxshi o‘tkazdik – Erlingga qarshi shunday o‘ynash kerak edi, deb o‘ylayman. Shu bois, Messiga qarshi ham o‘z yo‘limizni topamiz. Menimcha, bu – mening jamoam birinchi marta unga qarshi o‘ynashi. U har safar turlicha yo‘l topib, vaziyatdan chiqib ketishi haqiqatan ham hayratlanarli. U doim bo‘sh zonalarni topadi, imkoniyatlar yaratadi.","Angliya murabbiyi Tomas Tuxel Messiga qarshi taktikasi haqida: ""Uni to'liq to'xtatib bo'lmaydi, biroq Norvegiyaga qarshi o'z uslubimizni topganimiz kabi Messiga qarshi ham yo'l topamiz"", - dedi u."
"Peres: Sen ""Real""da o‘ynashga tug‘ilgansan! «Real Madrid» prezidenti Florentino Peres yaqin yillarda Maykl Olise jamoaga qo‘shilishi kerak, degan fikrda qat’iy turibdi. Evropa matbuotidagi ko‘plab xabarlarga ko‘ra, fransuz yarimhimoyachisi shu yozdayoq «Bavariya»ni tark etib, «Qirollik klubi» safiga o‘tishga tayyor. Insayder Fabrizio Romano ma’lumot berishicha, Peres ushbu transfer g‘oyasiga juda qattiq berilib qolgan va 24 yoshli futbolchini «Real» uslubiga mutlaqo mos o‘yinchi, deb hisoblaydi. Uning ta’kidlashicha, Florentino atrofidagilarni Olise «Real» uchun tug‘ilgan futbolchi ekaniga ishontirishga urinib kelmoqda. Shu bilan birga, «Bavariya» klubi hozircha o‘z yulduzini sotish niyatida emas. Mutaxassislar fikricha, madridliklarga bu transferni amalga oshirish uchun rekord darajada mablag‘ sarf etishga to‘g‘ri keladi. Transfermarkt portali Oliseni 150 million yevroga baholagan.","""Real"" prezidenti Florentino Peres Maykl Oliseni jamoaga qo'shish g'oyasiga qattiq berilgan - uni ""Real uchun tug'ilgan futbolchi"" deb hisoblaydi, deb yozadi Fabrizio Romano. ""Bavariya"" hozircha sotish niyatida emas, transfer 150 million yevroga baholanadi."
“JCh-2026”. Ispaniya va Argentina oʻrtasidagi final uchrashuvi uchun asosiy tarkiblar maʼlum “Jahon chempionati — 2026” final bellashuvi uchun Ispaniya va Argentina terma jamoalari boshlang‘ich tarkiblarni e’lon qilishdi. “Jahon chempionati — 2026” final bellashuvi uchun Ispaniya va Argentina terma jamoalari boshlang‘ich tarkiblarni e’lon qilishdi.,Ispaniya va Argentina jahon chempionati final bahsi uchun boshlang'ich tarkiblar e'lon qilindi.
"Yarim final qahramoni ""Real""ga o'tishni istayapti «Tottenxem» klubi va Ispaniya terma jamoasi himoyachisi Pedro Porro o‘z kelajagini «Real» safida qurishni istamoqda. Jurnalist Mario Kortegana ma’lumotlariga ko‘ra, yozgi transfer oynasida futbolchi «Qirollik klubi»ga o‘tishni juda ham xohlayapti. Shu bilan birga, u «Real Madrid» uning nomzodini jiddiy ko‘rib chiqmasligini ham yaxshi tushunadi. Oxir-oqibat shunday bo‘ldi – madridliklar Porroni sotib olish rejasiga ega emas. Pedro Porro 2023 yili «Sporting» klubidan «Tottenxem» safiga 40 million yevro evaziga kelib qo‘shilgan. Uning londonliklar bilan tuzgan shartnomasi 2031 yil 30 iyuniga qadar amal qiladi. 2025/26 yildagi mavsumda himoyachi barcha musobaqalar doirasida «Tottenxem» tarkibida 47 o‘yin o‘tkazib, 2 ta gol urdi va 6 ta golli uzatma muallifiga aylandi. Transfermarkt portali Porroning bozor qiymatini 35 million yevro atrofida baholamoqda.","""Tottenxem"" va Ispaniya himoyachisi Pedro Porro ""Real""ga o'tishni istamoqda, ammo ""Real"" uni jiddiy ko'rib chiqmayapti, deb yozadi Mario Kortegana. Porro 2023 yilda 40 million yevroga o'tgan, bozor qiymati 35 million yevro."
"Ronaldo: Ispaniya va Argentina oʻyini sifatidagi farq juda katta edi Braziliya terma jamoasining sobiq yulduz hujumchisi Ronaldo 2026 yildgi jahon chempionati finali haqida o‘z fikrlarini bildirib o‘tdi. Ushbu hal qiluvchi bahsda Ispaniya qo‘shimcha daqiqalarda Argentina ustidan g‘alaba qozongan edi. «Ispaniya uchrashuv boshidan oxirigacha to‘liq ustunlik qildi, men kutganim ham shu edi, – dedi Ronaldo ijtimoiy tarmoqlardagi videomurojaatida. – Ispaniya ko‘p gol urolmadi, shu bois hisobda kutilgancha yirik farq bo‘lmadi. Lekin baribir maydonda mutlaq ustunlikni ko‘rdik. O‘yin sifati bo‘yicha Ispaniya Argentindan ancha ustun bo‘ldi, farq juda katta edi». Shu bilan birga, ispanlar ustunligiga qaramasdan, finalda taqdirni yagona gol hal qildi. Qo‘shimcha bo‘limning 106-daqiqasida Ferran Torres tomonidan urilgan gol Ispaniyaga jahon chempioni unvonini olib keldi.","Braziliyaning sobiq yulduzi Ronaldo final haqida: ""Ispaniya boshidan oxirigacha to'liq ustunlik qildi, o'yin sifati bo'yicha farq juda katta edi"", - dedi u. Yagona golni Ferran Torres 106-daqiqada urgan."
"“Real”: Bizga Rodrini tiqishtiravermanglar! “Manchester Siti” yarim himoyachisi Rodri so‘nggi vaqtlarda muntazam ravishda «Real» bilan bog‘lanmoqda. Biroq madridliklar uni sotib olish bo‘yicha hozircha aniq rejaga ega emas. Shu bilan birga, The Athletic nashrining yozishicha, “Qirollik klubi” rahbariyati Rodrining nomi doimiy ravishda “Real” bilan bog‘lanayotganidan norozi. - Klubda bu yoz Rodri nomi doimiy ravishda “Real” bilan bog‘lanayotganidan norozilik mavjud. Biroq “Real”ning ayrim yetakchi futbolchilariga yaqin manbalar uning transferi jamoa uchun juda kuchli kuchaytirish bo‘lishini ta’kidlamoqda, - deb yozdi mazkur nashr. Rodri jahon chempionati finalida mukammal o‘yin ko‘rsatib, Ispaniyaning amaldagi chempion Argentinandan ustidan g‘alaba qozonishiga munosib hissa qo‘shdi.","""Manchester Siti"" yarim himoyachisi Rodri muntazam ""Real"" bilan bog'lanmoqda, ammo madridliklar aniq reja tuzmagan, deb yozadi The Athletic. Rodri finalda mukammal o'ynab, Ispaniyaning g'alabasiga hissa qo'shdi."
"Lionel Messi ushbu mundialda sakkizta gol va to‘rtta golli uzatma muallifi bo‘ldi. Bu safar jahon chempionati tarixda ilk bor 48 ta terma jamoa ishtirokida va bir vaqtning o‘zida uchta davlat — AQSh, Meksika va Kanada hududida o‘tkazildi.","Lionel Messi mundialda sakkiz gol va to'rt assist qildi. Bu jahon chempionati tarixda ilk bor 48 terma jamoa va uch mezbon davlat (AQSh, Meksika, Kanada) bilan o'tkazildi."
"Evropa klubi Reşfordga taklif tayyorlamoqda «Manchester Yunayted» hujumchisi Markus Reşford faoliyatini «Fenerbahçe»da davom ettirishi mumkin. Turkiyaning mashhur klubi angliyalik futbolchi bo‘yicha rasmiy taklif tayyorlayotgani xabar qilinmoqda. Bu haqida Transfer News Live nashri Fanatik manbasiga tayanib yozdi. Ma’lumotlarga ko‘ra, «Fenerbahçe» rahbariyati «qizil iblislar» bilan kelishuvni imkon qadar tezroq yakunlashni maqsad qilgan. Markus Reşford o‘tgan mavsumni «Barselona» tarkibida ijaraga asosda o‘tkazgan edi. Biroq kataloniyaliklar 28 yoshli futbolchini to‘liq sotib olish imkonini nazarda tutuvchi banddan foydalanmaslikka qaror qildi. Transfermarkt portali bahosiga ko‘ra, hujumchining transfer qiymati 40 million yevro atrofida. «Fenerbahçe» o‘tgan mavsum Turkiya chempionatida ikkinchi o‘rinni egallab, chempionlikni «Galatasaray»ga boy bergan edi.","""Manchester Yunayted"" hujumchisi Markus Reshford ""Fenerbahçe""da davom etishi mumkin - turk klubi rasmiy taklif tayyorlamoqda, deb yozadi Transfer News Live. Reshford o'tgan mavsum ""Barselona""da ijarada bo'lgan, bozor qiymati 40 million yevro."
"Jumladan, guruh bosqichida Jazoir (3:0) va Avstriyaga (2:0) qarshi uchrashuvlarda, shuningdek, 1/16 finalda Kabo-Verde (3:2) va 1/8 finalda Misr (3:2) terma jamoalariga qarshi oʻyinlarda Messi eng yaxshi futbolchi deb topilgan. Jahon chempionati finali 19 iyul kuni boʻlib oʻtadi. Hal qiluvchi bellashuvda Argentina Ispaniya terma jamoasiga qarshi maydonga tushadi.","Guruh bosqichida Jazoir (3:0) va Avstriyaga (2:0), 1/16 finalda Kabo-Verdega (3:2), 1/8 finalda Misrga (3:2) qarshi Messi eng yaxshi futbolchi deb topilgan. Final 19 iyulda bo'ladi."
"""Manchester Siti"" jarohatlangan Rodri uchun dahshatli summa talab qilmoqda Ispaniya terma jamoasi yarim himoyachisi Rodrining kelajagi yana kun tartibiga chiqdi. Ispaniya matbuotiga ko‘ra, «Real» rahbariyati futbolchini sotib olish bo‘yicha yakuniy qarorni qabul qilgan. Biroq «Manchester Siti» o‘z yetakchilaridan birini arzonga qo‘ymoqchi emas. Frantsiya nashri L’Equipe xabariga ko‘ra, «shaharliklar» Rodri uchun 100 million yevro atrofida to‘lov talab qilmoqda. Endilikda asosiy savol: «Real» bunday katta miqdorni to‘lashga tayormi? Qolaversa, Rodrining amaldagi shartnomasi 2027 yil yozigacha mo‘ljallangan, bu esa «Manchester Siti»ga muzokaralarda qo‘shimcha ustunlik beradi. Eslatib o‘tamiz, 30 yoshli Rodri jahon chempionatida eng yaxshi futbolchi deb topilgan edi. Finalda Ispaniya terma jamoasi qo‘shimcha daqiqalardagi yagona gol evaziga Argentina ustidan 1:0 hisobida g‘alaba qozongan.","Ispaniya yarim himoyachisi Rodrining qiymati keskin oshdi - ""Real"" sotib olishga qaror qilgan, ammo ""Manchester Siti"" 100 million yevro talab qilmoqda, deb yozadi L'Equipe. Rodri finalda eng yaxshi futbolchi deb topilgan."
"Bo‘ldi hammasi tugadi! Neymar muhim qarorga keldi Braziliya milliy terma jamoasi va «Santos» klubi hujumchisi Neymar yaqin vaqtlarda katta futbol bilan xayrlashishi mumkin. 34 yoshli forvard mavsum yakunida tarkibidan joy olgan «Santos»ni tark etishi deyarli aniq, degan xabarlar tarqalmoqda. Globo nashri ma'lumoticha, Neymar dekabrgacha amal qiladigan shartnomasini oxirigacha bajaradi, shundan so'ng esa yoki boshqa jamoaga o'tadi, yoki professional faoliyatini yakunlaydi. Neymar o'tgan yil boshida o'zining ilk klubi – «Santos»ga qaytgan edi. Ungacha mashhur braziliyalik futbolchi «Al-Hilol», PSJ va «Barselona» tarkiblarida to'p surgan. 2026 yildgi jahon chempionatida Neymar Braziliya terma jamoasi safida ikki o'yinda maydonga tushib, bir gol urdi. Hozircha «Santos» Braziliya chempionatining joriy mavsumida 19-turdan so'ng turnir jadvalidа 15-o'rinni egallab turibdi.","Braziliya va ""Santos"" hujumchisi Neymar futbolni tashlashi mumkin - u dekabrgacha shartnomasini bajaradi, so'ng ketadi yoki tugatadi, deb yozadi Globo. Neymar jahon chempionatida ikki o'yinda bir gol urgan."
"Shu bois klub yozgi transfer oynasida uni sotish variantlarini jiddiy ko‘rib chiqayotgani yo‘q. Vaziyatni yanada murakkablashtirayotgan jihat – futbolchining o‘ziga bog‘liq. Jahon chempionati davomida Diomande omma oldida klubni tark etishni kutayotganini aytgan edi. Shunga qaramay, «RB Leyptsig» rahbariyati hali ham umidni yo‘qotmagan: ular futbolchini kamida yana bir mavsum jamoada qolishga ko‘ndirishga harakat qilmoqda.","Klub uni sotish variantlarini jiddiy ko'rib chiqmayapti. Diomande jahon chempionati davomida klubni tark etishni kutayotganini aytgan, ammo ""RB Leyptsig"" uni ko'ndirishga harakat qilmoqda."
"“Barsa”da katta yo‘qotish Ispaniyaning amaldagi chempioni “Barselona” yangi mavsum oldidan katta yo‘qotishga duch keldi. Yarim himoyachisi Frenki de Yong Niderlandiya terma jamoasi yig‘inida tizza jarohatini oldi va to‘rt oygacha maydondan chetda qolishi mumkin. Futbolchi jarohat bilan Kataloniya klubiga qaytib kelgan. Hozircha yakuniy tashxis qo‘yilmagan va yaqin kunlarda de Yong qo‘shimcha tibbiy tekshiruvlardan o‘tadi. “Barselona” rahbariyati futbolchining holatidan jiddiy xavotirda. O‘tgan mavsumda yarim himoyachi son mushaklari jarohati sababli qariyb ikki oy maydonga tushmagan edi. Bu davr fevral oyi oxiridan aprel boshlarigacha bo‘lgan hal qiluvchi bosqichga to‘g‘ri kelgan. Bundan tashqari, u avval ikki marta to‘piq jarohatini olgan va umumiy hisobda olti oy hamda 31 ta o‘yinni o‘tkazib yuborgan.","""Barselona"" yarim himoyachisi Frenki de Yong Niderlandiya yig'inida tizza jarohati oldi, to'rt oygacha o'ynay olmasligi mumkin - klub jiddiy xavotirda. U avval ham son mushagi va to'piq jarohatlarini olgan (jami olti oy, 31 o'yin)."
"Ilgarigi barcha mehnatni bir zumda inkor etgim kelmaydi, lekin aynan shu oʻyinda Ispaniya koʻproq narsa koʻrsata oldi», – dedi Desham. U oʻz kelajagi haqida oʻylayotgani yoʻqligini, asosiy eʼtiborini jamoaga qaratganini bildirdi. «Hozir men oʻzim haqida oʻylayotganim yoʻq. Bu oʻyinga futbolchilar bilan birga jiddiy tayyorlandik, maqsadimiz finalga chiqish uchun qoʻlimizdan kelgan barcha ishni qilish edi. Bunga erisholmadik. Ranjishimiz juda katta», – deya taʼkidladi mutaxassis. Frantsiya terma jamoasi bronza medallari uchun Angliya yoki Argentinga qarshi 18 iyul kuni maydonga tushadi.","""Ispaniya bu o'yinda ko'proq narsa ko'rsata oldi"", - dedi Desham. U o'z kelajagi haqida o'ylamayotganini, faqat jamoaga e'tibor qaratganini aytdi. Fransiya bronza uchun 18 iyulda o'ynaydi."
"Ispaniyalik Pau Kubarsi va Argentina terma jamoasi yarim himoyachisi Enzo Fernandez esa 100 million evrodan qiymat olgan. Shu tariqa, bozor qiymati 100 million evrodan kam boʻlmagan futbolchilar soni 26 nafarga yetdi. Eng katta oʻsish foiz hisobida Kabo-Verde terma jamoasi posboni Vozinya hissasiga toʻgʻri keldi. 40 yoshli darvozabonning bozor qiymati oʻn baravar oshib, 50 ming evrodan 500 ming evroga yetdi. Jahon chempionati yakunlari boʻyicha Transfermarkt jami 99 nafar futbolchining bozor qiymatini qayta koʻrib chiqdi. Ular orasida Moskva ""Dinamo""si va Paragvay terma jamoasi himoyachisi Xuan Kaseres ham bor. Uning qiymati 2 million evroga oshib, hozirda 7 million evroni tashkil etmoqda. 48 terma jamoa ishtirok etgan jahon chempionati 11 iyundan 19 iyulgacha AQSh, Kanada va Meksika hududlarida oʻtkazildi.",Pau Kubarsi va Enzo Fernandes 100 million yevrodan qiymat oldi - shu bilan 100 mln+ futbolchilar soni 26 taga yetdi. Kabo-Verde darvozaboni Vozinyaning qiymati o'n baravar oshdi (50 mingdan 500 ming yevroga). Transfermarkt jami 99 futbolchi qiymatini yangiladi.
"Ronaldo JCh-2026 da Krishtianu Ronaldo oʻyinini baholadi Braziliya terma jamoasining sobiq yulduz hujumchisi Ronaldo jurnalistlar bilan suhbatda 2026 yildgi jahon chempionatida Portugaliya forvardi Krishtianu Ronalduning o‘yini haqida fikr bildirdi. Uning so‘zlariga ko‘ra, Krishtianu hozircha Saudiya Arabistoni chempionatida to‘p surishga qodir, ammo jahon chempionati darajasi mutlaqo boshqacha. Ronaldo ta’kidlashicha, futbolga bo‘lgan katta muhabbatga qaramay, oxir-oqibat barchasini futbolchining jismoniy holati hal qiladi. «Men hozir futbol o‘ynamayman. Aqlim hali ham maydonda bo‘lishni istaydi, lekin tanam buni ko‘tara olmaydi», — dedi Ronaldo. Eslatib o‘tamiz, Krishtianu Ronaldo boshchiligidagi Portugaliya terma jamoasi jahon chempionatida 1/8 finalgacha yetib bordi. Roberto Martines shogirdlari ushbu bosqichda Ispaniyaga 0:1 hisobida mag‘lub bo‘ldi. 41 yoshli Krishtianu musobaqa davomida besh o‘yinda maydonga tushib, uchta gol urdi.","Braziliyaning sobiq yulduzi Ronaldo Krishtianu Ronaldu o'yini haqida: ""U Saudiyada o'ynay oladi, lekin jahon chempionati darajasi boshqacha - aqli maydonda bo'lishni istaydi, tanasi ko'tarolmaydi"", - dedi u. Ronaldu boshchiligidagi Portugaliya 1/8 finalda Ispaniyaga 0:1 yutqazgan."
"Argentina dovul sababli final bo‘ladigan N’yu-Yorkka uchib keta olmadi Argentina terma jamoasi Atlanta shahridan (AQSh) Nyu-Yorkka rejaga muvofiq uchib keta olmadi. Buning sababi kuchli yomg‘ir va chaqmoq bilan kechgan yomon ob-havo bo‘ldi. Bu haqida The Sun nashri xabar berdi. Ma’lumki, yakshanba, 19 iyul kuni argentinaliklar 2026 yildgi jahon chempionati finalida Ispaniya terma jamoasiga qarshi Ist-Raterford shahridagi «Metlayf» stadionida maydonga tushishi kerak. Xabarga ko‘ra, jamoa a’zolari va murabbiylar shtabi hali ham Atlantadagi mehmonxonada qolmoqda. Ular bu yerga Angliya terma jamoasiga qarshi yarim final uchrashuvidan so‘ng qaytgan edi. Ushbu bellashuv chorshanba, 15 iyul kuni bo‘lib o‘tdi va Argentina 2:1 hisobida g‘alaba qozondi. 2026 yildgi jahon chempionati 11 iyundan 19 iyulgacha AQSh, Kanada va Meksika hududlarida o‘tkazilmoqda.","Argentina yomon ob-havo sabab Atlantadan Nyu-Yorkka reja bo'yicha uchib keta olmadi, deb yozadi The Sun. Jamoa 19 iyulda finalda Ispaniyaga qarshi o'ynaydi."
"Messi natijasini takrorladi 2026 yilgi jahon chempionati yarim finalida Argentina terma jamoasi Lionel Messi yetakchiligida Angliyani 2:1 hisobida mag‘lub etdi va finalga yo‘l oldi. 39 yoshli Messi uchrashuvda ikki marta hal qiluvchi pas berdi — gollar Enzo Fernandez va Lautaro Martines tomonidan urildi. Shu tariqa, u joriy mundialda o‘z hisobidagi assistlar sonini to‘rtga yetkazdi. Opta Sports ma’lumotiga ko‘ra, Messi Pele 1970 yilgi jahon chempionatida qayd etgan yutug‘ini takrorladi. O‘shanda braziliyalik afsona bir turnir doirasida pley-off bosqichida to‘rtta golli pas bergan edi. Shundan beri bunday natijaga hech kim erisha olmagandi. Endilikda Messida Pele rekordini yangilash imkoniyati bor. 19 iyul kuni Ispaniyaga qarshi final bahsida u yana bir golli pas bersa, pley-off bosqichidagi assistlar soni bo‘yicha jahon chempionatlari tarixida yagona rekordchiga aylanadi.","Argentina yarim finalda Messi yetakchiligida Angliyani 2:1 mag'lub etdi - Messi ikki golli pas berib, Pele 1970 yilgi rekordini takrorladi (bir turnirda pley-offda 4 assist). Agar finalda ham assist bersa, yagona rekordchi bo'ladi."
"Superklub darvozabonidan voz kechdi Londonning «Chelsi» jamoasi darvozaboni Gabriel Slonina yozgi transfer oynasida jamoasini oʻzgartirishi mumkin. Bu haqida «Lequipe» nashri xabar bermoqda. Manba maʼlumotlariga koʻra, yosh darvozabon uchun Fransiya chempionatida oʻynash imkoniyati paydo boʻlgan. Unga «Strasburg» klubi jiddiy qiziqish bildirmoqda. Jamoa bosh murabbiyi Ugu Oliveira Sloninani jamoaga taklif etish tashabbusini shaxsan qoʻllab-quvvatlayotgani aytilmoqda. Gabriel hozirgi paytda «Chelsi» bilan 2028 yilgacha moʻljallangan shartnoma asosida bogʻlangan. Mutaxassislar uning transfer qiymatini taxminan uch million yevro atrofida baholashmoqda. Oʻtgan mavsumda Slonina «Chelsi» yoshlar jamoasi safida uchta uchrashuvda maydonga tushib, toʻrtta gol oʻtkazib yuborgan.","""Chelsi"" darvozaboni Gabriel Slonina Fransiyaga, ""Strasburg""ga o'tishi mumkin, deb yozadi L'Equipe. Uning shartnomasi 2028 yilgacha, bozor qiymati 3 million yevro."
"Mana, olinglar! “Siti” hujumchisini Bundesliga klubiga sotib yubordi “Manchester Siti” akademiyasida tarbiyalangan 8 yoshli iqtidorli qanot hujumchisi Reygan Heski endi faoliyatini Germaniya chempionatida davom ettiradigan boʻldi. Angliya futbolida nom qozongan mashhur hujuchi Emil Heskining oʻgʻli yozgi transferlar oynasi davrida Germaniyaning “Kёln” klubiga oʻtdi. Bu haqida Germaniya jamoasining rasmiy sayti xabar berdi. Heski “echkilar” safida 2031 yil yozigacha toʻp suradi. Uning mehnat shartnomasi aynan shu muddatga moʻljallangan. Xabarlarga koʻra, “Manchester Siti” hali asosiy jamoaga qabul qilinmagan oʻz tarbiyalanuvchisi uchun 2 million yevro oladi. Oʻtgan mavsumda Heski «shaharliklar» yoshlar jamoasi safida 40 ta uchrashuvda qatnashib, 13 ta gol urdi va 16 ta golli uzatma amalga oshirdi.","""Manchester Siti"" akademiyasi tarbiyalanuvchisi, Emil Heskining o'g'li Reygan Heski Germaniyaning ""Kyoln""iga o'tdi - shartnoma 2031 yilgacha, ""Siti"" 2 million yevro oladi."
"Shuningdek, havodagi kurashlarda ham yuqori samaradorlik namoyish etdi. Eslatib o‘tamiz, 22 yoshli O‘rozov hozirda Samarqandning «Dinamo» klubi asosiy tarkibida to‘p surmoqda va muntazam ravishda O‘zbekiston milliy terma jamoasiga chaqirilmoqda. Agar transfer amalga oshsa, u o‘z faoliyatini Rossiya Premier-ligasida davom ettiradi.","Havodagi kurashlarda ham yuqori samaradorlik ko'rsatdi. 22 yoshli Orozov hozir Samarqand ""Dinamo""sida o'ynaydi va O'zbekiston terma jamoasiga muntazam chaqiriladi. Agar transfer amalga oshsa, Rossiya Premer-ligasida davom etadi."
"Germaniya terma jamoasini men boshqaraman Germaniya terma jamoasini yaqin vaqtlarda Yurgen Klopp boshqarishi rasman tasdiqlandi. Mashhur mutaxassis o‘z bayonotida milliy jamoa bosh murabbiyi lavozimini qabul qilishga rozi bo‘lganini ma’lum qildi. - Bu haqida rasman e’lon qilish payti ancha yaqinlashdi. Ideal holatda, bu yaqin bir necha kun ichida bo‘lishi kerak, — deya Kloppning so‘zlarini ijtimoiy tarmoqlarda jurnalist Fabrizio Romano keltiradi. Avvalroq ommaviy axborot vositalarida Klopp kelasi hafta Germaniya futbol ittifoqi bilan shartnoma imzolashi kutilayotgani haqida xabarlar tarqalgan edi. Endi bu ma’lumot amalda tasdiqlana boshlandi. Yurgen Klopp 2015–2024 yillar oralig‘ida «Liverpul» jamoasini boshqarib, klub tarixida eng muvaffaqiyatli murabbiylardan biriga aylandi. Uning qo‘l ostida jamoa Angliya chempionligi, Yevropa chempionlar ligasi va qator nufuzli sovrinlarni qo‘lga kiritdi. 2025 yil boshidan esa Klopp futboldagi «Red Bull» tizimida ish boshlagan edi.","Yurgen Klopp Germaniya terma jamoasini boshqarishi rasman tasdiqlandi, deb yozadi Fabrizio Romano. Klopp 2015-2024 yillarda ""Liverpul""ni boshqarib, Angliya chempionligi va Chempionlar ligasini yutgan."
"Mundialda singan umrtqa bilan o‘ynagan Saliba operatsiyadan bosh tortdi Frantsiya milliy terma jamoasi va Londonning «Arsenal» klubi himoyachisi Vilyam Saliba umurtqa jarohatiga qaramay, jarrohlik amaliyotidan voz kechdi. Bu haqida L'Équipe nashri xabar berdi. Manbaga ko‘ra, futbolchi operatsiya o‘rniga uzoq muddatli tiklanish dasturini tanlagan. Shu sababli u bir necha oy maydonga tusha olmaydi. Avvalroq ommaviy axborot vositalarida Saliba 2026 yildagi jahon chempionati boshlanishidan ikki oy oldin og‘ir umurtqa jarohati olgani haqida ma’lumotlar paydo bo‘lgan edi. Shunga qaramay, tajribali himoyachi mundialda ishtirok etgan, og‘riq qoldiruvchi dori vositalarini qabul qilgan va har kuni maxsus tibbiy yordam olgan. Himoyachi jahon chempionat doirasida olti o‘yin o‘tkazdi.","Fransiya va ""Arsenal"" himoyachisi Vilyam Saliba umurtqa jarohatiga qaramay jarrohlikdan bosh tortdi, uzoq tiklanish dasturini tanladi, deb yozadi L'Equipe - u bir necha oy o'ynay olmaydi. Saliba mundialda olti o'yin o'tkazgan."
"Argentina terma jamoasi 2026 yildagi jahon chempionatida finalgacha yetib bordi va hal qiluvchi bahsda Ispaniyaga 0:1 hisobida mag‘lub bo‘ldi. 39 yoshli Lionel Messi turnirda jamoaning eng yaxshi to‘purari bo‘lib, sakkizta o‘yinda 8 ta gol va 4 ta golli uzatma amalga oshirdi. 32 yoshli Rodrigo De Paul esa yettita uchrashuvda maydonga tushib, bitta golli uzatma muallifi bo‘ldi.","Argentina finalgacha yetib bordi va Ispaniyaga 0:1 yutqazdi. Messi jamoaning eng yaxshi to'purari bo'ldi (8 gol, 4 assist), Rodrigo De Paul yetti o'yinda bitta assist qildi."
"""Chelsi"" 11 nafar futbolchidan voz kechdi Yozgi transfer oynasida «Chelsi» tarkibi sezilarli darajada o‘zgarishi mumkin. The Athletic nashri ma’lumotlariga ko‘ra, londonliklar jamoani tark etishi ehtimol bo‘lgan bir qator futbolchilar uchun transfer narxlarini belgilab bo‘lgan. «Aston Villa» qiziqish bildirgan Nikolas Jekson uchun «Chelsi» taxminan 65 million funt sterling tushum kutayotgani aytilmoqda. Shuningdek, hujum chizig‘idagi yana ikki futbolchi – Mark Giu va Liam Delap ham sotuvga qo‘yilishi mumkin. Ispaniyalik Mark Giu uchun 25 million funt talab qilinmoqda, Liam Delap bo‘yicha esa aniq summa hali belgilanmagan. Ro‘yxatda yana bir qator futbolchilar bor. Xabarga ko‘ra, «Chelsi» Alehandro Garnacho transferi bo‘yicha takliflarni 50 million funt atrofida ko‘rib chiqishga tayyor.","""Chelsi"" yozgi oynada 11 futbolchidan voz kechishi mumkin - Nikolas Jekson uchun 65 million funt, Mark Giu uchun 25 million funt, Garnacho uchun 50 million funt kutilmoqda, deb yozadi The Athletic."
"Mbappe ikkinchi marta ketma-ket jahon chempionatida eng ko‘p gol urgan futbolchi bo‘ldi 2026 yilgi jahon chempionati finalida Ispaniya terma jamoasi Argentinaга qarshi bahsda g‘alaba qozondi. Chempionlik uchun kurash kutilganidek gollarga boy o‘tmadi – asosiy va qo‘shimcha vaqt yakunida tabloda 1:0 hisob yozilib turdi. Yagona golni 106-daqiqada Ferran Torres urdi va Ispaniyaga jahon chempioni unvonini ta’minlab berdi. Shu bilan birga, 2026 yilgi jahon chempionatining eng yaxshi to‘purari sifatida Kilian Mbappe qayd etildi. Fransiya terma jamoasi yetakchisi musobaqa davomida 10 ta gol urishga muvaffaq bo‘ldi. To‘purarlar ro‘yxatida ikkinchi o‘rinni 8 ta gol bilan Lionel Messi egalladi. Uchinchi pog‘onada esa Erling Holann va Jud Bellingem joylashdi – har biri raqib darvozasiga 7 tadan gol kiritdi.","Ferran Torres 106-daqiqada urgan yagona gol bilan Ispaniya jahon chempioni bo'ldi. Kilian Mbappe 10 gol bilan eng yaxshi to'purar bo'ldi - Messi (8) ikkinchi, Xoland va Bellingem (7 tadan) uchinchi o'rinda."
"O‘tgan mavsumda Manzambi “Frayburg” safida Bundesligada 27 o‘yinda 5 ta gol va 5 ta golli uzatmani amalga oshirgan. Jahon chempionatida esa, Shveytsariya terma jamoasi safida 4 uchrashuvda 3 ta gol va 2 ta assist qayd etgan.","O'tgan mavsum Manzambi ""Frayburg""da Bundesligada 27 o'yinda 5 gol urgan. Jahon chempionatida Shveytsariya safida 4 o'yinda 3 gol va 2 assist qilgan."
"Amaldagi jahon chempioni — Argentina terma jamoasi. U 2022 yilda Qatarda o‘tgan finalda Fransiyaga qarshi dramatik o‘yinda g‘alaba qozongan edi: asosiy va qo‘shimcha vaqt 3:3 hisobida yakunlanib, penaltilar seriyasida argentinaliklar 4:2 hisobida ustun kelgan.",Amaldagi jahon chempioni Argentina 2022 yilda Qatarda Fransiyani penaltilarda (4:2) mag'lub etgan edi.
"Lautaro: ""JCh-2026 finalida terma jamoamga yordam bermoqchi edim"" Argentina terma jamoasi hujumchisi Lautaro Martines jahon chempionati – 2026 finalida Ispaniyaga qarshi uchrashuvdagi mag‘lubiyatdan so‘ng ijtimoiy tarmoqlarda o‘z fikrlarini bildirdi. Uning ta’kidlashicha, Argentina jamoasi qo‘lidan kelgan barcha ishni qildi, ammo ikkinchi bor jahon chempioni bo‘lish imkonini qo‘ldan boy berdi. Shu bilan birga, u o‘zini argentinalik ekanidan faxrlanishini alohida qayd etdi. «Jahon chempionati finalida jamoamga yordam bergim kelgandi, ammo nasiba shunday ekan. Chempionat davomida biz bilan birga bo‘lgan barchaga rahmat aytaman. Qo‘llab-quvvatlaganingiz uchun hammadan minnatdorman», — deya yozdi Martines. Eslatib o‘tamiz, finalda Argentina qo‘shimcha daqiqalarda Ispaniyaga 0:1 hisobida mag‘lub bo‘ldi. Lautaro Martines hal qiluvchi bellashuvda maydonga tushirilmadi.","Argentina hujumchisi Lautaro Martines final mag'lubiyatidan so'ng: ""Jamoamga yordam bergim kelgandi, ammo nasiba shunday ekan. Barchaga rahmat"", - deb yozdi u. Lautaro finalda maydonga tushmagan."
"Messi va Argentina mag‘lub bo‘ldi: Ispaniyaga ikkinchi jahon chempioni unvonini kim olib keldi? Ispaniya yana bayram kayfiyatida. «Furiya roxa» 2008/2010 yillardagi tarixiy yo‘lni takrorlab, avval Yevropa chempioni, ortidan esa jahon chempioni bo‘ldi. 2026 yildagi mundialni Kabo-Verdega qarshi durang bilan boshlagan ispanlar uchun bu tarixdagi ikkinchi jahon chempioni unvoni bo‘ldi. Finalda Ispaniya Argentina to‘siqini yengib o‘tdi. «Albiseleste» uzoq vaqtgacha gol o‘tkazmaslikka muvaffaq bo‘ldi, ammo maydonda bir kishi kam bo‘lib qolgan argentinaliklarga qarshi doimiy bosim oxir-oqibat hisob ochilishiga olib keldi. Eng yuqori baho – 10 (o‘yin boshidagi start bahosi – 6,0) LAMIN YAMAL’ – 7,5. Jahon chempionatiga Yamal’ ideal holatda yetib kelmadi – sog‘ligi biroz bezovta qildi, jarohatdan keyin to‘liq formaga kira olmadi.","Ispaniya 2008-2010 yillardagi tarixni takrorlab, avval Yevropa chempioni, keyin jahon chempioni bo'ldi - bu ikkinchi jahon chempionligi. Finalda Argentinaning bir kishi kamligidan foydalanib g'alaba qozondi. Yamal 7,5 ball bilan baholandi."
"Keyn JCH-2026da Tuxel ishini yuqori baholadi Angliya terma jamoasining yetakchi hujumchisi Garri Keyn jurnalistlar bilan suhbatda «uch sher» bosh murabbiyi Tomas Tuxel faoliyati haqida fikr bildirdi. Keynning aytishicha, bu Tuxel uchun Angliya terma jamoasi bosh murabbiyi sifatidagi ilk yirik turnirdir. Forvardga ko‘ra, nemis mutaxassisi shu musobaqa orqali jamoani yaqqolroq anglab oldi. «Hozir Tomas kuchli bosim ostida qanday ishlashni ancha yaxshi tushunadi», – deya ta’kidladi Keyn. Eslatib o‘tamiz, Angliya jahon chempionati yarim finalida Argentinga 1:2 hisobida mag‘lub bo‘ldi, garchi hisobni aynan inglizlar ochgan edi. Uchinchi o‘rin uchun bahsda esa Tomas Tuxel shogirdlari Fransiyani 6:4 hisobida mag‘lub etdi. Garri Keyn ushbu jahon chempionatida yetti o‘yinda maydonga tushib, olti bor raqib darvozasini ishg‘ol qildi.","Angliya terma jamoasi hujumchisi Garri Keyn bosh murabbiy Tomas Tuxel haqida fikr bildirdi. Uning aytishicha, bu Tuxel uchun Angliya bilan ilk yirik turnir bo'lgan va u bosim ostida ishlashni yaxshi o'rgangan. Angliya jahon chempionati yarim finalida Argentinaga 1:2 yutqazgan, garchi hisobni o'zi ochgan bo'lsa ham. Uchinchi o'rin uchun esa Fransiyani 6:4 hisobida yengishgan. Keyn turnirda yetti o'yin o'ynab, olti gol urgan."
"Messi: «Jahon chempionati — bu o‘ziga xos musobaqa» Argentina terma jamoasi hujumchisi Lionel Messi Jahon chempionati – 2026 finaliga chiqqanidan so‘ng o‘z fikrlarini bildirdi. «Biz jahon chempionati qay darajada o‘ziga xos musobaqa ekanini yaxshi bilamiz. U hech bo‘lmaganda qisqa fursatga bo‘lsa-da, odamlarga kundalik qiyinchiliklarini unutib turishga yordam beradi. Oralarida ishsiz yurganlari bor, oy oxiriga yetib borish o‘ta og‘ir bo‘layotganlari bor. Shu onlarda ularni xursand qila olayotganimizdan mamnunmiz», — deya Messining so‘zlarini jurnalist Fabrizio Romano keltiradi. 19 iyul kuni Argentina terma jamoasi tarixda ilk bor ikki marta ketma-ket jahon chempionati finalida maydonga tushadi. Bu safargi hal qiluvchi bahsda argentinaliklar Ispaniya terma jamoasiga qarshi o‘ynaydi. Uchrashuv boshlanishi Toshkent vaqti bilan soat 23:59 ga belgilangan.","Argentina terma jamoasi hujumchisi Lionel Messi Jahon chempionati finaliga chiqqach fikr bildirdi. Uning aytishicha, jahon chempionati odamlarga qiyinchiliklarni bir muddat unutishga yordam beradi va ularni xursand qila olayotganidan mamnun. 19 iyul kuni Argentina tarixda ilk bor ketma-ket ikkinchi marta finalga chiqadi. Bu safar ular Ispaniyaga qarshi o'ynaydi. O'yin Toshkent vaqti bilan soat 23:59 da boshlanadi."
"Emiliano Martinez: ""Biz ustunlik qildik"" Argentina terma jamoasi darvozaboni Emiliano Martines inglizlar ustidan qozonilgan muhim g‘alabadan so‘ng jamoa muvaffaqiyati haqida fikr bildirdi. Ushbu o‘yin natijasida Janubiy Amerika vakillari jahon chempionati finaliga yo‘l oldi. «Bu haqiqiy jinoiy darajadagi his-tuyg‘ular bo‘ldi. Birinchi bo‘limni juda yuqori darajada o‘tkazdik. Maydonda ustunlik biz tomonda edi, raqibning standart vaziyatlarda juda kuchli ekanini yaxshi bilsak-da. Ularda bitta aniq imkoniyat bo‘ldi va undan foydalandilar, lekin biz bunday vaziyatlarda hisobni tenglashtirishga, o‘yinga qaytishga ko‘nikkanmiz», – deya Emiliano Martinesning so‘zlarini BBC Sport keltiradi. Eslatib o‘tamiz, jahon chempionati finalida Argentina terma jamoasi Ispaniyaga qarshi maydonga tushadi. Bellashuv o‘n to‘qqizinchi iyul kuni bo‘lib o‘tadi.","Argentina darvozaboni Emiliano Martines inglizlar ustidan qozonilgan g'alabadan so'ng fikr bildirdi. Uning aytishicha, birinchi bo'lim juda yaxshi o'tgan va maydonda ustunlik ular tomonda bo'lgan, garchi raqib bitta imkoniyatdan foydalangan bo'lsa ham. Jahon chempionati finalida Argentina Ispaniyaga qarshi o'ynaydi. Bellashuv 19 iyul kuni bo'lib o'tadi."
"Manchesterda nima qilasan? Bizga o'tib soqqani bos! «Vest Xem» klubining iqtidorli hujumkor futbolchisi Krisensio Sammervillga yana bir jiddiy daʼvogar paydo boʻldi. Saudiya Arabistonining «Al-Hilol» klubi niderlandiyalik futbolchi bilan muzokaralarni boshlagani xabar qilinmoqda. 24 yoshli vinger «Vest Xem» tarkibidagi kuchli mavsumi orqali skautlar eʼtiborini tortdi. Jamoa Premier-ligadan tushib ketganiga qaramay, u oʻzini yaxshi tomondan koʻrsata oldi. Sammervill shuningdek 2026 yildagi jahon chempionatida Niderlandiya terma jamoasi asosiy tarkibida debut qildi va musobaqa davomida ikki gol urib, yana ikki golga pas berdi. Insayder Sasha Tavolieri maʼlumotiga koʻra, futbolchiga «Manchester Yunayted» va «Roma» klublari ham jiddiy qiziqish bildirmoqda. Tavolieriga tayanib berilgan xabarlarda aytilishicha, «Al-Hilol» Sammervill bilan allaqachon muloqotni boshlagan, uning transferi uchun esa taxminan 40 million yevro soʻralmoqda.","«Vest Xem» hujumchisi Krisensio Sammervillga Saudiya Arabistonining «Al-Hilol» klubi qiziqish bildirib, muzokara boshlagan. 24 yoshli futbolchi kuchli mavsumi bilan e'tibor tortdi va 2026 jahon chempionatida Niderlandiya terma jamoasida debyut qilib, ikki gol urib, ikki golga pas bergan. «Manchester Yunayted» va «Roma» ham unga qiziqmoqda. Uning transferi uchun taxminan 40 million yevro so'ralmoqda."
"Rodri «Real» bilan shartnoma bo‘yicha kelishdi «Manchester Siti» va Ispaniya terma jamoasi yarim himoyachisi Rodri Ernandes bu yozgi transferlar oynasidan foydalanib jamoasini o‘zgartirishi va «Real Madrid» safiga o‘tishi mumkin. Italiyalik insayder va jurnalist Nikolo Skira tarqatgan ma’lumotga ko‘ra, 30 yoshli ispaniyalik futbolchi «qirollik klubi» bilan shaxsiy shartnoma borasida kelishuvga erishgan. Yangi bitim 2030 yil iyunigacha mo‘ljallangan. Xabarga ko‘ra, «Real» rahbariyati yaqin kunlar ichida Rodrining transferi yuzasidan «Manchester Siti» bilan rasmiy muzokaralarni boshlashga tayyor. Shu bilan birga, yarim himoyachi «shaharliklar» tomonidan taklif etilgan shartnomani uzaytirish variantidan voz kechgani ta’kidlanmoqda. Hozirgi amaldagi kelishuv 2027 yil iyunigacha davom etadi. Eslatib o‘tamiz, 2026 yildagi jahon chempionatida Rodri Ispaniya terma jamoasi tarkibida g‘oliblikni qo‘lga kiritgan edi. Musobaqa yakunlariga ko‘ra, u turnirning eng yaxshi o‘yinchisi deb topilgan.","«Manchester Siti» va Ispaniya terma jamoasi yarim himoyachisi Rodri «Real Madrid»ga o'tishi mumkin. Jurnalist Nikolo Skira ma'lumotiga ko'ra, u «Real» bilan shaxsiy shartnoma bo'yicha kelishib olgan, yangi bitim 2030 yilgacha mo'ljallangan. «Real» yaqinda «Manchester Siti» bilan rasmiy muzokara boshlashga tayyor. Rodri hozirgi klubi taklif etgan shartnomani uzaytirishdan voz kechgan. U 2026 jahon chempionatida Ispaniya bilan g'olib bo'lib, turnirning eng yaxshi o'yinchisi deb topilgan."
"Undan so‘ng Konor Bredli va Ugo Ekitike safga qo‘shilishi rejalashtirilgan. - Eng yaqin qaytishi kutilayotgani — Leoni. Undan keyin Konor va Ugo. Ular bo‘yicha taxminiy muddat — ikki oy atrofida, — deb qo‘shimcha qildi Iraola. Uning aytishicha, yaqinda jahon chempionatida ishtirokini yakunlagan ayrim futbolchilar jamoaga biroz kechroq qo‘shiladi. - Biz yaqinda jahon chempionatida o‘ynab qaytgan bir necha futbolchiga dam olish uchun ko‘proq vaqt berishga qaror qildik. Albatta, ular biz bilan mashg‘ulotlarni qanchalik erta boshlashsa, talablarimizni shunchalik tezroq anglab yetishadi, — dedi Iraola. Alisson, Kodi Gakpo va Virjil van Deyk Liverpuldagi mashg‘ulot bazasida alohida tartibda tayyorgarlik olib boradi. - Virjil o‘tgan mavsumda Evropadagi futbolchilar orasida eng ko‘p daqiqa maydonda qolganlardan biri bo‘ldi.","Liverpul bosh murabbiyi Iraola so'zlariga ko'ra, jarohatdan keyin eng yaqin qaytadigani Leoni, undan keyin Konor Bredli va Ugo Ekitike bo'ladi — bu taxminan ikki oy ichida kutilmoqda. Yaqinda jahon chempionatida o'ynagan futbolchilarga dam olish uchun ko'proq vaqt berilmoqda. Alisson, Kodi Gakpo va Virjil van Deyk mashg'ulot bazasida alohida tayyorgarlik ko'rmoqda. Van Deyk o'tgan mavsumda Yevropada eng ko'p maydonda bo'lgan futbolchilardan biri edi."
"Bizni kutmanglar! Messi endi “Inter Mayami”ga yordam berolmaydi Argentina milliy terma jamoasi futbolchilari Lionel Messi hamda Rodrigo De Paul MLS muntazam chempionatining bir nechta uchrashuvlarini o‘tkazib yuboradi va ma’lum muddat “Inter Mayami”ga yordam bera olmaydi. Bu haqida ESPN xabar berdi. Shimoliy Amerika MLS chempionati 2026 yildagi jahon chempionati munosabati bilan berilgan tanaffusdan so‘ng qayta boshlandi. “Inter Mayami” 22 iyul kuni o‘z maydonida “Chikago Fayr”ni qabul qiladi, 25 iyul kuni esa mehmonda “Monreal”ga qarshi bahs olib boradi. Manba ma’lumotiga ko‘ra, Argentina terma jamoasining har ikki futbolchisi kuch to‘plash uchun tanaffus oladi va mazkur uchrashuvlarda ishtirok etmaydi. Shuningdek, ular 29 iyul kuni bo‘lib o‘tadigan MLS yulduzlari uchrashuvida ham qatnashmasligi mumkin.","Argentina terma jamoasi futbolchilari Lionel Messi va Rodrigo De Pol MLS chempionatining bir necha o'yinini o'tkazib yuborib, «Inter Mayami»ga vaqtincha yordam bera olmaydi. Bu haqida ESPN xabar berdi. «Inter Mayami» 22 iyulda «Chikago Fayr»ni, 25 iyulda «Monreal»ni qabul qiladi, ammo ikkala futbolchi dam olish uchun bu o'yinlarda qatnashmaydi. Ular 29 iyuldagi MLS yulduzlar o'yinida ham qatnashmasligi mumkin."
"Shunchaki dahshat! Nemislar “Real”ga Olisening narxini aytdi Madridning “Real” klubi jahon chempionatidan keyin yana bir shov-shuvli transferni amalga oshirishga bel bog‘lagan. “Qirollik klubi” Frantsiya terma jamoasi va “Bavariya” hujumkor futbolchisi Maykl Olisega da’vogarlik qilmoqda. Xabarlarga ko‘ra, Olisening o‘zi yaqin vaqt ichida Myunxen klubi rahbariyatidan o‘zini Ispaniya poytaxtiga qo‘yib yuborishni so‘raydi. Jurnalist Santi Auna ma’lumotiga ko‘ra, “Bavariya” Olise transferi uchun xaridorlardan kamida 200 million yevro talab qiladi. Eslatib o‘tamiz, jahon futboli tarixidagi eng yirik transfer hozircha Neymarning 2017 yilda “Barselona”dan “Pari Sen-Jermen”ga 222 million yevro evaziga o‘tishi bo‘lib turibdi. Transfermarkt portali Maykl Olisening bozor qiymatini 150 million yevro deb baholamoqda. O‘tgan mavsumda 24 yoshli futbolchi “Bavariya” safida 52 ta uchrashuv o‘tkazib, 22 ta gol va 31 ta golli uzatma muallifi bo‘lgan.","«Real Madrid» Fransiya terma jamoasi va «Bavariya» hujumchisi Maykl Olisega da'vogarlik qilmoqda. Xabarlarga ko'ra, Olise o'zi Ispaniyaga o'tishni istaydi, «Bavariya» esa uning uchun kamida 200 million yevro talab qilmoqda. Bu jahon futboli tarixidagi eng yirik transferlardan biriga aylanishi mumkin. Transfermarkt uning bozor qiymatini 150 million yevro deb baholaydi. O'tgan mavsumda Olise «Bavariya»da 52 o'yin o'tkazib, 22 gol urgan va 31 golli uzatma bergan."
"Tuxel yarim finalidagi mag‘lubiyatdan so‘ng bo‘shatilmaydi Angliya Futbol assotsiatsiyasi bosh ijrochi direktori Mark Bullingxem nemis mutaxassisi Tomas Tuxelga ishonch bildirishda davom etmoqda, deb xabar bermoqda britaniya ommaviy axborot vositalari. Shu bois Tuxel kamida 2028 yilda o‘tkaziladigan ichki Yevropa chempionatigacha Angliya terma jamoasi bosh murabbiyi sifatida ishlashda davom etadi. Eslatib o‘tamiz, JCh-2026 musobaqasida Angliya yarim finalda Argentinga 2:1 hisobida mag‘lub bo‘ldi. «Uch sher» 85-daqiqagacha hisobda oldinda borayotgan edi. 19 iyul kuni esa inglizlar uchinchi o‘rin uchun Fransiyaga qarshi maydonga tushadi. Agar Angliya g‘alaba qo‘zonsa, bu terma jamoa uchun so‘nggi 60 yildagi eng yuqori natija bo‘ladi. Tuxel Argentinga qarshi o‘yinda taktik xatoga yo‘l qo‘yganini tan oldi. «Biz besh nafar himoyachi bilan o‘yinga o‘tishga qaror qildik, chunki maydondagi bo‘shliqlar juda katta bo‘lib qolgandi.","Angliya Futbol assotsiatsiyasi rahbari Mark Bullingxem bosh murabbiy Tomas Tuxelga ishonch bildirishda davom etmoqda. Britaniya OAV ma'lumotiga ko'ra, Tuxel kamida 2028 yilgi Yevropa chempionatigacha ishlaydi. JCh-2026 yarim finalida Angliya Argentinaga 2:1 yutqazgan, garchi 85-daqiqagacha hisobda oldinda bo'lgan. 19 iyulda inglizlar uchinchi o'rin uchun Fransiya bilan o'ynaydi; g'alaba qozonsa, bu so'nggi 60 yildagi eng yaxshi natija bo'ladi. Tuxel Argentina bilan o'yinda taktik xato qilganini tan oldi."
"Ispaniya jahon chempionatlari rekordini o‘rnatdi Ispaniya terma jamoasi qo‘shimcha daqiqalarda Argentina milliy jamoasini 1:0 hisobida mag‘lub etib, 2026 yildgi jahon chempioni unvonini qo‘lga kiritdi. Shu tariqa, ispanlar XXI asr jahon chempionatlari tarixida yangi rekord o‘rnatishdi. Shuningdek, Ispaniya bu asrda jahon chempionatida ikki marta g‘olib chiqqan yagona terma jamoa bo‘ldi. «Furiya Roxa» ilk bor 2010 yilda jahon chempioni bo‘lgan edi. Shu paytgacha XXI asrda Braziliya (2002), Italiya (2006), Germaniya (2014), Fransiya (2018) va Argentina (2022) terma jamoalari bir martalik chempionlikka erishgan. 2026 yildgi mundial finalida yagona gol uchrashuvning 106-daqiqasida Ferran Torres tomonidan Argentina darvozasiga yo‘llandi. Argentina terma jamoasi amaldagi jahon chempioni maqomini topshirib, musobaqani kumush medallar bilan yakunladi.","Ispaniya terma jamoasi qo'shimcha daqiqalarda Argentinani 1:0 hisobida mag'lub etib, 2026 yilgi jahon chempioni bo'ldi. Shu bilan ispanlar XXI asrda ikki marta jahon chempioni bo'lgan yagona terma jamoaga aylandi (birinchi marta 2010 yilda). Boshqa jamoalar — Braziliya, Italiya, Germaniya, Fransiya va Argentina — bu asrda faqat bir martadan chempion bo'lgan. Yagona golni 106-daqiqada Ferran Torres urgan. Argentina esa kumush medal bilan yakunladi."
"Endi esa mutaxassis klub futbolidagi uzoq yillik faoliyatidan so‘ng milliy jamoani qabul qilishi mumkinligi muhokama qilinmoqda. Italiya terma jamoasi uchun Gvardiolaning nomzodi juda muhim deb qaralmoqda. Chunki «skuadra adzurra» yaqinda katta mag‘lubiyatga uchradi: jamoa jahon chempionatiga yo‘llanma ololmadi. Italiya pley-off finalida Bosniya va Gertsegovinaga mag‘lub bo‘lib, mundialga chiqish imkonini qo‘ldan boy berdi. Bu omadszilikdan so‘ng terma jamoa bosh murabbiyi Djennaro Gattuzo iste’foga chiqdi. Hozir FIGC yangi bosh murabbiy qidirmoqda va asosiy nomzod sifatida aynan Xosep Gvardiola ko‘rib chiqilayotgani aytilmoqda. Ammo muzokaralarning asosiy to‘siği – maosh va shartnoma shartlari bo‘lib turibdi.","Gvardiolaning uzoq klub futbolidagi faoliyatidan so'ng milliy jamoani qabul qilishi muhokama qilinmoqda. Italiya terma jamoasi jahon chempionatiga yo'llanma ololmay, pley-off finalida Bosniya va Gertsegovinaga yutqazgan edi. Shundan so'ng bosh murabbiy Djennaro Gattuzo iste'foga chiqdi. Endi Italiya federatsiyasi yangi murabbiy qidirmoqda va asosiy nomzod Gvardiola hisoblanadi, ammo maosh va shartnoma shartlari muzokarani qiyinlashtirmoqda."
"Ana xolos! ""Real"" ashaddiy raqib ""Barsa"" yulduzini olmoqchi «Real» rahbariyati «Barselona» va Ispaniya terma jamoasi vingeri Ferran Torresning atrofidagi vaziyatni diqqat bilan kuzatib bormoqda. L’Equipe nashri ma’lumoticha, madridliklar futbolchiga birinchi marta ancha oldin - u hali «Valensiya» tarkibida o‘ynagan paytlardanoq qiziqish bildirgan. Ammo o‘sha vaqtda Ferran Pep Gvardiola qo‘l ostida ishlash istagi bilan «Manchester Siti»ni tanlagan edi. Manbalarga ko‘ra, shartnomasi 2027 yil yozigacha amal qiladigan Torres «Barselona» tomonidan bitimni uzaytirish bo‘yicha jiddiy qiziqish sezmayapti. Aytilishicha, u yarim yildan ortiq vaqt mobaynida sport direktori Deku bilan umuman muloqot qilmagan. Ferranga bo‘lgan talab jahon chempionatigacha yoq oshgan: qator yetakchi klublar, jumladan PSJ, uni o‘z safiga qo‘shib olish istagini bildirgan.","«Real Madrid» «Barselona» va Ispaniya vingeri Ferran Torresning vaziyatini kuzatmoqda. L'Equipe ma'lumotiga ko'ra, madridliklar unga u «Valensiya»da o'ynagan davridanoq qiziqqan, ammo o'shanda Torres Gvardiola qo'l ostida ishlash uchun «Manchester Siti»ni tanlagan edi. Uning shartnomasi 2027 yilgacha amal qiladi, «Barselona» esa bitimni uzaytirishga qiziqish bildirmayapti. Jahon chempionatidan keyin unga PSJ kabi yirik klublar ham qiziqish bildirmoqda."
"Amorim Manchesterdan shogirdini olib ketadi «Milan» bosh murabbiyi Ruben Amorim 24 yoshli Kot-d’Ivuar terma jamoasi hujumchisi Amad Dialloni jamoaga olib kelishni rejalashtirmoqda. Bu haqida Caught Offside nashri xabar berdi. Manbaga ko‘ra, Diallo uchun kurash faqat «Milan» bilan cheklanmaydi. Hujumchiga Angliyaning yana ikki klubi — «Nyukasl» va «Brayton» ham jiddiy qiziqish bildirmoqda. O‘tgan mavsumda Diallo klubi tarkibida barcha musobaqalar doirasida 33 ta o‘yinda maydonga tushdi. U shular davomida ikki bor raqib darvozasini ishg‘ol etdi va uchta golli uzatma muallifiga aylandi.","«Milan» bosh murabbiyi Ruben Amorim Kot-d'Ivuar hujumchisi Amad Dialloni jamoaga olib kelishni rejalashtirmoqda. Bu haqida Caught Offside xabar berdi. Diallo uchun «Nyukasl» va «Brayton» ham qiziqish bildirmoqda. O'tgan mavsumda u 33 o'yinda maydonga tushib, ikki gol urgan va uchta golli uzatma bergan."
"«Manchester Siti» 100 million yevro baholangan 18 yoshli iste'dodga ko‘z tikdi Frantsiyaning «Lill» jamoasida yorqin oʻyini bilan eʼtibor qozonayotgan 18 yoshli Ayub Buaddi faoliyatini «Manchester Siti»da davom ettirishi mumkin. The Athletic nashri xabar berishicha, «shaharliklar» Marokash terma jamoasi yarim himoyachisini qoʻlga kiritish boʻyicha faol ish olib bormoqda. «Lill» oʻz iqtidorli futbolchisini 100 million yevro atrofida baholamoqda. Maʼlumotlarga koʻra, qator yirik klublar Buaddini sotib olib, yana bir mavsumga «Lill» safida qoldirishga tayyor edi. Biroq «Manchester Siti» futbolchining darhol jamoaga qoʻshilishini istamoqda. Ayni paytda Buaddining oʻzi kelajakda qaerda oʻynashini hali aniq belgilab olmagan. 2025/26 yildgi mavsumda Buaddi barcha musobaqalar hisobga olingan holda 42 ta oʻyinda maydonga tushib, bir bor golli uzatma amalga oshirgan.","«Lill»ning 18 yoshli yarim himoyachisi Ayub Buaddi «Manchester Siti»da o'ynashi mumkin. The Athletic xabariga ko'ra, «Siti» uni olish uchun faol harakat qilmoqda, «Lill» esa futbolchini 100 million yevroga baholamoqda. Boshqa klublar uni «Lill»da yana bir mavsum qoldirishga tayyor edi, ammo «Siti» darhol qo'shilishini xohlaydi. Buaddi hali qaerda o'ynashini aniq belgilamagan. O'tgan mavsumda u 42 o'yin o'tkazib, bitta golli uzatma bergan."
"Mundialning eng zo‘r o‘yinchisi operatsiya qilinadi «Manchester Siti» va Ispaniya terma jamoasi tarkibida harakat qiladigan tajribali yarimhimoyachi Rodri umurtqa pog'onasidagi muammo sababli jarrohlik amaliyotiga muhtoj. Bu haqida The Athletic nashri xabar berdi. Manbaga ko‘ra, 30 yoshli futbolchining maydonga qaytish muddati hozircha aniq emas. Tabiblar uning tiklanish jarayoni qancha vaqt talab etishini bashorat qilishga shoshilmayapti. Avvalroq madriddlik «Real» Rodri transferi bo‘yicha faol muzokaralar olib borayotgani haqida ma'lumotlar paydo bo‘lgan edi. O‘tgan mavsumda Rodri «Manchester Siti» safida barcha musobaqalar doirasida 33 ta o‘yinda maydonga tushib, 2 ta gol urdi. Shu bilan birga, u 2026 yildagi futbol bo‘yicha jahon chempionatida Ispaniya terma jamoasi bilan g‘olib chiqib, musobaqaning eng yaxshi o‘yinchisi deb topilgan. Transfermarkt portali ma'lumotlariga ko‘ra, futbolchining bozor qiymati 50 million evroni tashkil etadi.","«Manchester Siti» va Ispaniya yarim himoyachisi Rodri umurtqa pog'onasidagi muammo sababli operatsiya qilinadi. The Athletic xabariga ko'ra, uning maydonga qaytish muddati hali aniq emas. Avval «Real Madrid» uni sotib olish bo'yicha muzokara olib borayotgani haqida xabarlar bo'lgan edi. O'tgan mavsumda Rodri 33 o'yin o'tkazib, 2 gol urgan, shuningdek 2026 jahon chempionatida Ispaniya bilan g'olib bo'lib, eng yaxshi o'yinchi deb topilgan. Bozor qiymati 50 million yevro."
"Argentina futbolchisiga Yevropaning ikki klubi ko‘z tikdi Argentina milliy terma jamoasi va Fransiyaning “Lyon” klubi himoyachisi Nikolas Talyafiko yozgi transfer oynasida klubini oʻzgartirishi mumkin. Bu haqida insayder Nikolo Skira ijtimoiy tarmoqlar orqali maʼlum qildi. Manbaga koʻra, 33 yoshli himoyachiga Angliyaning “Nottingem Forest” hamda Ispaniyaning “Deportivo” klublari qiziqish bildirmoqda. Argentinalik futbolchining “Lyon” bilan amaldagi mehnat shartnomasi kelasi yozda oʻz yakuniga yetadi. 2026 yildagi Jahon chempionatida tajribali himoyachi Argentina terma jamoasi safida 7 ta oʻyin oʻtkazdi. Finalda esa argentinaliklar Ispaniya terma jamoasiga qarshi bahs olib bordi va 0:1 hisobida yutqazib, chempionlik unvonini topshirdi.","Argentina va «Lyon» himoyachisi Nikolas Talyafiko yozgi transfer oynasida klub o'zgartirishi mumkin. Insayder Nikolo Skira ma'lumotiga ko'ra, unga «Nottingem Forest» va «Deportivo» qiziqmoqda. Uning «Lyon» bilan shartnomasi kelasi yozda tugaydi. 2026 jahon chempionatida u Argentina bilan 7 o'yin o'tkazgan, finalda esa Ispaniyaga 0:1 yutqazib, chempionlikni topshirgan."
"""Bu fojia"". Angliya terma jamoasining sobiq hujumchisi Tuhel haqida keskin gapirdi Sattonning fikricha, aynan nemis mutaxassisi qabul qilgan qarorlar Angliya terma jamoasining musobaqadan chiqib ketishida hal qiluvchi omil bo‘ldi. - Bu mutlaqo murabbiylik fiyaskosi bo‘ldi. Angliya hisobni ochdi, lekin shundan keyin tashabbusni amalda o‘zi Argentinga topshirib qo‘ydi. Jamoa juda chuqurga chekindi, yana bir himoyachi maydonga tushirildi, - dedi u. Menda savol tug‘iladi: shunday o‘yindan keyin Tuxelga bu jamoani yana qanday ishonib topshirish mumkin? Boshqalar nima deyishidan qat’i nazar, Angliya juda qulay yo‘lga tushdi, ammo shuning o‘ziga yarasha birorta haqiqatan kuchli o‘yin namoyish eta olmadi, - deya Sattonning so‘zlarini keltiradi VVS. Endilikda Angliya terma jamoasi uchinchi o‘rin uchun bahsda Fransiyaga qarshi maydonga tushadi.","Angliyaning sobiq hujumchisi Sattonning fikricha, bosh murabbiy Tuxelning qarorlari Angliyaning jahon chempionatidan chiqib ketishida hal qiluvchi bo'ldi. Uning so'zlariga ko'ra, Angliya hisobni ochgan bo'lsa-da, keyin tashabbusni Argentinaga topshirib qo'ygan va ortiqcha himoyaga o'tgan. Sattonning fikricha, bu shunday o'yindan keyin Tuxelga jamoani yana ishonib topshirish qiyin savol tug'diradi. Angliya endi uchinchi o'rin uchun Fransiyaga qarshi o'ynaydi."
"PSJ 100 mln evrolik yosh yulduzni sotib olishdan bosh tortdi «Pari Sen-Jermen» rahbariyati «Lill» va Marokash terma jamoasi yarim himoyachisi Ayub Buaddi uchun kurashga qo‘shilmaslikka qaror qildi. 18 yoshli futbolchiga qiziqish Jahon chempionati davomida keskin oshdi. Marokash terma jamoasi musobaqada 1/4 finalgacha yetib bordi va Buaddi o‘yini ko‘plab yirik klublar e’tiborini tortdi. Shu bilan birga, jurnalist Devid Ornshteyn ma’lumotiga ko‘ra, PSJ yozgi transfer oynasida Buaddini olish bo‘yicha rasmiy harakatlarni amalga oshirmaydi. Ma’lum qilinishicha, «Lill» yosh iste’dod uchun taxminan 100 million yevro talab qilmoqda. Bunday yuqori narx Liga chempionlarining amaldagi g‘oliblarini qoniqtirmasligi aytilmoqda. Ayni paytda futbolchi uchun asosiy da’vogarlardan biri sifatida «Manchester Siti» tilga olinmoqda.","PSJ «Lill» va Marokash yarim himoyachisi Ayub Buaddi uchun kurashmaslikka qaror qildi. 18 yoshli futbolchiga qiziqish jahon chempionati davomida oshgan, chunki Marokash 1/4 finalgacha yetib borgan. Jurnalist Devid Ornshteynga ko'ra, PSJ rasmiy harakat qilmaydi, chunki «Lill» taxminan 100 million yevro so'ramoqda — bu narx Liga chempionlari g'olibini qoniqtirmayapti. Asosiy da'vogar sifatida «Manchester Siti» tilga olinmoqda."
Yaqinda Mikel Oyarsabal Ispaniya terma jamoasi safida jahon chempionatida beshta gol urdi va musobaqa g‘olibiga aylandi.,"Mikel Oyarsabal jahon chempionatida Ispaniya terma jamoasi safida beshta gol urib, g'olib chiqdi."
"Javob aniq! Gvardiolaning muzokarasi bir daqiqa davom etdi Xosep Gvardiola bilan Italiya futbol federatsiyasi (FIGC) o‘rtasida uni milliy jamoa bosh murabbiyi etib tayinlash masalasida bo‘lib o‘tgan suhbat atigi bir daqiqa davom etgan. Bu haqida ESPN jurnalisti Gabriele Markotti X ijtimoiy tarmog‘ida ma’lum qildi. Suhbat davomida Gvardiola kamida bir yillik tanaffus qilish niyati borligini aytgan. Qayd etilishicha, so‘nggi haftalarda unga boshqa milliy terma jamoalar, jumladan Niderlandiya terma jamoasi ham murojaat qilgan. Xosep Gvardiola o‘tgan mavsum yakunlangandan keyin “Manchester Siti” bosh murabbiyligi lavozimini tark etdi. U 2016 yildan buyon klubni boshqarib, quyidagi yutuqlarga erishdi: - Angliya chempioni — 6 marta; - Angliya kubogi sohibi — 3 marta; - Angliya Superkubogi sohibi — 3 marta; - Chempionlar ligasi g‘olibi; - UEFA Superkubogi sohibi; - Klublar o‘rtasidagi jahon chempionati g‘olibi. Bundan avval Gvardiola “Barselona” va “Bavariya” klublarini ham boshqargan.","Xosep Gvardiola bilan Italiya futbol federatsiyasi o'rtasidagi uni milliy jamoa murabbiyi etib tayinlash haqidagi suhbat atigi bir daqiqa davom etgan. Bu haqida jurnalist Gabriele Markotti xabar berdi. Gvardiola kamida bir yil tanaffus qilish niyatida ekanini aytgan. Unga Niderlandiya kabi boshqa terma jamoalar ham murojaat qilgan. Gvardiola mavsum yakunlangach «Manchester Siti»ni tark etdi — u 2016 yildan klubni boshqarib, Angliya chempionati, kubogi, Chempionlar ligasi va boshqa ko'plab unvonlarni qo'lga kiritgan edi. Bundan avval u «Barselona» va «Bavariya»ni ham boshqargan."
"“Real”ga o‘tma, dahshatli maosh olasan! Bundesliga chempioni “Bavariya” rahbariyati fransiyalik legioner Maykl Oliseni jamoada saqlab qolishga qatʼiy qaror qilgan. Soʻnggi vaqtlarda futbolchi Madriddning “Real” klubiga oʻtishi haqida maʼlumotlar koʻpayib bormoqda. Tarqalgan maʼlumotlarga koʻra, 24 yoshli futbolchi joriy transfer oynasida “Qirollik klubi”ga koʻchib oʻtishga intilyapti va bu haqida Fransiya milliy terma jamoasidagi sheriklariga ham aytib boʻlgan. Shunga qaramay, “Bavariya” oʻz yulduzini sotish niyatida emas. Bild nashri maʼlum qilishicha, Myunxen klubi rahbariyati Olisega yillik maoshi 25 million evrodan ortiq boʻlgan yangi shartnoma taklif qilishni rejalashtirmoqda. Bu esa fransiyalik futbolchini jamoadagi eng yuqori maosh oluvchi oʻyinchilardan biriga aylantiradi. Aynan mana shu omil Maykl Oliseni Myunxendan ketish fikridan qaytarishi mumkinligi aytilmoqda. Transfermarkt portali Maykl Olisening bozor qiymatini 150 million evro deb baholamoqda.","«Bavariya» rahbariyati Fransiya hujumchisi Maykl Oliseni jamoada saqlab qolishga qaror qildi, garchi u «Real Madrid»ga o'tishni istasa ham. Bild ma'lumotiga ko'ra, «Bavariya» unga yiliga 25 million yevrodan ortiq maosh bilan yangi shartnoma taklif qilmoqchi — bu uni klubdagi eng yuqori maosh oluvchilardan biriga aylantiradi. Aynan shu omil Oliseni ketishdan qaytarishi mumkin. Uning bozor qiymati 150 million yevro."
"Foden A Seriyasidagi yetakchi klubda faoliyatini davom ettirishi mumkin «Manchester Siti»ning hujumkor yarim himoyachisi Fil Foden Italiya ning mashhur klubi «Milan» safiga o‘tishi mumkin. Bu haqida SportMediaset nashri xabar bermoqda. Manba ma’lumotiga ko‘ra, «Milan» 26 yoshli futbolchini ehtimoliy transfer sifatida ko‘rib chiqmoqda. Milanliklar uning xizmatlarini qo‘lga kiritish uchun avval jamoa yetakchilaridan biri Rafael Leauni sotishi kerak bo‘lishi aytilmoqda. Xabarda ta’kidlanishicha, Fodanning nomzodi bir vaqtning o‘zida bir nechta klublarga taklif etilgan. Sababi — u «Manchester Siti» bilan tuzgan shartnomasining so‘nggi yiliga kirgan va bu holat uning transferini ancha reallashtirib qo‘ygan. O‘tgan mavsumda Foden barcha musobaqalarni hisobga olgan holda 50 ta o‘yinda maydonga tushdi, 10 ta gol urdi va 7 ta golli pas berdi. Transfermarkt portali angliyalik yarim himoyachining bozor qiymatini 70 million yevro atrofida baholamoqda.","«Manchester Siti» yarim himoyachisi Fil Foden Italiyaning «Milan» klubiga o'tishi mumkin. SportMediaset xabariga ko'ra, «Milan» avval Rafael Leauni sotishi kerak bo'ladi. Fodenning shartnomasi so'nggi yiliga kirgani uning transferini reallashtirmoqda. O'tgan mavsumda u 50 o'yin o'tkazib, 10 gol urgan va 7 golli uzatma bergan. Bozor qiymati 70 million yevro."
"Messini ustidan kulgan muxlisni urib o‘ldirib qo‘yishdi Bangladeshda jahon chempionati bilan bevosita yoki bilvosita bog‘liq kamida 12 ta o‘lim holati qayd etildi. Ulardan biri – 38 yoshli Muhammad Shariful Islom. U Argentina – Misr o‘yini paytida boshqa muxlislar bilan janjaldan so‘ng vafot etgan. Veloriksha haydovchisi bo‘lgan Islom chayxonada o‘yinni tomosha qilayotgan paytda, Lionel Messi penaltiidan gol olmaganidan keyin kulib yuborgani uchun o‘zini «Argentina muxlislari» deb atagan guruhning hujumiga uchragan. Islom Braziliya terma jamoasi ishqibozi bo‘lgan. - Odamni futbol uchun o‘ldirish mumkinmi? Mening ikki qizim bor. Endi ular kimni ota deb chaqirishadi? Qizlarim yetim qoldi. Erimni o‘ldirganlar eng og‘ir jazoga tortilishini istayman, – deydi marhumning rafiqasi Byuti Begum.","Bangladeshda jahon chempionati bilan bog'liq kamida 12 kishi vafot etdi. Ulardan biri — 38 yoshli Muhammad Shariful Islom. U Argentina-Misr o'yinini tomosha qilayotganda, Messi penaltidan gol ura olmagach kulib yuborgani uchun boshqa muxlislar tomonidan hujumga uchrab, vafot etgan. Islom Braziliya jamoasi ishqibozi bo'lgan. Marhumning rafiqasi Byuti Begum aylanganlarning eng og'ir jazoga tortilishini istayotganini aytdi."
"""Barsa"" Argentina qahramonini nishonga oldi Italiyaning amaldagi chempioni «Inter» klubi va Argentina terma jamoasi hujumchisi Lautaro Martines faoliyatini Ispaniyada davom ettirishi mumkin. Bu haqida ElNacional.cat nashri xabar bermoqda. Manba ma'lumoticha, «Barselona» argentinalik forvardni o‘z transfer ro‘yxatiga kiritgan va uning xizmatlariga jiddiy qiziqish bildirmoqda. Qayd etilishicha, kataloniyaliklar bir necha yil oldin ham Lautaroni olishga urinib, ammo o‘shanda kelishuv amalga oshmay qolgan edi. Eslatib o‘tamiz, jahon chempionati yarim finalida Lautaro Martines zahiradan maydonga tushib, qo‘shimcha daqiqalarda Lionel Messi uzatmasidan g‘alaba golini urgan va Argentina terma jamoasini finalga olib chiqqan edi.","Italiya chempioni «Inter» va Argentina hujumchisi Lautaro Martines Ispaniyada o'ynashi mumkin. ElNacional.cat xabariga ko'ra, «Barselona» uni transfer ro'yxatiga kiritgan va unga jiddiy qiziqish bildirmoqda. Kataloniyaliklar bir necha yil oldin ham uni olishga urinib, muvaffaqiyatsizlikka uchragan edi. Jahon chempionati yarim finalida Lautaro zahiradan chiqib, qo'shimcha vaqtda Messi uzatmasidan g'alaba golini urib, Argentinani finalga olib chiqqan edi."
"Mundialda gollar rekordi 2026 yildgi jahon chempionati nafaqat 48 ta terma jamoa ishtirok etgan yangi format bilan, balki bir qator tarixiy rekordlari bilan ham alohida ahamiyat kasb etdi. AQSh, Kanada va Meksika mezbonlik qilgan turnirda gollar soni, futbolchilar va murabbiylarning shaxsiy yutuqlari bo‘yicha bir qator yangi rekordlar o‘rnatildi. Ularning ayrimlari o‘yinlar soni oshgani sababli kutilgan bo‘lsa, boshqalari haqiqiy sensatsiyaga aylandi. Turnirning eng muhim statistik natijasi rekord darajadagi sermahsullik bo‘ldi. 104 ta o‘yinda jamoalar jami 308 ta gol urdi. Bu Jahon chempionatlari tarixidagi eng yuqori ko‘rsatkich hisoblanadi. Bungachagi rekord 2022 yil Qatardagi mundialda qayd etilgan bo‘lib, o‘shanda 64 ta uchrashuvda 172 ta gol urilgan edi.","2026 yilgi jahon chempionati 48 ta terma jamoa ishtirok etgan yangi format bilan bir qator rekordlarga ega bo'ldi. AQSh, Kanada va Meksikada o'tgan turnirda gollar soni bo'yicha yangi rekord o'rnatildi: 104 o'yinda jami 308 gol urildi — bu jahon chempionatlari tarixidagi eng yuqori ko'rsatkich. Oldingi rekord 2022 yilgi Qatar mundialida bo'lgan, o'shanda 64 o'yinda 172 gol urilgan edi."
"Shunga qaramay, parijliklar haligacha «Barselona»ga rasmiy taklif yo‘llamagan, chunki ular transfer bozoridagi boshqa nomzodlarni ham ko‘rib chiqmoqda. Xabarlarga ko‘ra, kataloniyaliklar Torresni taxminan 50 million yevro atrofida baholamoqda. Shu bilan birga, klub futbolchi bilan amaldagi shartnomani uzaytirish imkoniyatini ham ochiq qoldirgan. Eslatib o‘tamiz, 2026 yildgi jahon chempionati finalida Ispaniya – Argentina uchrashuvida (1:0) Ferran Torres 106-daqiqada yagona va g‘alabali gol muallifi bo‘lgan edi.","Parijliklar hali «Barselona»ga rasmiy taklif yubormagan, chunki boshqa nomzodlarni ham ko'rib chiqmoqda. Kataloniyaliklar Torresni taxminan 50 million yevroga baholamoqda, shu bilan birga uning shartnomasini uzaytirish imkoniyatini ham ochiq qoldirgan. 2026 jahon chempionati finalida Ispaniya Argentinani 1:0 yengib, Ferran Torres 106-daqiqada yagona golni urgan edi."
"Mourin'yo Bellingemga yangi vazifa topshiradi Madridning “Real” klubi yangi bosh murabbiyi Joze Mourinyo yarim himoyachi Jud Bellingemni 4-2-3-1 sxemasidagi asosiy “o'nlik” sifatida ko'rmoqda. Bu haqida The Athletic xabar berdi. Manbaga ko'ra, portugaliyalik mutaxassis ba'zi hollarda Bellingemni jarima maydonidan jarima maydonigacha harakat qiladigan «sakkizlik» pozitsiyasida ham o'ynatishi mumkin. Mourinyo Bellingem bilan ilk uchrashuvida unga 2026 yildagi jahon chempionatida Angliya terma jamoasi safida omad tilagan. Qayd etilishicha, 22 yoshli yarim himoyachi portugaliyalik murabbiy uchun kelasi mavsumdagi asosiy futbolchilardan biri bo'ladi. O'tgan mavsumda Bellingem barcha musobaqalarda 40 ta o'yinda ishtirok etib, 8 ta gol va 5 ta golli uzatma qayd etdi. Uning “Real” bilan shartnomasi 2029 yil yozigacha amal qiladi. Transfermarkt uning bozor qiymatini 130 million yevro deb baholagan.","«Real Madrid»ning yangi bosh murabbiyi Joze Mourinyo yarim himoyachi Jud Bellingemni 4-2-3-1 sxemasida asosiy «o'nlik» sifatida ko'rmoqda. The Athletic xabariga ko'ra, ayrim holatlarda uni «sakkizlik» pozitsiyasida ham o'ynatishi mumkin. Mourinyo Bellingemga jahon chempionatidagi o'yini uchun omad tilagan. 22 yoshli futbolchi murabbiy uchun kelasi mavsumdagi asosiy o'yinchilardan biri bo'ladi. O'tgan mavsumda u 40 o'yin o'tkazib, 8 gol urgan va 5 golli uzatma bergan. Shartnomasi 2029 yilgacha, bozor qiymati 130 million yevro."
"Messining 39 yoshida qilib yurgan ishlarini qarang! Harri Keyn Messiga tan berdi Angliya terma jamoasi hujumchisi Harri Keyn Argentinga qarshi 1:2 hisobida yakunlangan mundial yarim finalidan so‘ng Lionel Messi haqida fikr bildirdi. Uchrashuvda inglizlar 55-daqiqada hisobni ochishgandi, ammo o‘yin oxirida ikki gol o‘tkazib yuborib, finalga chiqish imkoniyatini qo‘ldan boy berdi. Lionel Messi ushbu bahsda jamoasining har ikki goliga pas berdi. - Messining 39 yoshida qilib yurgan ishlarini ko‘rib, bu jahon chempionati men uchun oxirgisi bo‘ladimi-yo‘qmi, deb o‘ylab ham o‘tirmayman. Messi – tarixdagi eng kuchli futbolchi. Biz uni to‘xtatish uchun qo‘limizdan kelgan barcha ishni qildik, lekin u to‘pni olgan sayoq, yana bir bor jonlangandek bo‘lardi», – deya Keynning so‘zlarini keltiradi AlbicelesteTalk nashri.","Angliya hujumchisi Harri Keyn Argentinaga 1:2 yutqazgan mundial yarim finalidan so'ng Lionel Messi haqida fikr bildirdi. Inglizlar 55-daqiqada hisobni ochgan, ammo o'yin oxirida ikki gol o'tkazib, finalga chiqolmagan. Messi har ikki golga pas bergan edi. Keynning aytishicha, u Messining 39 yoshda ham shu darajada o'ynashini ko'rib hayratda va uni tarixdagi eng kuchli futbolchi deb bildi. Uni to'xtatish uchun har narsa qilingan, lekin u to'p olganida yana jonlanardi."
"Messi mundialda mutlaq rekord o‘rnatdi Argentina terma jamoasi sardori Lionel Messi jahon chempionatlari tarixida yana bir rekord o‘rnatdi. 39 yoshli yulduz mundial yarim finalida Angliyaga qarshi maydonga tushdi va bu uning futbol olamidagi eng nufuzli musobaqadagi 33-o‘yini bo‘ldi. Shu tariqa, Messi mundialar tarixida eng ko‘p o‘yin o‘tkazgan futbolchi sifatida o‘z rekordini yanada mustahkamladi. Hozircha u bu ko‘rsatkich bo‘yicha portugalialik Krishtianu Ronald (27 o‘yin) va afsonaviy nemis futbolchisi Lotar Matteusdan (25 o‘yin) ancha oldinda bormoqda. Messi shuningdek jahon chempionatlari tarixida eng ko‘p gol urgan futbolchi hisoblanadi — uning hisobida 21 ta gol bor. U golli uzatmalar soni bo‘yicha ham rekordchi: terma jamoa safida jahon chempionatlarida 12 marta hal qiluvchi pas bergan. 2026 yildgi jahon chempionatining finalida Argentina milliy terma jamoasi Ispaniya bilan kuch sinashadi. Hal qiluvchi bellashuvda Lionel Messi yana bir necha rekordlarini yangilashi mumkin.","Argentina sardori Lionel Messi jahon chempionatlari tarixida yana rekord o'rnatdi. 39 yoshli yulduz Angliyaga qarshi yarim finalda o'ynab, mundialda 33-o'yinini o'tkazdi — bu tarixdagi eng ko'p o'yin ko'rsatkichi bo'lib, Ronaldu (27) va Matteusdan (25) ancha oldinda. Messi shuningdek eng ko'p gol urgan (21 ta) va eng ko'p golli uzatma bergan (12 ta) futbolchi hisoblanadi. Finalda Argentina Ispaniya bilan o'ynaydi va Messi yana rekord yangilashi mumkin."
"«Real» «Barselona» yulduzi va Ispaniya terma jamoasi qahramoniga ko‘z tikdi «Barselona» hujumchisi Ferran Torres «Real» skautlari diqqat markaziga tushdi. Madrid klubi ispaniyalik futbolchini oʻz safiga qoʻshib olish imkoniyatini oʻrganayotgani haqida Marca nashri xabar bermoqda. Manbaga koʻra, «Real» rahbariyati Torresning «Barselona»dagi holatini yaqinidan kuzatib bormoqda. Ilgariroq kataloniyaliklar yozgi transfer oynasidan foydalanib, ispaniyalik hujumchini sotishni rejalashtirayotgani haqida maʼlumotlar paydo boʻlgan edi. Eslatib oʻtamiz, Ferran Torres JCh-2026da Ispaniya terma jamoasining asosiy qahramonlaridan biriga aylandi. U mundial finalida hal qiluvchi gol muallifi boʻlib, jamoasiga gʻalaba keltirgan edi.","«Barselona» hujumchisi Ferran Torres «Real Madrid» skautlari e'tiborida. Marca xabariga ko'ra, «Real» uni o'z safiga qo'shib olish imkoniyatini o'rganmoqda va uning «Barselona»dagi holatini kuzatmoqda. Ilgari «Barselona»ning uni sotishni rejalashtirayotgani haqida ham xabarlar bo'lgan. Torres JCh-2026 finalida hal qiluvchi golni urib, Ispaniyaga g'alaba keltirgan edi."
Germaniya terma jamoasi jahon chempionatida omadsiz ishtirok etdi. Bundestim musobaqani 1/16 finaldayoq tark etdi. Muvaffaqiyatsiz ishtirokdan so‘ng Yulian Nagelsmann bilan hamkorlik to‘xtatildi va milliy jamoa bosh murabbiyi lavozimi bo‘sh qolgan edi.,"Germaniya jahon chempionatida omadsiz ishtirok etib, 1/16 finalda chiqib ketdi. Shundan so'ng bosh murabbiy Yulian Nagelsmann bilan hamkorlik to'xtatildi va lavozim bo'sh qoldi."
"Messi: Bolaligimdan tushundimki, inson ko‘proq mag‘lubiyatni, kamroq g‘alabani ko‘radi Argentina terma jamoasi yetakchisi, 39 yoshli hujumchi Lionel Messi bolaligidan futbol orqali qanday hayotiy saboq olgani haqida gapirib berdi. «Bolaligimizdanoq katta ishtiyoq va havas bilan futbol o‘ynardik — maktabda, ko‘chada, mahallamizda. Hech qachon bosim haqida o‘ylamasdik. Futbol — jamoaviy o‘yin, raqib ham har doim g‘alaba qozonishni istaydi. Har doim ham yuta olmaysan. Men juda erta tushundimki, inson ko‘proq mag‘lubiyatni, kamroq g‘alabani ko‘radi. Shu narsa mening shaxs sifatida va futbolchi sifatida shakllanishimga yordam berdi», — dedi Messi Fanatics Fest tadbirida. Yakshanba, 19 iyul kuni Argentina terma jamoasi jahon chempionati finalida ikkinchi bor ketma-ket maydonga tushadi — bu safar raqib Ispaniya terma jamoasi bo‘ladi.","Argentina hujumchisi Lionel Messi bolaligidan futbol orqali olgan hayotiy saboqlari haqida gapirdi. Uning aytishicha, bolaligida ular ishtiyoq bilan o'ynagan va bosim haqida o'ylamagan. U futbol jamoaviy o'yin ekanini, har doim yutib bo'lmasligini va inson ko'proq mag'lubiyat, kamroq g'alaba ko'rishini erta anglaganini aytdi — bu uni shaxs va futbolchi sifatida shakllantirgan. 19 iyulda Argentina jahon chempionati finalida ikkinchi marta ketma-ket Ispaniyaga qarshi o'ynaydi."
"Ispaniya terma jamoasi oʻyinchisi oʻzini ""Real""ga taklif qildi «Atletik» Bilbayo va Ispaniya terma jamoasi markaziy himoyachisi Emerik Laport Madriddning «Real» klubiga o‘tishga tayyor. Jurnalist Migel Serranoning xabar berishicha, 32 yoshli futbolchi «qirollik klubi»ga o‘z nomzodini taklif qilgan. «Atletik» tajribali markaziy himoyachi uchun taxminan 25 million yevro talab qilmoqda. Biroq ma’lumotlarga ko‘ra, «Real» rahbariyati hozircha bunday transfer variantni jiddiy ko‘rib chiqayotgani yo‘q. Avvalroq Emerik Laportga La Liganing yana bir grandi – «Barselona» tomonidan ham qiziqish bildirilgani haqida xabarlar tarqalgan edi. 19 iyul kuni futbolchi Ispaniya terma jamoasi tarkibida jahon chempioni bo‘lishi mumkin – finalda raqib Argentina terma jamoasi bo‘ladi.","«Atletik» Bilbao va Ispaniya himoyachisi Emerik Laport «Real Madrid»ga o'tishga tayyor va o'z nomzodini taklif qilgan. Bu haqida jurnalist Migel Serrano xabar berdi. «Atletik» uning uchun 25 million yevro talab qilmoqda, ammo «Real» hozircha bu variantni jiddiy ko'rib chiqmayapti. Ilgari «Barselona» ham unga qiziqish bildirgan edi. 19 iyulda Laport Ispaniya bilan jahon chempioni bo'lishi mumkin — finalda raqib Argentina."
"Argentina katta tavakkal bilan, yuqori sur’atda o‘ynay boshladi, ularda yo‘qotadigan hech narsa qolmagandek tuyulardi. Shu hissiyot ularni erkinlashtirdi va bizga bosimni oshirib, orqaga chekinishga majbur qildi. Bu qaror uchun javobgarlik murabbiy zimmasida», – deya tushuntirdi Tuxel. Tuxel Angliya terma jamoasini 2025 yil 1 yanvardan boshlab boshqarmoqda. Uning shartnomasi 2028 yilda Buyuk Britaniyada o‘tadigan Yevropa chempionati yakunlanguniga qadar amal qiladi.","Tuxelning aytishicha, Argentina yo'qotadigan hech narsasi yo'qdek yuqori sur'atda o'ynay boshlagan, bu ularni erkinlashtirib, Angliyani orqaga chekinishga majbur qilgan — va bu qaror uchun javobgarlik o'zida. Tuxel Angliyani 2025 yil 1 yanvardan boshqarmoqda, shartnomasi 2028 yilgi Yevropa chempionati tugaguncha amal qiladi."
"Bellingem ""JCh-2026"" yarim finalida Argentinga mag‘lubiyat uchun muxlislardan uzr so‘radi Angliya terma jamoasi yarimhimoyachisi Jud Bellingem JCh–2026 yarim finalida Argentinga qarshi o‘yindagi mag‘lubiyat uchun muxlislardan uzr so‘radi. Bellingemning aytishicha, bu mag‘lubiyat uni juda ranjitgan. U o‘zini nihoyat jahon chempionati finaliga yo‘l oladigan Angliya terma jamoasining bir qismi sifatida ko‘rishni istaganini ta’kidladi. «Yana bir bor muxlislardan omadsiz ishtirok uchun uzr so‘rashga to‘g‘ri kelayotganini meni butunlay ezib qo‘ydi. Bizni kechiring», — deya Bellingem so‘zlarini jurnalist Fabrizio Romano keltirgan. Eslatib o‘tamiz, Angliya yarim finalda Argentinga 1:2 hisobida mag‘lub bo‘ldi, garchi o‘yinda hisobni inglizlar ochgan edi. Bellingem butun o‘yinni maydonda o‘tkazdi, ammo gol yoki golli pas bilan ajralib tura olmadi. Uchinchi o‘rin uchun bahsda Tomas Tuxel shogirdlari Frantsiya terma jamoasiga qarshi maydonga tushadi.","Angliya yarim himoyachisi Jud Bellingem JCh-2026 yarim finalida Argentinaga yutqazgani uchun muxlislardan uzr so'radi. Uning aytishicha, bu mag'lubiyat uni juda ranjitgan, chunki u jamoani finalga olib borishni orzu qilgan edi. Angliya yarim finalda 1:2 hisobida yutqazgan, garchi hisobni o'zi ochgan bo'lsa ham. Bellingem butun o'yinni o'ynadi, ammo gol yoki golli pas bera olmadi. Angliya endi uchinchi o'rin uchun Fransiyaga qarshi o'ynaydi."
"APLning uch etakchi klubi Shelderupni kuzatmoqda «Benfika» va Norvegiya terma jamoasi vingeri Andreas Shelderup yaqin vaqtlarda Angliya premyer-ligasiga yo‘l olishi mumkin. Bu haqida portugal nashri A BOLA xabar berdi. Manba ma’lumotiga ko‘ra, 22 yoshli futbolchiga «Liverpul», «Chelsi» va «Tottenxem» klublari jiddiy qiziqish bildirmoqda. Shelderupning o‘zi ham 2026 yildagi jahon chempionatidagi muvaffaqiyatli o‘yinlaridan so‘ng karyerasini yangi bosqichga olib chiqishga tayyor ekani aytilmoqda. Xabarga ko‘ra, «Benfika» yosh vinger uchun kamida 40 million yevro talab qiladi. Bu narx futbolchining amaldagi shartnomasi yana ikki yilga mo‘ljallanganiga qaramasdan qo‘yilgan. 2025/26 yildagi mavsumda Shelderup barcha musobaqalar hisobga olingan holda 43 ta o‘yinda maydonga tushib, 10 ta gol urdi va 7 ta golli uzatma muallifiga aylandi.","«Benfika» va Norvegiya vingeri Andreas Shelderup Angliya premyer-ligasiga o'tishi mumkin. A BOLA xabariga ko'ra, unga «Liverpul», «Chelsi» va «Tottenxem» qiziqish bildirmoqda. 22 yoshli futbolchi 2026 jahon chempionatidagi muvaffaqiyatli o'yinlaridan so'ng karyerasini yangi bosqichga olib chiqishga tayyor. «Benfika» uning uchun kamida 40 million yevro talab qilmoqda, garchi shartnomasi yana ikki yilga amal qilsa ham. O'tgan mavsumda u 43 o'yin o'tkazib, 10 gol urgan va 7 golli uzatma bergan."
"Tezkor! Premier-liga klubi o‘zbek futbolchisiga uzoq muddatli shartnoma taklif qildi Rossiya Premier-ligasida ishtirok etayotgan Qozonning «Rubin» jamoasi Samarqandning «Dinamo» klubi va O‘zbekiston milliy terma jamoasi markaziy himoyachisi Jahongir O‘rozovga jiddiy qiziqish bildirmoqda, deb xabar bermoqda Sport24.ru nashri. Manba ma’lumotiga ko‘ra, Rossiya klubi 22 yoshli futbolchiga to‘rt yillik shartnoma taklif etgan. Hozircha «Rubin» va «Dinamo» rahbariyati o‘rtasida transfer mablag‘i bo‘yicha muzokaralar davom etmoqda. O‘rozov so‘nggi yillarda o‘zbek futbolida yetishib chiqqan eng istiqbolli markaziy himoyachilardan biri sifatida ko‘rilmoqda. 190 santimetr bo‘yga ega futbolchi havodagi kurashlarda ishonchli o‘ynaydi, o‘yinni yaxshi his qiladi va maydonning chuqur qismidan turib jamoasi hujumlarini boshlab berishga qodir. Joriy mavsumda u Samarqandning «Dinamo» tarkibida 11 o‘yin o‘tkazdi va bir marta sariq kartochka oldi.","Rossiyaning «Rubin» klubi Samarqand «Dinamo»si va O'zbekiston terma jamoasi himoyachisi Jahongir O'rozovga qiziqish bildirmoqda. Bu haqida Sport24.ru xabar berdi. «Rubin» 22 yoshli futbolchiga to'rt yillik shartnoma taklif etgan, klublar hozir transfer summasi bo'yicha muzokara olib bormoqda. O'rozov o'zbek futbolining istiqbolli himoyachilaridan biri hisoblanadi — 190 sm bo'yli, havodagi kurashlarda ishonchli va hujumni boshlab bera oladi. Joriy mavsumda u «Dinamo»da 11 o'yin o'tkazgan."
"Shu bilan birga, u ushbu ikki sifatni shunchalik muvozanatlashtirganki, bugun u dunyoning eng yaxshi himoyachilari qatoriga kiradi. Siz o‘zbekistonlik futbolchini 16 yoshidan bilasiz. Keng jamoatchilik bilmaydigan kuchli jihatlarini ochib bersangiz. - Men doim futbolchilar yaratilishini tushuntiraman. Ular qaysi chempionatda o‘ynashi muhim emas. Muhimi – ularning mavjud sifatlari. Abduqodirda ikki sifat eng yuqori darajada rivojlangan: birinchisi – ichki o‘zak, ya’ni xarakter, aynan shu narsa bizning yigitlarga yetishmaydi. Ikkinchisi esa, uning o‘rganish qobiliyatining fantastik darajada ekanidir. Men nima demoqchi ekanimni chuqur tushunish kerak. - Demak, sizni to‘g‘ri tushunsam, Belarusda ham shunday iqtidolar yetarlicha, ammo ularga mehnatsevarlik yetishmaydimi? Ular juda erkami? - Ha, ko‘p hollarda, xuddi shunday.","Murabbiyning aytishicha, u Abduqodirni 16 yoshidan biladi va futbolchida ikki sifat eng yuqori darajada rivojlangan: xarakter va o'rganish qobiliyati. Uning fikricha, futbolchi qaysi chempionatda o'ynashidan qat'i nazar, muhimi uning sifatlaridir. Suhbatdosh Belarusda ham iqtidor yetarli, lekin mehnatsevarlik yetishmasligini so'raganda, murabbiy ko'p hollarda shunday ekanini tasdiqladi."
"Bellingem Messidan hayratda qoldi Angliya terma jamoasi yarim himoyachisi Jud Bellingem Argentinga qarshi o‘yin (1:2)dan so‘ng Lionel Messi haqida fikr bildirdi. - Aytish kerakki, 39–40 yoshda ham bunday darajada o‘ynash – bu haqiqatan ham aql bovar qilmas holat. Odamlar uni televizor orqali ko‘rib, uning qay darajada kuchli ekanini tushundim, deb o‘ylashadi. Lekin maydonda unga qarshi o‘ynasangiz, bu mutlaqo boshqacha tuyg‘u. Men bu yoshda bunday aql bilan harakat qiladigan, shunchalik sokin o‘ynaydigan futbolchini hech qachon ko‘rmaganman. U ortiqcha kuch sarflamaydi, o‘yin sur’atini o‘zi boshqaradi. Agar men bu kechagacha Messini hurmat qilgan bo‘lsam, endi unga bo‘lgan hurmatim yanada ortadi. U bilan bir maydonda to‘p surish insonga uning qay darajada o‘ziga xos futbolchi ekanini yana bir bor anglatadi, — deya Bellingemning so‘zlarini SethOfficial nashri keltiradi.","Angliya yarim himoyachisi Jud Bellingem Argentinaga 1:2 yutqazgan o'yindan so'ng Lionel Messi haqida gapirdi. Uning aytishicha, Messining 39-40 yoshda ham shunday darajada o'ynashi aql bovar qilmaydi. U maydonda unga qarshi o'ynab, Messining haqiqiy kuchini his qilgan — u ortiqcha kuch sarflamay, o'yin sur'atini o'zi boshqaradi. Bellingem Messiga bo'lgan hurmati endi yanada oshganini aytdi."
"Keyn Angliyaning Argentinga mag‘lubiyati sababini aytdi Hujumchi jamoa finalga chiqish imkoniyatini qoʻldan boy berganidan keyin butun tarkib juda ogʻir holatni boshdan kechirayotganini tan oldi. - Ham futbolchilar, ham murabbiylar shtabi, ham muxlislar ruhan juda charchab qoldik. Oʻyinning katta qismida yaxshi harakat qildik. Lekin hisobni 1:0 qila olganimizdan keyin orqa chiziqqa juda qattiq chekinib qoldik, bunday darajada bu yetarli emas. Bu yergacha yetib kelish uchun ulkan mehnat qildik. Yigitlar maydonda bor kuchini berdi, shuning uchun bunday tarzda magʻlubiyatni qabul qilish juda ogʻir, - deya Keyinning soʻzlarini FIFA matbuot xizmati keltiradi. Endilikda Angliya terma jamoasi uchinchi oʻrin uchun bahsda Fransiyaga qarshi maydonga tushadi.","Garri Keyn jamoa finalga chiqish imkoniyatini yo'qotgach, butun tarkib og'ir holatda ekanini aytdi. Uning so'zlariga ko'ra, futbolchilar, murabbiylar va muxlislar ruhan charchagan. Jamoa 1:0 hisobga chiqqach, orqaga qattiq chekingan va bu yetarli bo'lmagan. Keyn jamoaning bor kuchini berganini, shuning uchun mag'lubiyatni qabul qilish og'irligini ta'kidladi. Angliya endi uchinchi o'rin uchun Fransiyaga qarshi o'ynaydi."
"O‘tgan mavsumda Foden Angliya chempionati doirasida 33 o‘yinda maydonga tushib, 7 ta gol urdi va 5 ta golli uzatma muallifiga aylandi.","O'tgan mavsumda Foden Angliya chempionatida 33 o'yin o'tkazib, 7 gol urdi va 5 golli uzatma berdi."
"Ispaniyaning g‘alabasi murabbiyni rekordchiga aylantirdi 2026 yilgi jahon chempionati finalida Ispaniya milliy terma jamoasi qo‘shimcha taymda gol urib, amaldagi chempion Argentinani 1:0 hisobida mag‘lubiyatga uchratdi. Ispanlarning g‘alabasi jamoa bosh murabbiyi Luis de la Fuente uchun ham tarixiy natija bo‘ldi. U 65 yoshida jahon chempionligini qo‘lga kiritib, mazkur sovrinni yutib olgan eng yoshi katta murabbiyga aylandi. Bungacha rekord yana bir ispaniyalik mutaxassis Visente del Boskega tegishli edi. U 2010 yilda Ispaniyani 59 yoshida jahon chempioni qilgan.","2026 yilgi jahon chempionati finalida Ispaniya qo'shimcha vaqtda Argentinani 1:0 yengdi. Bu g'alaba bosh murabbiy Luis de la Fuente uchun ham tarixiy bo'ldi — u 65 yoshida jahon chempioni bo'lgan eng yoshi katta murabbiyga aylandi. Avvalgi rekord ispaniyalik Visente del Boskega tegishli edi, u 2010 yilda Ispaniyani 59 yoshida chempion qilgan."
"O‘zbekistonning mundialdagi ishtiroki qanday baholandi? Sankt-Peterburgning «Zenit» klubi va Qozog‘iston terma jamoasi himoyachisi Nurali Alip O‘zbekiston futbolchilarining 2026 yildagi jahon chempionatidagi tarixiy ishtirokini yuqori baholadi, deb xabar bermoqda Sports.kz sayti Rossiyaning «Match TV»ga tayangan holda. - O‘zbekiston milliy terma jamoasini kuzatib bordim. O‘ylaymanki, ularning 2026 yildagi jahon chempionatining guruh bosqichiga yo‘l olishining o‘zi katta yutuq, — dedi Nurali Alip. Ma’lumki, O‘zbekiston terma jamoasi o‘z tarixida ilk bor jahon chempionati guruh bosqichiga chiqdi. Musobaqa AQSh, Kanada va Meksika maydonlarida o‘tkazildi. Shuningdek, Qozog‘iston terma jamoasi a’zosi bo‘lgan himoyachi «Zenit»dagi jamoadoshlari — Braziliya terma jamoasi safida 1/8 finalgacha yetib borgan Duglas Santos va Luis Enrique o‘yinlari haqida ham fikr bildirdi.","«Zenit» va Qozog'iston himoyachisi Nurali Alip O'zbekiston futbolchilarining 2026 jahon chempionatidagi ishtirokini yuqori baholadi. Uning aytishicha, O'zbekiston terma jamoasining guruh bosqichiga chiqishining o'zi katta yutuq. Bu O'zbekiston tarixida jahon chempionati guruh bosqichiga birinchi chiqish edi. Alip shuningdek «Zenit»dagi jamoadoshlari — Braziliya bilan 1/8 finalgacha yetgan Duglas Santos va Luis Enrikening o'yinlari haqida ham fikr bildirdi."
"OAV maʼlumotlariga koʻra, shaharda ham, stadion atrofida ham argentinalik muxlislar soni ispan fanatlaridan ancha ustun boʻlishi kutilmoqda. Jahon chempionati‑2026 final bahsi Ispaniya — Argentina 19 iyul kuni Ist‑Raterforddagi «Metlayf» stadionida oʻtkaziladi. oʻyin boshlanishi Toshkent vaqti bilan soat 00:00 ga belgilangan.","OAV ma'lumotiga ko'ra, stadion atrofida argentinalik muxlislar soni ispanlarnikidan ancha ko'p bo'lishi kutilmoqda. Jahon chempionati-2026 finali Ispaniya — Argentina 19 iyul kuni Ist-Raterforddagi «Metlayf» stadionida, Toshkent vaqti bilan soat 00:00 da o'tkaziladi."
"Tuxelning qarori Angliya futbolchilarini hayron qoldirdi Angliya terma jamoasining ayrim futbolchilari bosh murabbiy Tomas Tuxelning qaroriga hayron qolgan. Unga ko‘ra, jamoa Argentina darvozasiga hujumni davom etmasdan, hisobda oldinga chiqqach, orqa chiziqqa chekinib o‘ynashga o‘tgan. Bu haqida The Telegraph nashri xabar berdi. Manba ma’lumotiga ko‘ra, Angliya terma jamoasi futbolchilari o‘zlari Argentinani mag‘lub etishga qodir bo‘lganini ta’kidlamoqda. Ularning fikricha, maydonda tezkor futbolchilar ko‘proq bo‘lganda, «uch sherlar» qarshi hujumlar orqali raqib darvozasiga ikkinchi golni ham urishi mumkin edi. Amo Tuxel 72-daqiqadan 82-daqiqagacha bo‘lgan oraliqda maydonga uch nafar himoyachini tushirgan. Bronza medallari uchun bahsda Angliya terma jamoasi Fransiyaga qarshi maydonga tushadi. Uchrashuv 19 iyul kuni Mayamidagi «Xard Rok» stadionida bo‘lib o‘tadi.","Angliya futbolchilarining bir qismi bosh murabbiy Tomas Tuxelning Argentina ustidan hisobda oldinga chiqqach hujumni davom ettirmay, himoyaga o'tish qaroriga hayron qolgan. The Telegraph xabariga ko'ra, futbolchilar o'zlari Argentinani yengishga qodir bo'lganini aytmoqda — agar tezkor futbolchilar ko'proq bo'lganida, ikkinchi golni ham urishlari mumkin edi. Ammo Tuxel 72-82-daqiqalar oralig'ida yana uch himoyachini kiritgan. Angliya uchinchi o'rin uchun 19 iyulda Mayamida Fransiyaga qarshi o'ynaydi."
"""Orollar — bizniki"". Argentina oʻyinchilari Angliya ustidan gʻalabadan soʻng provokatsion plakat koʻtarishdi Jahon chempionati yarim finalida Angliyani 2:1 hisobida mag‘lub etgan Argentina terma jamoasi o‘yindan so‘ng maydonga bahsli shior yozilgan banner olib chiqdi. Bannerda Malvin (Folkland) orollari Argentinga tegishli ekani haqidagi da’vo yozilgan edi. Ushbu orollar atrofidagi hududiy nizo o‘nlab yillardan beri Argentina va Buyuk Britaniya o‘rtasida davom etmoqda. Hozirda arxipelag rasmiy Buyuk Britaniya tarkibiga kiradi. 1982 yilda aynan shu orollar uchun Folkland urushi bo‘lib o‘tgan, u Argentina kapitulyatsiyasi bilan yakunlangan edi. Agar Argentina finalda Ispaniyani mag‘lub etsa, o‘z tarixida to‘rtinchi marta jahon chempioniga aylanadi. Bu borada mutlaq rekord Braziliyaga tegishli — ushbu terma jamoa besh marta jahon chempionligini qo‘lga kiritgan. Germaniya va Italiya terma jamoalari hisobida esa to‘rtta chempionlik mavjud.","Argentina Angliyani jahon chempionati yarim finalida 2:1 yengib, maydonga Malvin (Folklend) orollari Argentinaga tegishli degan bahsli banner olib chiqdi. Bu orollar bo'yicha hududiy nizo Argentina va Buyuk Britaniya o'rtasida ko'p yillardir davom etmoqda; hozir orollar rasmiy ravishda Britaniya tarkibida, 1982 yilda ular uchun urush bo'lib, Argentina yutqazgan edi. Argentina finalda Ispaniyani yengsa, tarixida to'rtinchi marta chempion bo'ladi. Rekord Braziliyaga tegishli — besh marta chempion."
"Belgiya 2026 yil jahon chempionatidan keyin yangi bosh murabbiyni tayinladi Belgiya terma jamoasi futbol bo‘yicha 2026 yildgi jahon chempionati yakunlangandan so‘ng yangi bosh murabbiy nomini ma’lum qildi. Musobaqa AQSh, Meksika va Kanada hududlarida o‘tkazilgan edi. Jurnalist va insayder Fabrizio Romanoning X ijtimoiy tarmog‘ida yozishicha, Mark van Bommel Belgiya terma jamoasining yangi bosh murabbiyi etib tayinlanadi. «Mark van Bommel Belgiya terma jamoasining yangi bosh murabbiyi etib tayinlandi. U bilan shartnoma 2028 yil iyunigacha mo‘ljallangan, u Rudi Garsiya o‘rnini egallashga tayyor. Hujjatlar imzolash jarayoni hali to‘liq yakunlanmadi, ammo barcha tomonlar kelishuvga erishgan», — deya ta’kidlaydi Romano. Eslatib o‘tamiz, 2026 yildgi jahon chempionatida fransuz mutaxassisi Rudi Garsiya boshqaruvidagi Belgiya terma jamoasi chorak finalgacha yetib borgan edi.","Belgiya terma jamoasi 2026 jahon chempionati tugagach yangi bosh murabbiyni ma'lum qildi. Jurnalist Fabrizio Romano xabariga ko'ra, bu Mark van Bommel bo'ladi — u Rudi Garsiya o'rnini egallaydi, shartnoma 2028 yil iyungacha. Hujjatlar hali to'liq imzolanmagan, ammo tomonlar kelishib olgan. Garsiya boshchiligidagi Belgiya 2026 jahon chempionatida chorak finalgacha yetib borgan edi."
"Paredes Argentina va Britaniya oʻrtasidagi hududiy nizo haqida fikr bildirdi Argentina terma jamoasi yarimhimoyachisi Leandro Paredes Angliyaga qarshi o‘yindan so‘ng Malvin orollari haqidagi banner yuzasidan fikr bildirdi. Unga ko‘ra, ushbu orollar har doim Argentina hududi hisoblanadi. Paredesning intervyudan parcha El Destape nashri tomonidan e’lon qilindi. «“Malvinas – argentinskimi?” degan yozuvli bannermi? Ular har doim argentinaniki bo‘lib qoladi», – dedi Paredes. Argentina terma jamoasi jahon chempionati yarimfinalida Angliya ustidan qozongan g‘alabani aynan shu shior tushirilgan banner bilan nishonlagan. Unda «Malvinas – argentinskimi» degan ibora yozilgan edi. Shu harakati uchun argentinalik futbolchilar turli jazolarga – jarimadan tortib futbol bilan bog‘liq har qanday faoliyatni taqiqlashgacha duch kelishi mumkin.","Argentina yarim himoyachisi Leandro Paredes Angliya ustidan g'alabadan so'ng ko'tarilgan Malvin orollari haqidagi bannerga munosabat bildirib, bu orollar har doim Argentinaniki bo'lib qolishini aytdi. Bu haqida El Destape xabar berdi. Argentina o'yindan keyin xuddi shu shior bilan g'alabani nishonlagan edi. Bu harakat uchun futbolchilar jarimadan tortib faoliyat taqiqigacha jazoga uchrashi mumkin."
"Argentina jahon chempionati finalida yettinchi marta o‘ynaydi Argentina terma jamoasi jahon chempionati finaliga yettinchi bor yo‘l oldi. Ilgari o‘tkazilgan olti finalning uchtasida g‘alaba qozongan, uchtasida esa mag‘lub bo‘lgan. Argentinaliklar ilk bor 1930 yilda finalda maydonga tushib, Urugvayga yutqazgan. Keyingi bor ular 1978 yilda hal qiluvchi bahsgacha yetib borishdi va bu safar Niderlandiya termasini mag‘lub etib, o‘z tarixidagi ilk jahon chempioni unvonini qo‘lga kiritishdi. 1986 yilda esa Argentina yana bir bor qit’a qit’a jamoalaridan ustun kelib, FRG ustidan g‘alaba qozondi. Ammo oradan to‘rt yil o‘tib, 1990 yil finalida aynan shu nemislardan mag‘lubiyatga uchradi. 2014 yilda Argentina yana finalgacha yetib bordi, ammo bu gal ham Germaniya terma jamoasi to‘siqqa aylandi.","Argentina jahon chempionati finaliga yettinchi marta chiqdi. Oldingi olti finalning uchtasida g'olib, uchtasida mag'lub bo'lgan. Birinchi marta 1930 yilda Urugvayga yutqazgan. 1978 yilda Niderlandiyani yengib, ilk chempionlikni qo'lga kiritgan. 1986 yilda FRGni yengib, 1990 yilda esa aynan Germaniyaga yutqazgan. 2014 yilda ham finalga chiqib, yana Germaniyaga mag'lub bo'lgan."
"Endi nima bo‘ladi? Mbappe Ispaniyaga qarshi o‘yinga tiklanib ulgurmadi Frantsiya terma jamoasi hujumchisi Kilian Mbappe 2026 yildgi jahon chempionati yarim finalida Ispaniyaga qarshi o‘yingacha to‘liq sog‘ayishga ulgurmadi, deya xabar bermoqda RMC Sport. Marokashga qarshi bahsda olgan jarohati – o‘ng tovondagi dard hali ham uni bezovta qilmoqda. Shu bois Mbappe jamoadan alohida mashg‘ulot o‘tkazdi, to‘p bilan ishlamadi. Shunga qaramay, u start tarkibdan joy olishi kutilmoqda. Frantsiya terma jamoasi bosh murabbiyi Didye Desham Mbappenning jismoniy holati borasidagi xavotirlarga qaramasdan, uni yarim finalda maydonga tushishiga ishonch bildirdi. Hujumchi Marokashga qarshi 1/4 final uchrashuvining 77-daqiqasida almashtirilgan edi. O‘sha o‘yinda Frantsiya 2:0 hisobida g‘alaba qozongan, Mbappe esa «tovondagi engil jarohat» sabab o‘yinni oxirigacha davom ettira olmagandi.","Fransiya hujumchisi Kilian Mbappe 2026 jahon chempionati yarim finaligacha to'liq sog'ayolmadi. RMC Sport xabariga ko'ra, Marokashga qarshi olgan tovon jarohati hali bezovta qilmoqda, shu sabab u alohida mashq qildi. Shunga qaramay, u start tarkibda o'ynashi kutilmoqda — murabbiy Didye Desham unga ishonch bildirdi. Mbappe Marokash bilan 1/4 finalda 77-daqiqada almashtirilgan edi, o'sha o'yinda Fransiya 2:0 g'alaba qozongan."
"""Manchester Siti"" darvozaboni faoliyatini Angliyaning boshqa klubida davom ettirishi mumkin ""Lids"" Jeyms Trafford boʻyicha ""Manchester Siti"" bilan muzokaralar olib bormoqda. 23 yoshli angliyalik posbon klubning yozgi transfer oynasidagi asosiy nomzodi sifatida koʻrilyapti. Maʼlumotlarga koʻra, Traffordga bu yozda ""Nyukasl"" va ""Aston Villa"" ham qiziqish bildirgan. Biroq aynan ""Lids"" uni qoʻlga kiritish boʻyicha favoritga aylangan jamoa sifatida aylandi, deya xabar berdi ""Sky Sports"" nashri. Jeyms 2025/26 yildgi mavsumda ""Manchester Siti"" safida 17 oʻyinda maydonga tushib, sakkiz bor darvozasini daxlsiz saqlab qolishga muvaffaq boʻldi. U bundan oldin ""Börnli""dan manchesterliklar safiga qaytib kelgan edi. Shundan soʻng darvozabon Angliya terma jamoasi tarkibida 2026 yildgi Jahon chempionatiga yoʻl oldi, ammo Tomas Tuxel boshqaruvidagi jamoada maydonga tushish imkoniyatiga ega boʻlmadi.","«Lids» «Manchester Siti» darvozaboni Jeyms Trafford bo'yicha muzokara olib bormoqda. 23 yoshli futbolchiga «Nyukasl» va «Aston Villa» ham qiziqqan, ammo Sky Sports xabariga ko'ra «Lids» favorit hisoblanadi. Trafford o'tgan mavsumda «Siti»da 17 o'yin o'tkazib, sakkiz marta darvozasini daxlsiz saqlagan. U 2026 jahon chempionatida Angliya bilan bo'lgan, ammo maydonga tushmagan."
"Argentina terma jamoasi mag‘lubiyatdan so‘ng Messiga murojaat qildi 2026 yildgi jahon chempionati finalida Ispaniyaga (0:1) mag‘lub bo‘lganiidan so‘ng Argentina terma jamoasi o‘zining ijtimoiy tarmoqlardagi sahifalarida jamoa sardori Lionel Messiga bag‘ishlangan maxsus post e’lon qildi. 39 yoshli futbolchi sovrin topshirish marosimida ko‘z yoshlarini tiya olmadi. - Sening ko‘z yoshlaring — bizning ko‘z yoshlarimiz, kapitan. Sen bizga hayotimizning eng yorqin daqiqalarini hadya etdin. Sadoqating, maydondagi o‘yining va oxirgi soniyagacha kurashganing uchun minnatdormiz. Biz seni abadiy sevamiz, Leo, — deya qayd etilgan Argentina terma jamoasining rasmiy sahifasida. Shu tariqa Argentina jahon chempioni maqomini boshqa jamoaga topshirib, musobaqani kumush medallar bilan yakunladi. Ispaniya esa o‘z tarixida terma jamoalar o‘rtasidagi eng nufuzli musobaqada ikkinchi bor chempionlikni qo‘lga kiritdi. Ispanlar ilk marta jahon chempioni unvonini 2010 yilda qo‘lga kiritgan edi.","2026 jahon chempionati finalida Ispaniyaga 0:1 yutqazgach, Argentina terma jamoasi ijtimoiy tarmoqda sardori Lionel Messiga bag'ishlangan post joyladi. 39 yoshli Messi sovrin topshirish marosimida ko'z yoshini tiya olmadi. Jamoa uni sadoqati va oxirigacha kurashgani uchun minnatdorchilik bildirdi. Argentina kumush medal bilan yakunladi, Ispaniya esa 2010 yildan keyin ikkinchi marta jahon chempioni bo'ldi."
"Enso Fernandez «Real» rad etganidan so‘ng La Liganing boshqa klubiga o‘tishi mumkin «Chelsi» yarim himoyachisi Enzo Fernandez yozgi transfer oynasining eng qiziqarli mavzularidan biriga aylandi. Argentina terma jamoasi a’zosi endi «Atletiko» safida paydo bo‘lishi mumkin. Jurnalist Saymon Fillips xabariga ko‘ra, Madriddning «Atletiko» jamoasi shu yozda Enconi sotib olish imkoniyatini jiddiy o‘rganmoqda. Ma’lumotlarga qaraganda, yulduz himoyachi yarim maydonchi «Chelsi»ni tark etish tarafdori va Ispaniyaga, aniqrog‘i, «Atletiko»ga o‘tish g‘oyasini qo‘llab-quvvatlamoqda. Biroq asosiy to‘siq – transfer narxi. London klubi 25 yoshli futbolchi uchun taxminan 120 million funt sterling (140 million yevro atrofida) talab qilishi kutilmoqda. Bunday summa hatto Yevropa grantlari uchun ham jiddiy moliyaviy yuk hisoblanadi.","«Chelsi» yarim himoyachisi Enzo Fernandes La Liganing «Atletiko» klubiga o'tishi mumkin. Jurnalist Saymon Fillips xabariga ko'ra, «Atletiko» uni sotib olish imkoniyatini o'rganmoqda va futbolchining o'zi ham bu o'tishni qo'llab-quvvatlamoqda. Asosiy to'siq — narx: «Chelsi» taxminan 120 million funt (140 million yevro) talab qilishi kutilmoqda, bu hatto yirik klublar uchun ham katta summa."
"Runi Angliya terma jamoasining Argentinga mag‘lubiyatida aybdorni aytdi «Manchester Yunayted» sobiq yulduzi Ueyn Runi Angliya terma jamoasining chempionat yarim finalida Argentinga qarshi kechgan o‘yindagi mag‘lubiyati haqida fikr bildirdi. Eslatib o‘tamiz, Angliya yarim finalda Argentinga 1:2 hisobida yutqazdi. Holbuki, inglizlar 85-daqiqaga qadar bir to‘p farqi bilan oldinda borayotgan edi. «Menimcha, Tomas Tuxel qabul qilgan qarorlar — va buni ochiq tan olishimiz kerak — bugungi o‘yindan ayirdi», — dedi Runi BBC efirida. Shuningdek, Angliya terma jamoasi uchinchi o‘rin uchun bahsda Fransiyaga qarshi maydonga tushadi. Fransiya yarim finalda Ispaniyaga 0:2 hisobida mag‘lub bo‘lgan edi.","«Manchester Yunayted»ning sobiq yulduzi Ueyn Runi Angliyaning Argentinaga yarim finalda yutqazgani haqida fikr bildirdi. Angliya 1:2 yutqazgan, garchi 85-daqiqagacha oldinda bo'lgan bo'lsa ham. Runining aytishicha, bosh murabbiy Tomas Tuxelning qarorlari jamoani g'alabadan ayirdi. Angliya endi uchinchi o'rin uchun, Ispaniyaga 0:2 yutqazgan Fransiyaga qarshi o'ynaydi."
"KONMEBOL prezidenti ""JCH-2030""da 64 ta jamoa ishtirok etishini e’lon qildi Janubiy Amerika futbol konfederatsiyasi (KONMEBOL) prezidenti Alejandro Dominges 2030 yildgi jahon chempionati 64 ta terma jamoa ishtirokida o‘tkazilishini ma’lum qildi. «Keyingi chempionat futbolning beshigida o‘tadi! 2030 yildgi futbol bo‘yicha jahon chempionati Urugvay, Argentina va Paragvayda qabul qilinadi. Bu futbol uchun turnirning yuz yilligini nishonlashga ajoyib imkoniyat, musobaqada 64 ta jamoa ishtirok etadi», — deb yozdi Dominges ijtimoiy tarmoqdagi o‘z sahifasida. ChM-2030 tarixda ilk bor bir vaqtning o‘zida olti davlat hududida tashkil etiladi. Turnirning yuz yilligi munosabati bilan ochilish uchrashuvlari Argentina, Urugvay va Paragvayda o‘tkaziladi, musobaqaning asosiy qismi esa Ispaniya, Portugaliya va Marokashda bo‘lib o‘tadi. 2026 yildgi jahon chempionatida 48 ta terma jamoa qatnashgan edi. Amaldagi jahon chempioni — Ispaniya milliy terma jamoasi.","KONMEBOL prezidenti Alejandro Dominges 2030 yilgi jahon chempionatida 64 ta terma jamoa ishtirok etishini e'lon qildi. Turnir Urugvay, Argentina va Paragvayda o'tadi va bu futbolning yuz yilligini nishonlash imkoniyati. ChM-2030 tarixda birinchi marta olti davlatda o'tkaziladi: ochilish o'yinlari Argentina, Urugvay va Paragvayda, asosiy qism esa Ispaniya, Portugaliya va Marokashda bo'lib o'tadi. 2026 yilda 48 jamoa qatnashgan edi. Amaldagi chempion — Ispaniya."
"Meni ""Barsa""ga chaqirmanglar! Xoland ""Kamp Nou""ga borolmaydi «Manchester Siti» klubi va Norvegiya milliy terma jamoasi to‘purar hujumchisi Erling Holand yaqin yillarda «Barselona» safida ko‘rinish bermaydi. ElNacional.cat nashri tarqatgan ma’lumotga ko‘ra, kataloniyaliklar bosh murabbiyi Hans-Diter Flik kelasi yozda norvegiyalik forvardni olish rejasidan voz kechgan. Sabab sifatida klubning moliyaviy imkoniyatlari cheklanishi ko‘rsatilmoqda. Ma’lum qilinishicha, «Barselona» keyingi ikki yil davomida La Liga tomonidan xarajatlar bo‘yicha qo‘shimcha cheklovlarga duch keladi. Bu esa «Kamp Nou» stadioni uchun yangi tom qurish loyihasi bilan bog‘liq. Qurilish ishlari katta mablag‘ talab qilayotganligi uchun klub maoshlar va transferlar bo‘yicha yanada ehtiyotkor bo‘lishga majbur. Flikning fikricha, shunday sharoitda Holand kabi yulduz futbolchini sotib olish uchun zarur mablag‘ni to‘plash deyarli imkonsiz.","«Manchester Siti» va Norvegiya hujumchisi Erling Holand yaqin yillarda «Barselona»da o'ynamaydi. ElNacional.cat xabariga ko'ra, «Barselona» bosh murabbiyi Hans-Diter Flik moliyaviy sabablarga ko'ra undan voz kechgan. Klub keyingi ikki yil La Liga tomonidan xarajat cheklovlariga duch keladi — bu «Kamp Nou» stadionining yangi tomi qurilishi bilan bog'liq. Shu sabab Flikning fikricha, Holand kabi yulduzni olish uchun mablag' to'plash deyarli imkonsiz."
"Xususan, hozirgacha Amir bo‘yicha Rossiyaning “Baltika” va Turkiyaning “Istanbul Boshakshehir” klublari aniq taklif bilan chiqdi. Biz Jasulanning jamoamizga chempionlikni qo‘lga kiritishda yordam berishini xohlaymiz. Agar chempion bo‘lsak, kelasi yili UEFA Chempionlar ligasida ishtirok etamiz. Shundan keyin futbolchining o‘zi kelajagi bo‘yicha qaror qabul qiladi, - dedi Qizaybaev. Joriy Qozog‘iston Premier-ligasi mavsumida Jasulan Amir 17 ta uchrashuvda maydonga tushib, 7 ta gol urdi va 2 ta golli uzatmani amalga oshirdi. Shuningdek, u iyun oyida Armaniston va Vengriyaga qarshi o‘rtoqlik uchrashuvlarida ishtirok etib, Qozog‘iston milliy terma jamoasi safida debut qildi. Qozog‘iston Premier-ligasining 17-turidan keyin “Ordabasi” 40 ochko bilan musobaqa jadvalida peshqadamlik qilmoqda. Eldor Shomurodov va Abbosbek Fayzullaev “Istanbul Boshakshehir”ning yetakchi o‘yinchilari hisoblanadi.","Qozog'iston klubi «Ordabasi» rahbari Qizaybaevning aytishicha, Rossiyaning «Baltika» va Turkiyaning «Istanbul Boshakshehir» klublari futbolchi Jasulan Amirga aniq taklif bilan chiqqan. Klub uning chempionlikka yordam berishini xohlaydi — chempion bo'lsalar, Chempionlar ligasida ishtirok etishadi. Joriy mavsumda Amir 17 o'yinda 7 gol urgan va Qozog'iston terma jamoasida debyut qilgan. «Ordabasi» 17 turdan keyin 40 ochko bilan peshqadam."
"Entoni Gordon: Messi men o‘ylagandan ancha zo‘r ekanini endi tushundim Angliya terma jamoasi vingeri Entoni Gordon jahon chempionati yarim finalida Argentinaга qarshi oʻyinda 1:2 hisobida magʻlubiyatdan keyin oʻz fikrlarini bildirdi. - Men koʻp yillar davomida Lionel Messi qanday qilib “Barselona” oʻyinlarida natijaga taʼsir koʻrsatishini tomosha qilganman. Bugun esa u haqida oʻylaganimdan ham kuchliroq futbolchi ekanini yana bir bor angladim. Albatta, magʻlubiyatdan juda xafaman. Lekin bilamanki, kamida shu jahon chempionati sovrini “Barselona”ni juda ham sevadigan kimgadir nasib etadi, — dedi Gordon uchrashuvdan soʻng. Eslatib oʻtamiz, finalda Argentina Ispaniyaga qarshi maydonga tushadi. Ispaniya terma jamoasi safida “Barselona” klubi sharafini himoya qiladigan bir qator futbolchilar, jumladan Lamin Yamal ham ishtirok etmoqda.","Angliya vingeri Entoni Gordon jahon chempionati yarim finalida Argentinaga 1:2 yutqazgandan so'ng fikr bildirdi. Uning aytishicha, u yillar davomida Messini «Barselona»da tomosha qilgan, ammo endi u o'ylagandan ham kuchliroq ekanini angladi. Gordon mag'lubiyatdan xafa bo'lsa-da, sovrin «Barselona»ni sevadigan kimgadir nasib etishini bilishi mumkinligini aytdi. Finalda Argentina Ispaniyaga qarshi o'ynaydi, Ispaniya safida esa Lamin Yamal kabi «Barselona» futbolchilari bor."
"Frantsiya Ispaniyaga kim tufayli mag‘lub bo‘ldi: Asosiy favorit hech qanday qarshilik ko‘rsata olmadi va mag‘lubiyatga uchradi Jahon chempionati yarim final bosqichiga qadar eng ko‘p maqtov eshitgan terma jamoa – Fransiya edi. Ko‘pchilik Didye Desham shogirdlarini uchinchi marta ketma-ket jahon chempionati finaliga chiqadi, deb kutgan. Ammo Ispaniyaga qarshi yarim finalda bu jamoa mutlaqo boshqa qiyofada maydonga tushdi va natijada mantiqiy tarzda mag‘lubiyatga uchradi. Fransiya terma jamoasi yulduzlarga to‘la bo‘lishiga qaramay, bu safar «uch ranglilar»ni biror yetakchi qutqarib qololmadi. Eng yuqori baho – 10 ball (o‘yin boshidagi start bahosi – 6,0). MAYKL OLISE – 3,0. Chempionat oldidan Olise raqiblarni yakkalab yuborishga qodir futbolchi sifatida ta’riflangandi.",Yarim finalgacha eng ko'p maqtovga sazovor bo'lgan jamoa Fransiya edi — ko'pchilik uni uchinchi marta ketma-ket finalga chiqadi deb kutgan. Ammo Ispaniyaga qarshi jamoa boshqacha ko'rinishda o'ynadi va mantiqan yutqazdi. Yulduzlarga to'la Fransiyani bu safar hech kim qutqara olmadi — jumladan eng past baho olgan Maykl Olise ham o'zini ko'rsata olmadi.
"Mundialda o‘ynagan futbolchi chempion jamoaga o‘tmoqchi Angliya Premier-ligasi vakili “Tottenxem”ning qanot himoyachisi Jed Spens bu yozda Italiya chempion “Inter” klubiga o‘tishni istamoqda. La Gazzetta dello Sport nashri ma’lumotiga ko‘ra, Spens “Inter” rahbariyati Denzel Dumfrisning o‘rnini to‘ldirish uchun ko‘rib chiqayotgan bir nechta nomzodlardan biri hisoblanadi. Dumfris bu yozda “Real”ga o‘tib ketdi. Manbaning ta’kidlashicha, Spensning o‘zi ham “Inter”ga qo‘shilishga tayyor. Biroq A Seriya chempionlari avval “Tottenxem” bilan Angliya terma jamoasining 25 yoshli futbolchisi bo‘yicha transfer to‘lovi yuzasidan kelishuvga erishishi kerak. Sky Sports qo‘shimcha qilishicha, Spensga “Everton” ham qiziqmoqda. Hozircha klub rasmiy taklif bermagan, ammo Jedning nomi ichki muhokamalarda tilga olingan.","«Tottenxem» himoyachisi Jed Spens bu yozda «Inter»ga o'tishni istamoqda. La Gazzetta dello Sport xabariga ko'ra, u «Real»ga o'tgan Denzel Dumfrisning o'rnini bosishi mumkin bo'lgan nomzodlardan biri. Spensning o'zi ham «Inter»ga qo'shilishga tayyor, ammo klublar hali transfer to'lovi bo'yicha kelishmagan. Sky Sports ma'lumotiga ko'ra, unga «Everton» ham qiziqmoqda, biroq rasmiy taklif hali yo'q."
"Shu yulduzni olmasak bo‘lmaydi! Niko Uilyams bo‘yicha muzokara qayta boshlandi Londonning «Arsenal» jamoasi yana bir bor Bilbaoning «Atletik» klubi vingeri Niko Uilyamnsni oʻz safiga qoʻshib olish imkoniyatini koʻrib chiqmoqda. Bu haqida TEAMtalk nashri xabar berdi. Manba maʼlumotiga koʻra, «kanonirlar»ning sport direktori Andrea Berta 23 yoshli futbolchining ehtimoliy transferi boʻyicha muzokaralar oʻtkazgan. Niko Uilyamns jahon chempionatida Ispaniya terma jamoasining eng yorqin futbolchilaridan biriga aylandi, Argentinga qarshi final bahsida golli uzatma amalga oshirib, gʻalabaga hissa qoʻshdi. Shu bilan birga, uning klubdagi mavsumi jarohatlar sabab murakkab kechdi — u La Ligada atigi 20 oʻyinni asosiy tarkibda boshlay oldi. Uilyamnsning «Atletik» bilan tuzgan shartnomasi uzoq muddatga moʻljallangan.","«Arsenal» yana «Atletik» Bilbao vingeri Niko Uilyamsni o'z safiga qo'shib olish imkoniyatini ko'rib chiqmoqda. TEAMtalk xabariga ko'ra, «Arsenal» sport direktori Andrea Berta bu bo'yicha muzokara olib borgan. Uilyams jahon chempionatida Ispaniyaning eng yorqin futbolchilaridan biriga aylanib, finalda golli uzatma bergan edi, ammo klub darajasida jarohatlar tufayli faqat 20 o'yinda asosiy tarkibda boshlagan. Uning «Atletik» bilan shartnomasi uzoq muddatga mo'ljallangan."
"Undan oldingi, 2022 yilda Qatarda bo‘lib o‘tgan jahon chempionatida Argentina terma jamoasi g‘olib chiqqan edi. O‘sha finalda argentinaliklar Fransiyani asosiy va qo‘shimcha vaqtda 3:3 hisobidagi durangdan so‘ng penaltilar seriyasida 4:2 hisobida mag‘lub etgan.",2022 yilgi Qatar jahon chempionatida Argentina g'olib chiqqan edi. Finalda ular Fransiyani asosiy va qo'shimcha vaqtda 3:3 durangdan so'ng penaltilarda 4:2 hisobida yengishgan edi.
"Ronaldo mundialdan keyin Ronalduga baho berdi Ikki karra jahon chempioni Ronaldo Nazario 2026 yildgi jahon chempionatida Portugaliya terma jamoasi hujumchisi Krishtianu Ronalduning o‘yini haqida fikr bildirdi. - Ehtimol, u Saudiya Arabistonida yana bir necha mavsum to‘p surishi mumkin. Lekin jahon chempionatida o‘ynash — butunlay boshqa daraja, bu ancha qiyin. Bu yerda saviya juda yuqori. Futbolga bo‘lgan ishtiyoqimiz, muhabbatimiz, abadiy o‘ynash istagimizga qaramay, oxir-oqibat hammasini tanamiz hal qiladi, deb o‘ylayman. Men hozir futbol o‘ynamayapman, chunki aqlim hali o‘ynashni istaydi, lekin tanam bu yukni ko‘tara olmaydi, — deya Ronaldoning so‘zlarini A Bola nashri keltiradi. Krishtianu Ronaldo Portugaliya terma jamoasi bilan jahon chempionatida 1/8 finalgacha yetdi, bu bosqichda jamoa Ispaniya terma jamoasiga mag‘lub bo‘ldi. Turnir davomida u beshta o‘yinda maydonga tushib, uchta gol urdi.","Ikki karra jahon chempioni Ronaldo Nazario 2026 jahon chempionatidan so'ng Krishtianu Ronaldu haqida fikr bildirdi. Uning aytishicha, Ronaldu Saudiya Arabistonida yana o'ynashi mumkin, ammo jahon chempionati saviyasi butunlay boshqacha va bunday yukni tana ko'tarolmasligi mumkin. Ronaldu Portugaliya bilan 1/8 finalgacha yetib, Ispaniyaga yutqazgan. U turnirda besh o'yin o'tkazib, uch gol urgan."
"Messi Maradonadan ancha o‘zib ketdi Lionel Messi jahon chempionatlari tarixida golli uzatmalar soni bo‘yicha o‘zining o‘ziga tegishli rekordini yangiladi. Argentina terma jamoasi yetakchisi 2026 yildgi jahon chempionati yarim finalida ikki bor golli uzatma muallifiga aylandi. Endi uning jahon chempionatlari hisobidagi golli uzatmalari soni 12 taga yetdi. Shu tariqa Messi ushbu ko‘rsatkich bo‘yicha 8 ta golli uzatmaga ega bo‘lgan vatandoshi Diego Maradonadan ancha uzoqlashdi. 39 yoshli Messi 2023 yildan buyon Shimoliy Amerikadagi yetakchi futbol ligasi — MLSda ishtirok etuvchi ""Inter Mayami"" klubi sharafini himoya qilmoqda. U Yevropa futbolida ""Pari Sen-Jermen"" va ""Barselona"" tarkibida to‘p surgan. ""Barselona"" bilan birga to‘rt marta Chempionlar ligasida, uch martadan UEFA Superkubogi va klublar o‘rtasidagi jahon chempionatida g‘olib chiqqan.","Lionel Messi jahon chempionatlari tarixida golli uzatmalar bo'yicha o'z rekordini yangiladi. 2026 yarim finalida u yana ikki marta golli uzatma berib, umumiy hisobini 12 taga yetkazdi — bu Diego Maradonaning 8 tasidan ancha ko'p. 39 yoshli Messi 2023 yildan «Inter Mayami»da o'ynaydi, ilgari esa PSJ va «Barselona»da to'p surgan — «Barselona» bilan to'rt marta Chempionlar ligasini yutgan."
"Bundan oldin Koelyo Braziliyaning bir qator jamoalar sharafini himoya qilgan, shuningdek, Meksikaning «Atletiko San-Luis» va Urugvayning «Penyarol» klublarida ham to‘p surgan. «Amazonas» hozirda Braziliya S Seriyasi chempionati jadvalida 14-o‘rinni egallab turibdi. Jamoa o‘tgan mavsumda Seriya B divizionidan tushib ketgan edi.","Koelyo ilgari bir qator Braziliya klublari, shuningdek Meksikaning «Atletiko San-Luis» va Urugvayning «Penyarol» klublarida o'ynagan. «Amazonas» hozir Braziliya S seriyasida 14-o'rinda turibdi va o'tgan mavsumda B divizionidan tushib ketgan edi."
"Kriştianu Ronalduni ""Evro-2028""da o‘ynamoqchi Sankt-Peterburgning «Zenit» klubi sobiq futbolchisi Vladislav Radimovning aytishicha, portugaliyalik yulduz hujumchi Krishtianu Ronaldu Yevropa‑2028 chempionatigacha Portugaliya terma jamoasi safida o‘ynashni rejalashtirgan. Bu haqida Matchtv.ru manbasiga xabar bermoqda. Eslatib o‘tamiz, hozir o‘tkazilayotgan ""Jahon chempionati‑2026""da 41 yoshli Ronaldu beshta o‘yinda maydonga tushib, uchta gol urdi. Portugaliya terma jamoasi 1/8 finalgacha yetib bordi, ammo ushbu bosqichda Ispaniyaga 0:1 hisobida mag‘lub bo‘ldi. — Hamma ""Krishtianu Ronaldu faoliyatini yakunladi"", deb gapiryapti. Biz yaqinda David Trezegé bilan uchrashdik, u Portugaliya terma jamoasidagi ko‘plab futbolchilarni yaxshi biladi. Uning aytishicha, portugaliyalik o‘yinchilarning o‘zi Ronaldu haqida ""u Yevropacha chempionatida yana maydonga tushadi"", deb gapiryapti, — dedi Radimov.","Sobiq «Zenit» futbolchisi Vladislav Radimovning aytishicha, Krishtianu Ronaldu Yevropa-2028 chempionatigacha Portugaliya terma jamoasida o'ynashni rejalashtirmoqda. Bu haqida Matchtv.ru xabar berdi. Joriy jahon chempionatida 41 yoshli Ronaldu besh o'yin o'tkazib, uch gol urgan, Portugaliya esa 1/8 finalda Ispaniyaga 0:1 yutqazgan. Radimovning aytishicha, portugaliyalik futbolchilarning o'zi ham Ronaldu Yevropa chempionatida yana o'ynashini kutmoqda."
"“Siti”dan ketgan yulduzni chempion klub chaqiryapti Italiyaning amaldagi chempioni “Inter” klubi “Manchester Siti”ni tark etgan tajribali markaziy himoyachisi Jon Stounzga qiziqish bildirayotgan navbatdagi jamoaga aylandi. Stounz erkin agent sifatida transfer bozorida faol, chunki uning “Siti” bilan shartnomasi iyun oyi oxirida yakunlandi. “Shaharliklar” hali aprel oyidayoq Jon klubni tark etishini tasdiqlagan edilar. Bundan avval Stounz sobiq jamoasi “Everton” va Italiya grandi “Yuventus”ga o‘tishi mumkinligi haqida xabarlar chiqqan edi, ammo Sky Sports ma'lum qilishicha, Angliya terma jamoasining 32 yoshli himoyachisi “Inter”ga yo‘l olishi ham mumkin. “Inter” ayni paytda markaziy himoyachi izlamoqda. Ular “Chelsi”dan ketishi kutilayotgan Trevo Chalobaga ham qiziqqan edi. Biroq bu himoyachi Milan klubi uchun juda qimmatlik qildi.","Italiya chempioni «Inter» «Manchester Siti»ni tark etgan himoyachi Jon Stounzga qiziqish bildirmoqda. Stounzning «Siti» bilan shartnomasi iyun oxirida tugagan va u erkin agent. Avval «Everton» va «Yuventus»ga o'tishi haqida xabarlar bo'lgan, endi Sky Sports «Inter» variantini ham qo'shdi. «Inter» markaziy himoyachi qidirmoqda va «Chelsi»dan Trevo Chalobaga ham qiziqqan edi, ammo u juda qimmat chiqqan."
"Rasman! OKMK xorvatiyalik legioner bilan shartnoma imzoladi Ivan Peşich OKMK FK futbolchisiga aylandi. Bu haqida klub matbuoti xabar berdi. ""Yozgi transfer oynasi doirasida OKMK futbol klubi yangi legioner bilan shartnoma imzoladi. O‘tgan mavsumni Ruminiyada o‘tkazgan xorvatiyalik futbolchi Ivan Peşich faoliyatini endilikda jamoamiz safida davom ettiradi. Ivan Peşich professional faoliyati davomida Evropaning bir qator klublari safida to‘p surgan. U Xorvatiyaning U-19 terma jamoasi safida harakat qilgan bo‘lib, Ruminiyaning «Dinamo» (Buxarest) va «Kindiya» (Tirgovishte), Ukrainaning «Vorskla» (Poltava) hamda Belarusning «Dinamo» (Minsk) klublari sharafini himoya qilgan. Shuningdek, futbolchi Qozog‘istonning «Shaxtyor» (Qarag‘anda), «Kaspiy» (Aktau) va «Qaysar» jamoalari safida ham muvaffaqiyatli to‘p surgan. Uning xalqaro tajribasi, tezkorligi va hujumdagi samarali harakatlari jamoamizning hujum chizig‘ini yanada kuchaytirishi kutilmoqda.","Xorvatiyalik futbolchi Ivan Pešić OKMK klubiga o'tdi. Bu haqida klub matbuot xizmati xabar berdi. U o'tgan mavsumni Ruminiyada o'tkazgan bo'lib, ilgari Ruminiya, Ukraina, Belarus va Qozog'iston klublarida o'ynagan hamda Xorvatiya U-19 terma jamoasida faoliyat yuritgan. Uning xalqaro tajribasi va tezkorligi jamoaning hujum chizig'ini kuchaytirishi kutilmoqda."
"""Liverpool"" Kolumbiyaning eng iste'dodli futbolchisini qo‘lga kiritdi «Liverpool» yosh iste’dodlarga sarmoya kiritishni davom ettirmoqda. Angliya klubi Kolumbiyaning «Atletiko Nasyonal» jamoasida to‘p surib kelgan, 17 yoshli hujumkor futbolchi Samuel Martinez bilan shartnoma borasidagi barcha rasmiy ishlarini yakunladi. Bu haqida klub rasmiy sayti orqali ma’lum qilindi. Yosh futbolchi 2027/2028 yilgi mavsum boshlanishidan oldin mersisaydliklar akademiyasi tizimiga qo‘shiladi. Martinez hozirroq Kolumbiya futbolida eng istiqbolli yoshlardan biri sifatida baholanmoqda. Aprel oyida Samuel mamlakat yoshlar terma jamoasi tarkibida Janubiy Amerika U17 chempionatida zafar quchishga hissa qo‘shdi. U musobaqaning barcha olti uchrashuvida maydonga tushdi. Uning hisobida uchta golli uzatma bor, shu jumladan Braziliyaga qarshi yarim final va Argentinga qarshi final bahsida ham assistlar qayd etdi.","«Liverpul» Kolumbiyaning «Atletiko Nasyonal» klubida o'ynagan 17 yoshli hujumchi Samuel Martines bilan shartnoma bo'yicha barcha rasmiy ishlarni yakunladi. Bu haqida klub sayti xabar berdi. Futbolchi 2027/2028 mavsumdan akademiya tizimiga qo'shiladi. Martines Janubiy Amerika U17 chempionatida Kolumbiya yoshlar terma jamoasi bilan g'olib chiqib, olti o'yinning barchasida qatnashgan va uch golli uzatma bergan."
"Yamal JCh-2026 finalidan so‘ng Messi unga nima deganini ochiqlandi Ispaniya terma jamoasi vingeri Lamin Yamal Jahon chempionati–2026 finalida Lionel Messi unga nimalar degani haqida gapirib berdi. Qatʼiy kurashda Ispaniya Argentina ustidan 1:0 hisobida gʻalaba qozondi va Yamal oʻz karerasida ilk bor jahon chempioniga aylandi. Laminning taʼkidlashicha, u Messini bolaligidan beri hurmat qilib keladi va undan doim ilhom oladi. Afsonaviy argentinalik hujumchi finaldan soʻng yosh vingergа qoʻllab-quvvatlov va motivatsiya soʻzlarini aytgan. «U – tarixdagi eng yaxshi futbolchi, men doimo havas bilan qaragan insonman. Oʻyin oxirida unga boʻlgan hurmatimni bildirdim. U menga oʻz yoʻlimdan borishni davom ettirishimni, kelajak esa bizning avlodga tegishli ekanini aytdi. Bu soʻzlar men uchun boʻynimdagi oltin medal kabi katta ahamiyatga ega», – dedi Yamal.","Ispaniya vingeri Lamin Yamal jahon chempionati-2026 finalida Messi unga nima deganini aytdi. Ispaniya Argentinani 1:0 yengib, Yamal ilk bor jahon chempioni bo'ldi. Uning aytishicha, u Messini bolaligidan hurmat qiladi va undan ilhomlanadi. Messi unga o'z yo'lidan davom etishni va kelajak yangi avlodga tegishli ekanini aytgan — bu so'zlar Yamal uchun oltin medal kabi qadrli bo'lgan."
"Zidan Frantsiya terma jamoasi bilan uzoq muddatli shartnoma imzoladi Madridning mashhur «Real» klubi sobiq bosh murabbiyi Zinedin Zidan Frantsiya milliy terma jamoasi bilan uzoq muddatli shartnoma tuzdi. Futbol bo‘yicha ishonchli manba sifatida tanilgan insayder va jurnalist Fabrizio Romano ma’lumotiga ko‘ra, 54 yoshli mutaxassis Frantsiya terma jamoasi bilan barcha shartlarni kelishib, uzoq muddatli bitimni imzolab bo‘lgan. Biroq Frantsiya futbol federatsiyasi hali rasmiy bayonot bermadi. Ma’lumki, Zidan shu paytgacha «Real»da juda muvaffaqiyatli faoliyat olib borgan. Uning qo‘l ostida «qirollik klubi» ikki marta La Ligada, uch marta esa Chempionlar ligasida g‘olib chiqqan. Eslatib o‘tamiz, shu kunga qadar Frantsiya terma jamoasini Didye Desham boshqarib kelaotgan edi.","Zinedin Zidan Fransiya terma jamoasi bilan uzoq muddatli shartnoma imzoladi. Jurnalist Fabrizio Romano xabariga ko'ra, 54 yoshli mutaxassis barcha shartlarni kelishib olgan, ammo federatsiya hali rasmiy bayonot bermagan. Zidan «Real Madrid»ni ikki marta La Liga va uch marta Chempionlar ligasi chempioni qilgan edi. Frantsiyani ilgari Didye Desham boshqargan."
"«Yuventus» Folarin Balogun uchun kurashda peshqadamlik qilmoqda Turinning mashhur «Yuventus» klubi «Monako» va AQSh terma jamoasi hujumchisi Folarin Balogun uchun kurashda peshqadamga aylandi. Mundo Deportivo nashrining yozishicha, 25 yoshli forvardga qiziqish 2026 yildagi jahon chempionatidagi muvaffaqiyatli o‘yinidan so‘ng keskin oshgan. Balogun musobaqada uchta gol urgani bilan e’tibor markaziga tushdi. «Monako» rahbariyati hujumchini osonlikcha qo‘yib yubormoqchi emas. Klub transfer uchun qattiq moliyaviy shart qo‘ygan va Balogunni kamida 50 million evrodan kamga sotmasligini ma’lum qilgan. Futbolchiga faqat «Yuventus» emas, boshqa yirik jamoalar ham qiziqmoqda. Xususan, dortmundlik «Borussiya» hamda «Sanderlend» Balogunning ehtimoliy transferi bo‘yicha vaziyatni yaqinidan kuzatib bormoqda. 2025/2026 yildagi mavsumda Folarin Balogun barcha musobaqalarni qo‘shib hisoblaganda 43 ta o‘yinda maydonga tushdi, 19 ta gol urdi va 5 ta golli uzatma amalga oshirdi.","«Yuventus» «Monako» va AQSh hujumchisi Folarin Balogun uchun kurashda peshqadam bo'lib qoldi. Mundo Deportivo xabariga ko'ra, unga qiziqish 2026 jahon chempionatida uch gol urganidan so'ng oshgan. «Monako» uni kamida 50 million yevrodan kamga sotmaydi. «Borussiya» va «Sanderlend» ham vaziyatni kuzatmoqda. O'tgan mavsumda Balogun 43 o'yin o'tkazib, 19 gol urgan va 5 golli uzatma bergan."
"Bellingem JCh-2026 dan chiqib ketganidan so‘ng Angliya terma jamoasi muxlislaridan uzr so‘radi Angliya terma jamoasi yarim himoyachisi Jud Bellingem jahon chempionati — 2026 yarim finalida Argentinga qarshi o‘yindagi mag‘lubiyatdan so‘ng o‘z fikrlarini bildirdi. «Biz juda qayg‘udamiz. Men bu ishni nihoyat amalga oshiradigan Angliya terma jamoasining bir qismi bo‘lishni juda-juda istardim. Endi esa shu yerda turib, muxlislarga ular, ehtimol, o‘nlab yillardan beri eshitib kelaotgan bir xil gaplarni yana takrorlash — haqiqatan ham juda og‘ir. Bizdan ranjimang», — deya Bellingemning so‘zlarini ijtimoiy tarmoqda Fabrizio Romano keltiradi. Angliya terma jamoasi jahon chempionati — 2026 musobaqasida uchinchi o‘rin uchun bahsda Fransiyaga qarshi maydonga tushadi. Uchrashuv yakshanba, 19 iyul kuni, Toshkent vaqti bilan soat 02:00 da boshlanadi.","Angliya yarim himoyachisi Jud Bellingem jahon chempionati-2026 yarim finalida Argentinaga yutqazganidan so'ng muxlislardan uzr so'radi. Uning aytishicha, jamoa juda qayg'uda va u finalga chiqishni juda istagan edi. Angliya endi 19 iyulda, Toshkent vaqti bilan soat 02:00 da uchinchi o'rin uchun Fransiyaga qarshi o'ynaydi."
"Jahon chempionati final uchrashuvi 19 iyul kuni AQSHning Nyu-Jersi shtati, Ist-Raterford shahrida joylashgan «Metlayf» stadionida boʻlib oʻtadi.",Jahon chempionati finali 19 iyul kuni AQShning Ist-Raterford shahridagi «Metlayf» stadionida bo'lib o'tadi.
"UEFA rahbari FIFAning jahon chempionatida ishtirokchi jamoalar sonini oshirish tashabbusidan ham, musobaqa davridagi narx-navo siyosatidagi o‘zgarishlardan ham qoniqmagani xabar qilinmoqda. Eslatib o‘tamiz, jahon chempionati — 2026 finalida Ispaniya terma jamoasi Argentinaга qarshi bahsda 1:0 hisobida g‘alaba qozondi. Bellashuv AQShning Ist-Raterford shahrida joylashgan «Metlayf» stadionida bo‘lib o‘tdi. Uchrashuvga Sloveniyaдан kelgan hakam Slavko Vinchich boshchilik qildi.",UEFA rahbari FIFAning jahon chempionati ishtirokchilari sonini oshirish tashabbusidan va narx siyosatidagi o'zgarishlardan norozi ekani xabar qilinmoqda. Jahon chempionati-2026 finalida Ispaniya Argentinani 1:0 yenggan edi. O'yinni Sloveniyadan hakam Slavko Vinčić boshqargan.
"Braziliya klubi himoyachisi bilan juda xunuk xayrlashdi Braziliyalik himoyachi Leo Koelyo Braziliya chempionati uchinchi divizioni — S Seriyada ishtirok etuvchi «Amazonas» klubini tark etdi. Bu haqida MDZ Mendoza nashri xabar berdi. Klub 33 yoshli futbolchi bilan xayrlashish haqidagi e'lonni noodatiy tarzda berdi: postga Koelyoning bir qator xatolari aks etgan lavhalar ilova qilingan. Ularda noaniq paslar, raqiblar goliga olib kelgan epizodlar, shuningdek, penaltiga sabab bo‘lgan qo‘pol qoidbuzarliklar ko‘rsatilgan edi. «Amazonas»ning bunday xayrlashuv uslubi ijtimoiy tarmoqlarda katta muhokamalarga sabab bo‘ldi. Ko‘p o‘tmay, klub ushbu postni o‘chirib tashladi. Leo Koelyo 2025 yil yozida erkin agent sifatida «Amazonas» safiga qo‘shilgan. U jamoa tarkibida 29 o‘yin o‘tkazib, 2 ta gol urdi va 1 ta golli pas berdi.","Braziliyalik himoyachi Leo Koelyo «Amazonas» klubini tark etdi. MDZ Mendoza xabariga ko'ra, klub u bilan xayrlashish e'lonida futbolchining xatolarini ko'rsatuvchi lavhalarni ilova qilib, katta tanqidga uchradi va postni tez orada o'chirib tashladi. Koelyo 2025 yilda «Amazonas»ga qo'shilgan bo'lib, 29 o'yin o'tkazib, 2 gol urgan."
"O‘ylaymanki, bu Norvegiyani ham, meni ham o‘zgartirdi. Bunday narsani anglab yetish oson emas… Oxirgi olti hafta xuddi bir tomosha yoki attraksionda yurgandek o‘tdi — chunki juda ko‘p voqealar, juda ko‘p taassurotlar, juda ko‘p his-tuyg‘ular bo‘ldi! Bu avlod futbolchilari haqiqatan ham ajoyib. Umid qilamanki, bizning yo‘limiz Norvegiyadagi yoshlar uchun ilhom beradi, ularga Norvegiya terma jamoasi libosida dunyodagi eng katta sahnada to‘p surish mumkinligini ko‘rsatadi», — deya Holandning so‘zlarini keltiradi Goal nashri. Eslatib o‘tamiz, Norvegiya terma jamoasi jahon chempionatidagi ishtirokini chorak finalda to‘xtatdi. Jamoa Angliyaga 1:2 hisobida mag‘lub bo‘ldi.","Norvegiya hujumchisi Erling Holand jahon chempionatidagi ishtiroki o'zini va butun Norvegiyani o'zgartirganini aytdi. Uning so'zlariga ko'ra, so'nggi olti hafta juda ko'p voqea va his-tuyg'ularga to'liq bo'lgan va bu avlod futbolchilari Norvegiya yoshlariga ilhom berishini umid qiladi. Norvegiya jahon chempionatida chorak finalda Angliyaga 1:2 yutqazib chiqib ketgan edi."
"Assotsiatsiya ularni jahon chempionati davomida Argentina terma jamoasini obro‘sizlantirish kampaniyasida ishtirok etgan, deb hisoblamoqda. Argentina terma jamoasi jahon chempionati finaligacha yetib bordi, hal qiluvchi bahsda esa Ispaniyaga 0:1 hisobida mag‘lub bo‘ldi. Turnirdan so‘ng jamoa atrofida bir qator shov-shuvli mojarolar kelib chiqdi. Jumladan, final o‘yinidan keyin argentinalik futbolchilarning maydondagi xulq-atvori bo‘yicha FIFA tomonidan tekshiruv boshlandi.","Assotsiatsiya ularni jahon chempionati davomida Argentina terma jamoasini obro'sizlantirish kampaniyasida ishtirok etganlikda aybladi. Argentina finalgacha yetib borib, Ispaniyaga 0:1 yutqazgan edi. Turnirdan keyin jamoa atrofida bir qator mojarolar chiqdi, jumladan FIFA final o'yinidagi futbolchilarning xulq-atvorini tekshirmoqda."
"""Oltin to‘p""ning asosiy da’vogari aniqlandi: Yamal – ikkinchi, Messi – uchinchi Jahon chempionati yakunlangandan so‘ng nufuzli Goal sayti ""Oltin to‘p"" uchun asosiy da’vogarlar ro‘yxatini yangilab e’lon qildi. Reytingning birinchi pog‘onasida hozircha o‘zgarish yo‘q – Angliya terma jamoasi hujumchisi Harri Keyn hanuz yetakchilik qilmoqda. U mundialda olti bor raqib darvozasini ishg‘ol etdi va jamoasi bilan birga jahon chempionatida bronza medali sohibi bo‘ldi. Yangilangan ro‘yxatda ikkinchi o‘ringa Lamin Yamal ko‘tarildi. U 19 yoshidayoq jahon chempioniga aylanib, reytingda katta sakrash qildi. Argentina terma jamoasining finaldagi mag‘lubiyatidan so‘ng Lionel Messi uchinchi pog‘onaga tushib ketdi. Qolgan yetakchi o‘nlik quyidagicha shakllandi: Maykl Olise, Kilian Mbappe, Rodri, Usman Dembele, Erling Holand, Xvicha Kvaratsxeliya va Pau Kubarsi. Eslatib o‘tamiz, o‘tgan yili ""Oltin to‘p"" sovrini Usman Dembelega topshirilgan edi.","Jahon chempionatidan so'ng Goal sayti «Oltin to'p» uchun asosiy da'vogarlar ro'yxatini yangiladi. Birinchi o'rinda hamon Angliya hujumchisi Harri Keyn — u mundialda olti gol urib, bronza medal olgan. Ikkinchi o'ringa 19 yoshida jahon chempioni bo'lgan Lamin Yamal ko'tarildi. Argentinaning finaldagi mag'lubiyatidan so'ng Lionel Messi uchinchi o'ringa tushdi. Ro'yxatda yana Olise, Mbappe, Rodri, Dembele, Holand, Kvaratskheliya va Kubarsi bor. O'tgan yili sovrinni Dembele yutgan edi."
"""Manchester Yunayted"" yangi darvozabon bilan shartnoma imzoladi ""Manchester Yunayted"" matbuot xizmati Uels terma jamoasi darvozaboni Karl Darlou bilan shartnoma imzolanganini ma'lum qildi. U ""Lids"" bilan shartnomasi yakunlangandan so'ng jamoaga erkin agent sifatida qo'shildi. Klub ma'lumotiga ko'ra, 35 yoshli darvozabon bilan tuzilgan kelishuv 2028 yilgacha mo'ljallangan. O'tgan mavsumda Darlou ""Lids"" tarkibida Angliya Premier-ligasida 22 o'yinda maydonga tushib, 27 ta gol o'tkazib yubordi va besh bor darvozasini daxlsiz saqlashga muvaffaq bo'ldi. Uning avvalgi jamoalari orasida ""Nyukasl"" va ""Nottingem Forest"" ham bor.","«Manchester Yunayted» Uels darvozaboni Karl Darlou bilan shartnoma imzoladi. U «Lids» bilan shartnomasi tugagach, erkin agent sifatida qo'shildi. Yangi kelishuv 2028 yilgacha. 35 yoshli darvozabon o'tgan mavsumda «Lids»da 22 o'yin o'tkazib, besh marta darvozasini daxlsiz saqlagan."
"""Barselona"" yarim himoyachisi ""Chelsi"" va ""Manchester Siti""ga o'tishdan bosh tortdi «Barselona» yarim himoyachisi Mark Kasado yozgi transfer oynasida Angliyaning bir qator yetakchi jamoalari taklifini rad etdi. Insayder va jurnalist Ekrem Konur tarqatgan ma’lumotga ko‘ra, 22 yoshli ispaniyalik futbolchi «Manchester Siti» hamda Londonning «Chelsi» klublari taklifini qabul qilmagan. Ushbu jamoalar yozda Kasadoni o‘z saflariga qo‘shib olishni rejalashtirardi. Shu bilan birga, yarim himoyachiga «Aston Villa», «Nyukasl», «Fulham» va «Brayton» kabi klublar ham qiziqish bildirmoqda. Kataloniya klubi esa futbolchini sotish variantini ko‘rib chiqishga tayyor ekani aytilmoqda. «Barselona» Kasado transferi orqali taxminan 30 million yevro ishlab olishni ko‘zlamoqda. Eslatib o‘tamiz, o‘tgan mavsumda Mark Kasado Ispaniya chempionati doirasida «Barselona» safida 24 ta o‘yin o‘tkazib, bir bor golli uzatma muallifiga aylangan.","«Barselona» yarim himoyachisi Mark Kasado «Manchester Siti» va «Chelsi»ning taklifini rad etdi. Insayder Ekrem Konur xabariga ko'ra, 22 yoshli futbolchiga «Aston Villa», «Nyukasl», «Fulham» va «Brayton» ham qiziqmoqda. «Barselona» uni sotishga tayyor va bundan taxminan 30 million yevro ishlab olishni ko'zlamoqda. O'tgan mavsumda Kasado 24 o'yin o'tkazib, bir golli uzatma bergan."
"FIFA mundial finalida futbol qoidalarini buzadi FIFA 2026 yilgı jahon chempionati finalida futbol qoidalaridan chetga chiqishga tayyor. The Times nashri jurnalisti Martin Tsigler xabariga ko‘ra, mundial finalida taymlar orasidagi tanaffus odatdagidan ancha uzoq – 30 daqiqagacha bo‘ladi. Bu vaqt davomida tomoshabinlarga katta sahna shousi namoyish etilishi rejalashtirilgan. Jahon chempionati final bahsi yakshanba, 19 iyul kuni bo‘lib o‘tadi. Amaldagi jahon chempioni – Argentina terma jamoasi. 2022 yilgı finalda Lionel Messi boshchiligidagi jamoa Fransiyani dramatik o‘yinda mag‘lub etgan: asosiy va qo‘shimcha vaqt 3:3 hisobida yakunlanib, penaltilar seriyasida argentinaliklar ustun kelgan edi.","FIFA 2026 jahon chempionati finalida taymlar orasidagi tanaffusni 30 daqiqagacha uzaytirmoqchi — bu vaqtda katta sahna shousi ko'rsatiladi. Bu haqida The Times jurnalisti Martin Tsigler xabar berdi. Final 19 iyulda bo'lib o'tadi. Amaldagi chempion — Argentina, u 2022 yilda Fransiyani penaltilar seriyasida yengib chempion bo'lgan edi."
"Eng ko‘p jahon chempionlarini tarbiyalagan klub qaysiligini bilasizmi? Ispaniya milliy terma jamoasi 2026 yildgi mundial finalida Argentinani qo‘shimcha vaqtda 1:0 hisobida mag‘lub etganidan so‘ng, “Barselona” tarixda jahon chempionlarini eng ko‘p yetishtirgan klublar reytingida to‘rtinchi o‘ringa ko‘tarildi. Bu galgi final uchrashuvi AQShning Ist-Raterford shahridagi “Metlayf” stadionida bo‘lib o‘tdi. Bosh hakam sifatida sloveniyaik Slavko Vinchich ishladi. 2026 yilda jahon chempioni bo‘lgan “Barselona” futbolchilari sakkiz nafarni tashkil qildi. Ular: - darvozabon Joan Garsiya; - himoyachilar Erik Garsiya va Pau Kubarsi; - yarim himoyachilar Pedri, Gavi va Daniel Olmo; - hujumchilar Lamin Yamal va Ferran Torres. Umuman olganda, “Barselona” futbolchisi maqomida 20 nafar o‘yinchi jahon kubogini boshi uzra ko‘targan.","Ispaniya 2026 mundial finalida Argentinani 1:0 yengganidan so'ng, «Barselona» jahon chempionlarini eng ko'p yetishtirgan klublar orasida to'rtinchi o'ringa ko'tarildi. Chempion Ispaniya tarkibida sakkiz «Barselona» futbolchisi bor edi: Joan Garsiya, Erik Garsiya, Pau Kubarsi, Pedri, Gavi, Daniel Olmo, Lamin Yamal va Ferran Torres. Umuman, «Barselona» futbolchisi maqomida 20 kishi jahon chempioni bo'lgan."
"""Real"" Rodrigning transferi bo‘yicha qarorini e’lon qildi Mashhur futbol insayderi Fabrizio Romano ""Manchester Siti"" yarim himoyachisi Rodrining ""Real""ga ehtimoliy transferi yuzasidan madridliklarning pozitsiyasi haqida ma'lumot berdi. Uning ta'kidlashicha, ""Real"" joriy transfer oynasidan foydalanib, Rodrini sotib olishni rejalashtirayotgani yo'q. Tomonlar o'rtasidagi muzokaralar hozircha to'xtatilgan. Futbolchining klub bilan amaldagi shartnomasi kelasi yozgacha mo'ljallangan. Transfermarkt portali bahosiga ko'ra, Rodrining bozor qiymati 50 million evroni tashkil etadi. Eslatib o'tamiz, Rodri ""Jahon chempionati–2026""da ajoyib o'yin namoyish etdi va Ispaniya terma jamoasining musobaqada g'olib chiqishiga katta hissa qo'shdi.","Jurnalist Fabrizio Romano xabariga ko'ra, «Real Madrid» joriy transfer oynasida «Manchester Siti» yarim himoyachisi Rodrini sotib olishni rejalashtirmayapti, muzokaralar hozircha to'xtatilgan. Rodrining «Siti» bilan shartnomasi kelasi yozgacha, bozor qiymati 50 million yevro. U 2026 jahon chempionatida ajoyib o'ynab, Ispaniyaning g'alabasiga katta hissa qo'shgan edi."
"Hozircha aniq qarorga kelmaganman, yana shunga o‘xshash narsa takrorlanadimi-yo‘qmi, bilmayman. Argentina futbol assotsiatsiyasi prezidenti Klaudio Tapiaga minnatdorchilik bildiraman — u biz orzu qilgan joyda, biz bilan birga bo‘ldi. Biz oxirgi daqiqagacha bor kuchimizni berdik. Ehtimol, men uchun kelajagimni puxta o‘ylab chiqishga vaqt ajratishim adolatli bo‘ladi», — deya Skalonining so‘zlarini ESPN keltiradi. Press-konferensiya paytida Skaloni ko‘z yoshlarini tiyib tura olmagani qayd etilmoqda. 48 yoshli mutaxassis 2018 yildan buyon Argentina terma jamoasini boshqarib kelmoqda. Uning qo‘l ostida jamoa 2022 yildgi jahon chempionatida, 2021 va 2024 yillarda Kubok Amerikasi da, shuningdek, 2022 yilda o‘tkazilgan «Finalissimo» bellashuvida g‘olib chiqqan.","Argentina bosh murabbiyi Lionel Skaloni hali kelajagi haqida aniq qarorga kelmaganini aytdi. Uning so'zlariga ko'ra, jamoa oxirgi daqiqagacha bor kuchini bergan va u Argentina futbol federatsiyasi prezidentidan minnatdor. Press-konferensiyada Skaloni ko'z yoshini tiyolmagan. 48 yoshli murabbiy 2018 yildan Argentinani boshqarib, 2022 jahon chempionati, ikki Amerika kubogi va Finalissimoda g'olib chiqqan."
"Kim nima desa, desin! Messi tanqidchilarga qattiq javob berdi Argentina terma jamoasi hujumchisi Lionel Messi jamoaning navbatdagi muvaffaqiyati va shu fonda yangrayotgan tanqidlarga munosabat bildirdi. So‘nggi paytlarda jamoatchilik orasida FIFA Argentinga haddan tashqari yordam berayotgani, bu esa jamoaga jahon chempionatida qo‘l kelayotganini haqida fikrlar ko‘paygan. Amaldagi jahon chempionlari yarim finalda Angliyani 2:1 hisobida mag‘lub etdi va ikkinchi marta ketma-ket chempion bo‘lish uchun faqat bir qadam qoldi. - Jamoamiz qilayotgan ish – aqlbovar qilmas narsa. Beshta final. Biz o‘tgan jahon chempionatida g‘olib bo‘ldik, to‘rt yil davomida eng kuchli jamoa bo‘lib keldik va yana finalda turibmiz. Kim nima demasin, kimni qanchalik ranjitmasin, biz barchasiga xarakterimiz va o‘yinimiz hisobiga erishyapmiz.","Argentina hujumchisi Lionel Messi jamoa muvaffaqiyatiga qarshi yangragan tanqidlarga munosabat bildirdi — ba'zilar FIFA Argentinaga ortiqcha yordam berayotganini aytmoqda. Amaldagi chempionlar yarim finalda Angliyani 2:1 yengib, ketma-ket ikkinchi chempionlikka bir qadam qoldi. Messining aytishicha, jamoa besh finalda qatnashib, to'rt yil eng kuchli bo'lib kelgan va bunga faqat xarakter va o'yin orqali erishgan."
"Argentina muxlislari o‘qqa tutildi Argentina futbolida faoliyat yurituvchi «Tigre» klubi muxlislari ketayotgan avtobusga Janubiy Amerika kubogi uchrashuvidan so‘ng o‘q uzildi. Bu haqida TyC Sports nashri xabar berdi. 1/16 final doirasidan o‘rin olgan ilk bahs Montevideoda o‘tkazildi va unda «Tigre» mezbon jamoa «Nasyonal» ustidan 3:0 hisobida g‘alaba qozondi. Uchrashuvdan keyin, tun yarmida shaharni tark etayotgan muxlislar avtobusi noma’lum shaxslar tomonidan o‘qqa tutilgan. Manbalarga ko‘ra, hujum natijasida bir nafar muxlis yaralangan. U qo‘lidan o‘q yeb, shifoxonaga yetkazilgan. Dastlabki tibbiy yordam va davolanishdan so‘ng u kasalxonadan chiqarilgan, klub esa uning Buenos‑Ayresga qaytib borishini tashkil etgan. «Tigre» klubi sodir bo‘lgan voqeaga ijtimoiy tarmoqlarda munosabat bildirdi.","Argentinaning «Tigre» klubi muxlislari Janubiy Amerika kubogi o'yinidan so'ng avtobusda o'q ostida qolishdi. TyC Sports xabariga ko'ra, «Tigre» Montevideoda «Nasyonal»ni 3:0 yengib, o'yindan keyin shahar tark etayotgan muxlislar avtobusi noma'lum shaxslar tomonidan o'qqa tutilgan. Bitta muxlis qo'lidan yaralangan, davolangach kasalxonadan chiqarilgan va Buenos-Ayresga qaytarilgan."
"Luis Suarez Levandovski debutini rasvo qildi 22 iyuldan 23 iyulga o‘tar kechasi Amerika MLS chempionati doirasida «Inter Mayami» va «Chikago Fayr» jamoalari o‘rtasida uchrashuv bo‘lib o‘tdi. Kuchli kurash ruhida o‘tgan bellashuv 3:2 hisobida Mayami klubi foydasiga yakunlandi. «Inter Mayami» tarkibida Luis Luarеs ikki bor raqib darvozasini ishg‘ol qildi, yana bir golga Preston Plambek mualliflik qildi. «Chikago Fayr» jamoasi safida esa Puso Ditejan gol urdi, yana bir gol esa Rokko Rios Novo tomonidan o‘z darvozasiga kiritilgan avtogol sifatida qayd etildi. «Chikago Fayr» uchun ushbu o‘yin yana bir jihatdan tarixiy bo‘ldi: jamoa safida Robert Levandovski ilk bor maydonga tushdi. U 63 daqiqa o‘ynadi, ammo gol yoki golli pas bilan jamoasiga yordam bera olmadi. «Inter Mayami» tarkibida esa Lionel Messi bu safar maydonga chiqmadi.","22-23 iyul kechasi MLS chempionatida «Inter Mayami» «Chikago Fayr»ni 3:2 yengdi. Mayami safida Luis Suares ikki, Preston Plambek bir gol urdi. «Chikago» safida Puso Ditejan gol urdi, yana bir gol Rokko Rios Novoning o'z darvozasiga kirgan avtogol bo'ldi. Bu o'yin «Chikago» uchun tarixiy bo'ldi — Robert Levandovski jamoa safida ilk bor 63 daqiqa maydonga tushdi, ammo gol yoki uzatma bera olmadi. Messi bu safar o'ynamadi."
"Bu darvozabon “devor” ekan! 2026 yildagi jahon chempionatida g‘olib chiqqan Ispaniya terma jamoasi himoya mustahkamligi va darvozabon ishonchliligi bo‘yicha yorqin natija qayd etdi. Ispanlar mundial davomida maksimal sakkizta uchrashuvni o‘tkazib, bu bahslarda atigi bir marotaba o‘z darvozasi daxlsizligini saqlay olmadi. Ularning darvozasini faqat Belgiya futbolchisi Sharl de Ketelare chorak finalda ishg‘ol qilishga muvaffaq bo‘ldi. Qolgan raqiblar – Saudiya Arabistoni, Urugvay, Avstriya, Portugaliya, Fransiya va Argentina Ispaniya himoyasini yora olmadi. Bu raqib orasida Krishtianu Ronald, Kilian Mbappe va Lionel Messi kabi jahon darajasidagi to‘purarlar borligi ham Unay Simonga hech qanday muammo tug‘dirmadi. Bungacha hech bir jahon chempioni turnirni atigi bitta o‘tkazib yuborilgan gol bilan yakunlamagan.","2026 jahon chempionatida g'olib chiqqan Ispaniya himoya mustahkamligi bilan ajralib turdi — sakkiz o'yinda faqat bir marta gol yeb qo'ygan, uni ham Belgiyalik Sharl de Ketelare urgan. Ronaldu, Mbappe va Messi kabi kuchli hujumchilarga qaramay, boshqa raqiblar darvozabon Unay Simonni yenga olmadi. Bunday oz gol yegan chempion hali bo'lmagan edi."
"U terma jamoa tarkibida 2022 yilda jahon chempioni bo‘ldi, ikki marta Amerika kubogini, bir marta esa Finalissimani qo‘lga kiritdi.","U terma jamoa bilan 2022 yilda jahon chempioni, ikki marta Amerika kubogi va bir marta Finalissima g'olibi bo'ldi."
"Mbappe bir yilda uchta turnir to‘purari bo‘lib, birorta sovrin yutolmadi Kilian Mbappe bir yil ichida bir vaqtning o‘zida uchta yirik musobaqada eng ko‘p gol urgan futbolchi sifatida tarixga kirdi. Fransiya terma jamoasi hujumchisi jahon chempionatida 8 o‘yinda 10 ta gol urib, musobaqaning eng yaxshi to‘purariga beriladigan «Oltin butsa» sovrinini qo‘lga kiritdi. Shuningdek, 2025/2026 yilgi mavsumda «Real» safida Mbappe Chempionlar ligasida 15 ta, La Ligada esa 25 ta gol muallifiga aylandi. Qiziqishi shundaki, u ushbu uch musobaqaning hech birida jamoasi bilan g‘olib chiqmadi. Ilgariroq bunday natijaga faqat bitta futbolchi – Eysebio erishgan edi. U 1966 yilda jahon chempionati, milliy chempionat va Yevropa chempionlar kubogida to‘purarlik ro‘yxatlarida peshqadam bo‘lgan.","Kilian Mbappe bir yilda uch yirik musobaqada eng ko'p gol urgan futbolchi bo'ldi, ammo birortasida jamoasi bilan chempion bo'lolmadi. U jahon chempionatida 8 o'yinda 10 gol urib «Oltin butsa»ni oldi, 2025/26 mavsumda esa «Real» safida Chempionlar ligasida 15, La Ligada 25 gol urdi. Bunday natijaga ilgari faqat Eysebio erishgan — u 1966 yilda uch xil turnirda golzarlar reytingida yetakchi bo'lgan."
"Tomas Tuxel tanqidlarga munosabat bildirdi Angliya terma jamoasi bosh murabbiyi Tomas Tuxel aytilgan tanqidlarga munosabat bildirdi. «Rostini aytsam, kechagi matbuot anjumanida shunday taassurot uygʻotdiki, goʻyoki biz guruh bosqichida birorta ham gʻalabaga erisholmay, musobaqani tark etgandekmiz. Oradan 24 soat oʻtib, soʻnggi 60 yildagi eng katta yutugʻimizga erishdik. Shuning uchun biz magʻlubiyatdan keyin ruhdan tushmaslikka, gʻalabadan keyin esa ortiqcha magʻrurlanib ketmaslikka harakat qilamiz. Menimcha, Argentinga qarshi magʻlubiyatdan keyingi reaksiya haddan tashqari salbiy boʻldi. Lekin bu ham futbolning bir qismi. Eng toʻgʻri yoʻl – boʻlib oʻtganiga oʻranib qolmaslik, oʻzingni qoʻlga olish va navbatdagi oʻyinni yutishga intilish. Qolgan hamma narsa – faqat gap-soʻz. Gap-soʻzlar ochko ham, medal ham bermaydi.","Angliya bosh murabbiyi Tomas Tuxel tanqidlarga javob berdi. Uning aytishicha, matbuot anjumanidan 24 soat o'tib jamoa so'nggi 60 yildagi eng katta yutuqqa erishdi, shuning uchun mag'lubiyatdan keyin ham, g'alabadan keyin ham me'yorni saqlash kerak. Uning fikricha, Argentinaga yutqazgandan keyingi tanqidlar haddan tashqari salbiy bo'ldi, ammo bu futbolning bir qismi — muhimi, oldinga qarab navbatdagi o'yinni yutishga intilish."
"Eslatib o‘tamiz, Julian Alvares Argentina terma jamoasi tarkibida 2026 yildgi jahon chempionati finalida Ispaniya jamoasiga qarshi maydonga tushadi.",Julian Alvares Argentina safida 2026 jahon chempionati finalida Ispaniyaga qarshi maydonga tushadi.
"Desham: Mağlubiyatning asosiy sababi shundaki, biz yomonroq o‘ynadik Frantsiya terma jamoasi bosh murabbiyi Didye Desham jahon chempionati yarim finalida Ispaniyaga qarshi uchrashuvdan keyin oʻz fikrlarini bildirdi. Bellashuv 0:2 hisobida ispaniyaliklar foydasiga yakunlandi. «Futbolchilar ruhan ham, jismonan ham juda charchagan. Lekin xolis boʻlishimiz kerak: biz texnik jihatdan raqibdan qolishib ketdik. Bu – bizning masʼuliyatimiz. Shu bilan birga, savol tugʻiladi: bu darajadagi yarim finalni boshqarish uchun ushbu hakamning saviyasi yetarlimi? Men bu savolga javob bermayman», – dedi Desham M6 telekanaliga bergan intervyusida. Uning taʼkidlashicha, oʻyin davomida bir qator bahsli epizodlar kuzatilgan, ammo magʻlubiyatni faqatgina hakamlik bilan bogʻlash notoʻgʻri boʻladi. «Albatta, maydonda tortishuvli vaziyatlar koʻp boʻldi.","Fransiya bosh murabbiyi Didye Desham Ispaniyaga 0:2 yutqazgan yarim finaldan so'ng gapirdi. Uning aytishicha, futbolchilar ruhan va jismonan charchagan bo'lsa-da, jamoa texnik jihatdan raqibdan qolishib ketdi va bu ularning mas'uliyati. U hakamning saviyasi haqidagi savolga aniq javob bermadi, ammo mag'lubiyatni faqat hakamlik bilan bog'lash noto'g'ri ekanini ta'kidladi."
"Braziliya prezidenti JChdan keyin vatanga qaytmagan futbolchilarni qoriladi Braziliya prezidenti Luis Inasiyu Lula da Silva jahon chempionatida ishtirok etgan milliy terma jamoa futbolchilarini musobaqadan so‘ng mamlakatga qaytmagani uchun keskin tanqid qildi. Davlat rahbarining fikrlari Globo portali tomonidan keltirilgan. Braziliya terma jamoasi jahon chempionati 1/8 final bosqichida Norvegiyaga 1:2 hisobida mag‘lub bo‘ldi. Metropoles nashrining yozishicha, musobaqadan so‘ng Braziliyaga qaytgan samolyotda murabbiylar shtabi va xizmat ko‘rsatuvchi xodimlar bilan birga faqat himoyachi Danilo bo‘lgan. Qolgan futbolchilar esa AQShdan to‘g‘ridan-to‘g‘ri boshqa mamlakatlarga ta’tilga uchib ketishni ma’qul ko‘rgan. ""Deyarli samolyotda hech kim yo‘q edi. Bu qanday sharmandalik, sizlar o‘zingizdan uyalasizmi o‘zi?"" — dedi Braziliya prezidenti.","Braziliya prezidenti Lula da Silva jahon chempionatidan keyin vatanga qaytmagan futbolchilarni tanqid qildi. Braziliya 1/8 finalda Norvegiyaga 1:2 yutqazgan edi. Metropoles xabariga ko'ra, vatanga qaytgan samolyotda faqat himoyachi Danilo bo'lgan, qolganlari esa to'g'ridan-to'g'ri boshqa mamlakatlarga dam olishga uchib ketishgan. Prezident bundan norozi ekanini bildirdi."
"FIFA Jahon chempionati finalida Paredesga berilgan qizil kartochkani bekor qildi Argentina terma jamoasi yarim himoyachisi Leandro Paredesga Jahon chempionati–2026 finalida ko‘rsatilgan qizil kartochka bekor qilindi. Bu haqida ijtimoiy tarmoqlarda insayder Deil Jonson ma’lumot berdi. Uning xabariga ko‘ra, Paredes finaldagi mojaro uchun qo‘shimcha tartib-intizomiy jazoga tortilmaydi. FIFA ushbu epizodni qayta ko‘rib chiqqach, futbolchiga nisbatan qat’iy chora ko‘rishdan voz kechgan. Eslatib o‘tamiz, Ispaniya va Argentina terma jamoalari o‘rtasidagi Jahon chempionati final bahsi yakshanba, 19 iyul kuni bo‘lib o‘tdi. «Qizil furiya» keskin kurashlarga boy o‘yinda minimal hisobda g‘alaba qozonib, tarixida ikkinchi bor jahon chempioniga aylandi. Uchrashuvdagi yagona golni qo‘shimcha bo‘limlarda Ispaniya hujumchisi Ferran Torres urdi.","FIFA Argentina yarim himoyachisi Leandro Paredesga jahon chempionati finalida berilgan qizil kartochkani bekor qildi va qo'shimcha jazo bermadi. Bu haqida insayder Deil Jonson xabar berdi. Finalda Ispaniya Argentinani minimal hisobda yengib, ikkinchi marta jahon chempioni bo'ldi. Yagona golni qo'shimcha vaqtda Ferran Torres urgan."
"Messi Jahon chempionati yarim finalining eng yaxshi oʻyinchisi deb topildi Argentina terma jamoasi sardori Lionel Messi Angliyaga qarshi jahon chempionati yarim finalida maydondagi eng yaxshi oʻyinchi sifatida tan olindi. Bu haqida Xalqaro futbol assotsiatsiyasi (FIFA) rasmiy saytida maʼlum qilindi. Chorshanba kuni boʻlib oʻtgan bahsda Argentina Angliyani 2:1 hisobida magʻlub etdi va shunday qilib, ketma-ket ikkinchi bor jahon chempionati finaliga yoʻl oldi. Messi ushbu oʻyinda ikki bor hal qiluvchi pas berib, jamoasining irodali gʻalabasida asosiy figuralardan biriga aylandi. Shu tariqa, argentinalik yulduz musobaqada oʻtkazgan yetti uchrashuvning beshtasida “oʻyin qahramoni” sifatida eʼtirof etildi. Unga bundan avval ham bir qator oʻyinlardan soʻng ushbu unvon berilgan edi.","Argentina sardori Lionel Messi jahon chempionati yarim finalida Angliyaga qarshi eng yaxshi o'yinchi deb topildi. Bu haqida FIFA sayti ma'lum qildi. Argentina o'yinda 2:1 g'alaba qozonib, ketma-ket ikkinchi finalga chiqdi. Messi ikki hal qiluvchi pas berdi va turnirning yetti o'yinidan beshtasida «o'yin qahramoni» deb tan olindi."
"""Al-Hilol"" ""Oltin toʻp"" sohibini oʻz tarkibiga qoʻshib olmoqchi Saudiyaning ""Al-Hilol"" klubi kutilmagan transfer amalga oshirish arafasida. Ar-Riyod jamoasi ""Pari Sen-Jermen"" tarkibida o‘ynayotgan, ""Oltin to‘p"" sohibi Usmjn Dembeleni sotib olish rejasini ishlab chiqmoqda. Jurnalist Sasha Tavolieri ijtimoiy tarmoqlarda yozishicha, ""Al-Hilol"" vakillari Frantsiya terma jamoasi hujumchisining agentlari bilan allaqachon aloqa o‘rnatgan. Agar Dembele saudiyaliklar taklifini qabul qilsa, shundan so‘ng klub PSJ bilan rasmiy muzokaralarga kirishadi. Arab klubi transfer uchun aniq qancha mablag‘ taklif etishi hozircha oshkor etilmagan. ""Transfermarkt"" portali ma’lumotlariga ko‘ra, hozirgi paytda Usman Dembelening bozor qiymati 100 million yevro atrofida baholanmoqda. Futbolchining ""Pari Sen-Jermen"" bilan amaldagi shartnomasi 2028 yil yozigacha mo‘ljallangan.","Saudiyaning «Al-Hilol» klubi PSJ hujumchisi, «Oltin to'p» sohibi Usman Dembeleni sotib olish rejasini ishlab chiqmoqda. Jurnalist Sasha Tavolieri xabariga ko'ra, klub futbolchi agentlari bilan aloqa o'rnatgan; agar Dembele rozi bo'lsa, PSJ bilan rasmiy muzokara boshlanadi. Taklif summasi hali oshkor qilinmagan. Dembelening bozor qiymati 100 million yevro, PSJ bilan shartnomasi 2028 yilgacha."
"Jud Bellingem: Bu jamoa mavsumni shunday yuqori kayfiyatda yakunlashga to'laqonli haqli edi Angliya terma jamoasi yarim himoyachisi Jud Bellingem Fransiya terma jamoasiga qarshi uchinchi o‘rin uchun bo‘lib o‘tgan bahsdan so‘ng o‘z fikrlari bilan o‘rtoqlashdi. Ma’lumki, Jahon chempionati-2026 musobaqasi AQSh, Meksika va Kanada hududlarida o‘tkazilmoqda. «Bu jamoa mavsumni shunday yuqori kayfiyatda yakunlashga to‘laqonli haqli edi. Albatta, biz bu yerga aynan shu natija uchun kelmagan edik, lekin 1966 yildan buyongi eng yaxshi ko‘rsatkich — kelgusi rejalarni qurish uchun mustahkam asos. Yana bir bor Angliya terma jamoasi muxlislariga minnatdorchilik bildiraman. Bu yoz ko‘p jihatdan esda qolarli bo‘ldi. Juda yoqimli tajriba bo‘ldi», — deya Bellingem so‘zlarini keltiradi jurnalist va insayder Fabrizio Romano.","Angliya yarim himoyachisi Jud Bellingem Fransiyaga qarshi uchinchi o'rin uchun o'yindan so'ng fikr bildirdi. Uning aytishicha, jamoa bu natijani mavsumni yuqori kayfiyatda yakunlashga haqli topgan — bu 1966 yildan beri Angliyaning eng yaxshi natijasi va kelajak uchun mustahkam asos. Bellingem muxlislarga minnatdorchilik bildirdi."
"""Liverpool"" ""Wolverhampton"" yarim himoyachisini sotib olishi mumkin ""Liverpool"" rahbariyati shu yozgi transfer oynasida ""Wolverhampton"" yarim himoyachisi Joao Gomesni o‘z safiga qo‘shib olish imkoniyatini ko‘rib chiqmoqda. Football Insider nashri xabariga ko‘ra, 25 yoshli braziliyalik futbolchi mersisayd klubining transfer ro‘yxatiga kiritilgan. Ma’lumotlarga qaraganda, ""qizillar"" allaqachon ""Wolverhampton"" bilan Gomesning ehtimoliy transferi bo‘yicha muzokaralarni boshlab yuborgan. Futbolchi uchun taklif etilayotgan summa taxminan 35 million evroni tashkil etishi mumkin. Shu bilan birga, Joao Gomesga ""Manchester Yunayted"" va Madriddagi ""Atletiko"" jamoalari ham jiddiy qiziqish bildirmoqda. Eslatib o‘tamiz, o‘tgan mavsumda Joao Gomes Angliya chempionatida ""Wolverhampton"" tarkibida 35 ta o‘yinda maydonga tushib, bir gol urdi va bir golli uzatma muallifiga aylandi. Undan avval futbolchi vatanida ""Flamengo"" klubi sharafini himoya qilgan.","«Liverpul» «Wolverhampton» yarim himoyachisi Joao Gomesni o'z safiga qo'shib olish imkoniyatini ko'rib chiqmoqda. Football Insider xabariga ko'ra, 25 yoshli futbolchi transfer ro'yxatiga kiritilgan va muzokaralar allaqachon boshlangan. Taklif summasi taxminan 35 million yevro. Unga «Manchester Yunayted» va «Atletiko» ham qiziqmoqda. O'tgan mavsumda Gomes 35 o'yin o'tkazib, bir gol urgan va bir golli uzatma bergan."
"""Manchester Siti"": Ketsang ketaver! «Manchester Siti» yarim himoyachi Rodrini saqlab qolish niyatida emas, unga jiddiy qiziqish bildirgan klublar orasida esa «Real Madrid» alohida ajralib turibdi. Madrid klubi 30 yoshli futbolchi uchun kurashga yana qaytgani aytilmoqda. «Santyago Bernabeu»da mutasaddilar klub prezidenti Florentino Peresni jahon chempionini olish zarurligiga ishontirishga muvaffaq bo'lishgan. Le Journal du Real nashri xabariga ko'ra, «Manchester Siti» rahbariyati ispaniyalik futbolchining ketishiga to'siq qo'ymaslikka qaror qilgan. Angliya klubi Rodrining «Real» safida o'zini sinab ko'rish istagidan xabardor. Shu bois, manbaga ko'ra, «shaharliklar» uning rejalariга hurmat va minnatdorlik sifatida aralashmaslikka moyil. Ishonchli manbalar tarqatayotgan ma'lumotlarga ko'ra, «Real» Rodrining o'zi bilan shaxsiy shartnoma borasida deyarli kelishib olgan. Biroq hozircha «Manchester Siti»ga rasmiy taklif yuborilmagan.","«Manchester Siti» yarim himoyachisi Rodrini saqlab qolish niyatida emas, unga esa «Real Madrid» qattiq qiziqmoqda. Le Journal du Real xabariga ko'ra, «Siti» rahbariyati uning ketishiga to'siq qo'ymaslikka qaror qildi, chunki futbolchi o'zi «Real»da o'ynashni istaydi. «Real» Rodri bilan shaxsiy shartnoma bo'yicha deyarli kelishib olgan, ammo «Siti»ga hali rasmiy taklif yuborilmagan."
"Messi: Bu oʻziga xos uchrashuv boʻladi, men hech qachon Angliya terma jamoasiga qarshi oʻynamaganman Argentina terma jamoasi sardori Lionel Messi 2026 yildgi jahon chempionati yarim finalida Angliyaga qarshi bahs uning yorqin karerasida alohida sahifa bo‘lishini ta’kidladi. «Bu men uchun o‘ziga xos, noyob palla bo‘ladi, chunki men hali hech qachon Angliya terma jamoasiga qarshi maydonga tushmaganman. Ular juda kuchli jamoa, katta futbol mamlakati. Bunday raqiblarga qarshi o‘yin har doim hayajonli kechadi», – deya Messining so‘zlarini keltiradi AS nashri. Argentina va Angliya terma jamoalari oxirgi bor 2005 yil 12 noyabr kuni o‘rtoqlik uchrashuvida to‘qnash kelgan. Jenevada o‘tgan o‘sha bahsda anglichanlar 3:2 hisobida g‘alaba qozongan.","Argentina sardori Lionel Messi 2026 jahon chempionati yarim finalida Angliyaga qarshi o'yin uning karyerasida alohida bo'lishini aytdi, chunki u hech qachon Angliyaga qarshi o'ynamagan. Uning so'zlariga ko'ra, Angliya kuchli jamoa va bunday raqibga qarshi o'yin har doim hayajonli. Ikki terma jamoa oxirgi marta 2005 yilda o'rtoqlik uchrashuvida to'qnashgan, o'shanda Angliya 3:2 yutgan edi."
"""JCh-2026"" finaliga chipta narxi 11 million dollardan oshdi Rasmiy qayta sotish maydonidagi FIFA platformasida Jahon chempionati-2026 finali uchun eng qimmat chipta narxi 11 499 998,85 dollargacha ko‘tarilgani xabar qilinmoqda, deya yozadi ABS News. Ma’lumotlarga ko‘ra, final uchrashuviga chiptalarning eng arzon varianti 7440,50 dollardan boshlangan. FIFA rasmiy chipta savdosini hali ham davom ettirmoqda. Juma kuni erkin savdoda final uchun ikkinchi toifaga kiruvchi 1178 ta chipta qolgan bo‘lib, ularning har biri 7380 dollardan taklif etilgan. Final uchrashuvi 19 iyul kuni AQShning Nyu-Djersi shtati, Ist-Raterford shahrida joylashgan «MetLife Stadium» arenasida o‘tkazilishi rejalashtirilgan. Shuningdek, muxlislar uchun birinchi toifadagi 68 ta chipta taklif etilgan. Ularning narxi 19 995 dollardan 32 970 dollargacha bo‘lgan.","Jahon chempionati-2026 finaliga eng qimmat chipta narxi rasmiy qayta sotish platformasida 11,5 million dollarga yetdi. ABS News xabariga ko'ra, eng arzon chipta 7440,50 dollardan boshlangan. Final 19 iyulda Ist-Raterforddagi «MetLife Stadium»da bo'lib o'tadi. Ikkinchi toifadagi chiptalar 7380 dollardan, birinchi toifadagilar esa 19 995 dan 32 970 dollargacha sotilmoqda."
"""Barsa"", bu yulduzni 200 million yevroga ham ololmaysan! Madridning «Atletiko» klubi bosh direktori Migel Anxel Xil «Barselona» prezidenti Joan Laportaning bayonotiga munosabat bildirdi. Laporta avvalroq kataloniyaliklar «matraschilar»ga hujumchi Xulian Alvares transferi bo‘yicha taklif yo‘llagani, ammo bu taklif abadiy emasligini aytgan edi. - Yaqinda men «Barsa» prezidentining: u «Atletiko»ga qilgan taklifi muddatsiz emasligi haqidagi gaplarini eshitdim. Biz bera oladigan yagona javob shunday: yo‘q, biz Alvaresni sotish niyatida emasmiz. Taklif 100 million bo‘ladimi, 150 millionmi yoki 200 million evromi — baribir, buni qabul qilmaymiz, — deya Xilning so‘zlarini klub matbuot xizmati orqali AS nashri keltiradi. Avvalroq ommaviy axborot vositalari «Barselona» Alvares transferi uchun 100 million yevro to‘lashga tayyor ekani haqida xabar bergan edi.","«Atletiko» bosh direktori Migel Anxel Xil «Barselona» prezidenti Joan Laportaning bayonotiga javob berdi. Laporta ilgari Xulian Alvares transferi uchun taklif yuborganini va bu taklif muddatsiz emasligini aytgan edi. Xilning aytishicha, taklif 100, 150 yoki 200 million yevro bo'lsa ham, «Atletiko» Alvaresni sotmaydi. Ilgari «Barselona» bu transfer uchun 100 million yevro to'lashga tayyorligi haqida xabar bergan edi."
"O'zbekistonga qarshi o'ynagan futbolchi o'lim tahdidi tufayli uyiga qaytmadi Kolumbiya terma jamoasi yarim himoyachisi Xaminton Kampas 2026 yildgi jahon chempionatidan keyin o‘z vataniga qaytmagan. Bu haqida jurnalist Kamilo Pinto ijtimoiy tarmoqda xabar berdi. Ma’lumotlarga ko‘ra, Kolumbiyaning Shveytsariyaga qarshi 1/8 final bahsida (0:0, penaltilar seriyasida 3:4) Kampas uchrashuvning 115-daqiqasida qulay vaziyatdan foydalanа olmadi. U tepgan to‘p darvoza ustidan o‘tib ketdi. Keyin esa kolumbiyaliklar penaltilar seriyasida mag‘lub bo‘lib, musobaqani tark etgan. Shundan so‘ng Kampas va uning oila a’zolariga o‘lim tahdidlari kela boshlagan. Futbolchi bu tahdidlarni jiddiy qabul qilgan va xavfsizlik nuqtai nazaridan Kolumbiyaga qaytmaslikka qaror qilgan. Xaminton Kampas guruh bosqichida O‘zbekiston bilan bo‘lgan uchrashuvda ham ishtirok etgan edi.","Kolumbiya yarim himoyachisi Xaminton Kampas 2026 jahon chempionatidan so'ng vataniga qaytmadi. Jurnalist Kamilo Pinto xabariga ko'ra, u Shveytsariyaga qarshi 1/8 finalda (0:0, penaltida 3:4) hal qiluvchi zarbani sog'indirgach, unga va oilasiga o'lim tahdidlari kela boshlagan. Xavfsizlik nuqtai nazaridan u Kolumbiyaga qaytmaslikka qaror qildi. Kampas guruh bosqichida O'zbekistonga qarshi ham o'ynagan edi."
"Bekxem mundialdan katta daromad bilan chiqdi «Inter Mayami» klubining bosh investori Devid Bekxem jahon chempionatini nafaqat qizil vino bilan futbol tomosha qilib o‘tkazdi, balki katta daromad ham ko‘rdi. «Manchester Yunayted» va «Real» sobiq yulduzi musobaqa davomida reklama kelishuvlari orqali sezilarli mablag‘ ishlab olgan. The Touchline nashrining Daily Mirrorga tayanib xabar berishicha, jahon chempionati paytida Bekxem turli reklama shartnomalari orqali 22 million evrodan ortiq daromad olgan. Eslatib o‘tamiz, 2026 yildgi jahon chempionati 11 iyundan 19 iyulgacha bo‘lib o‘tdi. Musobaqada Ispaniya terma jamoasi g‘olib chiqdi. Finalda ispanlar qo‘shimcha daqiqalarda kiritilgan yagona gol evaziga Argentina ustidan 1:0 hisobida g‘alaba qozondi. Shu paytda «Inter Mayami» MLSning Sharq konferensiyasi turnir jadvalidа ikkinchi o‘rinni egalab turibdi.","«Inter Mayami» investori Devid Bekxem jahon chempionati davomida reklama shartnomalaridan 22 million yevrodan ortiq daromad oldi. Bu haqida The Touchline, Daily Mirrorga tayanib, xabar berdi. 2026 jahon chempionati 11 iyundan 19 iyulgacha o'tib, Ispaniya g'olib chiqdi — finalda Argentinani qo'shimcha vaqtda 1:0 yengdi. «Inter Mayami» hozir MLS Sharq konferensiyasida ikkinchi o'rinda."
"Romero nega Trampga qo‘l uzatmadi? Argentina terma jamoasi himoyachisi Kristian Romero jahon chempionati finalidan so‘ng o‘tkazilgan taqdirlash marosimida AQSh prezidenti Donald Tramp bilan qo‘l siqishdan bosh tortdi. Eslatib o‘tamiz, hal qiluvchi bahsda Argentina Ispaniyaga qarshi maydonga tushdi va qo‘shimcha daqiqalarda kiritilgan yagona gol hisobni belgilab qo‘ydi – 0:1. «Tottenxem» klubi sharafini himoya qiladigan Romero medal olish uchun sahnaga ko‘tarilganda, avvalo FIFA prezidenti Janni Infantino bilan qo‘l siqishdi. Infantino argentinalik futbolchining bo‘yniga ikkinchi o‘rin medalini taqdi. Shundan so‘ng Romero navbatda turgan Donald Tramp oldidan to‘xtamasdan o‘tib ketdi va unga qo‘l bermadi. Romerodan oldin podiumga chiqqan hujumchi Xulian Alvares esa ham Infantino, ham Tramp bilan qo‘l siqib, ularni odatiy tarzda qutlab o‘tdi.","Argentina himoyachisi Kristian Romero jahon chempionati finalidan so'ng taqdirlash marosimida AQSh prezidenti Donald Tramp bilan qo'l siqishdan bosh tortdi. Finalda Argentina Ispaniyaga 0:1 yutqazgan edi. Romero medal olayotganda FIFA prezidenti Infantino bilan qo'l siqib, keyin Trampning oldidan to'xtamay o'tib ketdi. Undan oldin chiqqan Xulian Alvares esa ikkalasi bilan ham qo'l siqib qutlagan edi."
"FIFA xavotirda! Jahon chempionati finali ko‘chirilishi mumkin AQShda 2026 yildgi jahon chempionati finali Argentina va Ispaniya terma jamoalari oʻrtasidagi bellashuv oʻrmon yongʻinlari sababli koʻchirilishi yoki bekor qilinishi mumkinligi haqida xavotirlar paydo boʻldi, deb xabar bermoqda Ole.us. Mutaxassislar bunday stsenariy ehtimoli hozircha past ekanini taʼkidlamoqda. Ispaniya — Argentina uchrashuvi Nyu-York shahridagi «MetLayf» stadionida boʻlib oʻtishiga uch kun qoldi. Shu bilan birga, bu variantni butunlay inkor etib boʻlmaydi. Turnir tashkilotchilari uchun asosiy ustuvor vazifa — oʻyin ishtirokchilari va stadionga keladigan 80 mingdan ortiq muxlislar sogʻligi hamda xavfsizligini taʼminlashdir. Shu bois uchrashuvni kechiktirish yoki boshqa sanaga koʻchirish ehtimoli koʻrib chiqilishi mumkin. Biroq shu bilan birga, mutaxassislar dud tarqalishi va 19 iyul, yakshanba kuniga qadar u jiddiy muammoga aylanmasligiga umid qilmoqda.","AQShda 2026 jahon chempionati finali o'rmon yong'inlari sababli ko'chirilishi yoki bekor qilinishi mumkinligi haqida xavotirlar paydo bo'ldi. Bu haqida Ole.us xabar berdi. Mutaxassislarning aytishicha, bunday ehtimol hozircha past, ammo tashkilotchilar uchun asosiy maqsad — o'yin va 80 mingdan ortiq muxlisning xavfsizligi. Shu sabab uchrashuvni kechiktirish varianti ko'rib chiqilishi mumkin."
"""Oltin to‘p"" uchun da’vogarlar reytingi yangilandi Dunyo futbolida eng nufuzli shaxsiy sovrinlardan biri sanaladigan «Oltin to‘p» uchun kurash tobora qizimoqda. Jahon chempionati yarim final bosqichidan so‘ng Goal portali 2026 yildgi «Oltin to‘p» uchun asosiy da’vogarlar ro‘yxatini yangiladi. Reytingda hozircha «Bavariya» va Angliya terma jamoasi hujumchisi Harri Keyn peshqadamlikni saqlab qoldi. Biroq angliyaliklarning yarim finalda musobaqani tark etishi unga bo‘lgan ishonchni sezilarli darajada pasaytirdi. Shu bois Keyning pozitsiyasi avvalgidek mustahkam emas, degan fikrlar ko‘paymoqda. Yangilangan ro‘yxatda Argentina terma jamoasi sardori Lionel Messi ikkinchi o‘ringa ko‘tarildi. U jamoasi bilan jahon chempionati finaligacha yetib borish imkoniyatini saqlab qolgan, shu bilan birga musobaqa to‘purarlari bahsida ham yetakchilar qatorida bormoqda.","Jahon chempionati yarim finalidan so'ng Goal portali «Oltin to'p» uchun asosiy da'vogarlar ro'yxatini yangiladi. Reytingda hali «Bavariya» va Angliya hujumchisi Harri Keyn yetakchi, ammo Angliyaning yarim finalda chiqib ketishi uning ishonchini pasaytirdi. Argentina sardori Lionel Messi ikkinchi o'ringa ko'tarildi — u finalga chiqib, golzarlar reytingida ham yetakchilar qatorida."
"Laport jahon chempionati yarim finalida oʻz ona yurtini magʻlub etgan birinchi futbolchiga aylandi Ispaniya terma jamoasi himoyachisi Emerik Laport jahon chempionatlari tarixida ilk bor yarim finalda oʻz vataniga qarshi maydonga tushib, gʻalaba qozongan futbolchiga aylandi. Laport Fransiyada tugʻilgan, yoshlar terma jamoalari tarkibida 50 dan ortiq oʻyin oʻtkazgan. Ammo Didye Desham boshqaruvidagi asosiy terma jamoada unga imkoniyat berilmagan edi. Futbolchi oʻsmirlik paytiyoq Bilbaodagi «Atletik» klubi tizimiga qoʻshilgan. 2021 yilda u Ispaniya fuqaroligini oldi va shu yiliyoq yangi terma jamoasi safida debut qildi. 14 iyul kuni Ispaniya terma jamoasi jahon chempionati yarim finalida Fransiyani 2:0 hisobida magʻlub etdi va musobaqa finaliga yoʻl oldi.","Ispaniya himoyachisi Emerik Laport jahon chempionatlari tarixida o'z vataniga qarshi yarim finalda g'alaba qozongan birinchi futbolchi bo'ldi. Fransiyada tug'ilgan Laport yoshlar terma jamoasida o'ynagan, ammo asosiy Fransiya jamoasida imkoniyat bermagan. U 2021 yilda Ispaniya fuqaroligini olib, terma jamoada debyut qilgan. 14 iyulda Ispaniya Fransiyani 2:0 yengib, finalga chiqdi."
"Bu yerda barcha jamoalar musobaqa sharoiti bilan bog‘liq qiyinchiliklarga duch keldi. Shu bilan birga, Ispaniya terma jamoasining mahoratini ham kamsitmayman — ular maydonda o‘yinni to‘liq nazorat qildi, — deya Desham so‘zlarini keltiradi L'Équipe nashri. Frantsiya terma jamoasining bronza uchun raqibi Angliya yoki Argentina bo‘ladi. Ushbu juftlikda g‘olib chiqqan jamoa 2026 yildagi jahon chempionati finalida Ispaniyaga qarshi maydonga tushadi, mag‘lub tomon esa Frantsiya bilan uchinchi o‘rin uchun bahs olib boradi.","Deshamning aytishicha, barcha jamoalar musobaqa sharoitidagi qiyinchiliklarga duch keldi, ammo Ispaniya o'yinni to'liq nazorat qildi. Bu haqida L'Equipe xabar berdi. Fransiya bronza uchun Angliya yoki Argentina bilan o'ynaydi — bu juftlikning g'olibi finalda Ispaniyaga qarshi, mag'lubi esa Fransiya bilan uchinchi o'rin uchun o'ynaydi."
"Argentinani o'n bir marta goldan qutqardi, ammo... 2026 yildgi jahon chempionatining Ispaniya va Argentina milliy terma jamoalari oʻrtasidagi final uchrashuvida darvrzabon seyvlari boʻyicha ajoyib rekord oʻrnatildi. Argentina finalda qoʻshimcha vaqtda magʻlub boʻlganiga qaramay, uning darvozaboni Emiliano Martines turnir tarixidan joy oldi. Mahoratli darvozabon Ispaniyaga qarshi finalda raqibning darvoza bergan 11 ta zarbasini bartaraf etdi. Bungacha hech bir darvozabon jahon chempionati finalida shuncha marta jamoasini goldan qutqarmagan edi. Magʻlubiyatga qaramasdan, Martinesning oʻyini hal qiluvchi bahsning eng yorqin futbolchilaridan biri sifatida baholandi.","Jahon chempionati-2026 finalida darvozabon seyvlari bo'yicha rekord o'rnatildi. Argentina qo'shimcha vaqtda yutqazgan bo'lsa-da, darvozaboni Emiliano Martines Ispaniyaning 11 ta zarbasini bartaraf etib, tarixda bunday ko'p zarbani ushlagan birinchi darvozabon bo'ldi. Mag'lubiyatga qaramay, uning o'yini finalning eng yorqinlaridan biri deb baholandi."
U yerda belgililar keskin kurashga boy uchrashuvda (1:2) keyinchalik chempionlikni qo‘lga kiritgan Ispaniya terma jamoasiga mag‘lub bo‘ldi.,U yerda belgililar keskin kurashda (1:2) keyinchalik chempion bo'lgan Ispaniyaga yutqazgan.
"Klub darajasida Buskets jami 840 o‘yin o‘tkazgan, 19 gol urgan va 62 golli pas bergan. U klublar bilan birgalikda 35ta sovrin qo‘lga kiritgan: La Ligada to‘qqiz marta, Ispaniya Kubogi va Ispaniya Superkubogida yetti martatan g‘olib chiqqan. Shuningdek, UEFA Chempionlar Ligasi, UEFA Superkubogi va Jahon klublar chempionatida uch martatan zafar quchgan. Bir martadan MLSning muntazam chempionati, Shimoliy Amerika ligasi Kubogi va MLS Kubogida ham g‘oliblikni qo‘lga kiritgan. Ispaniya terma jamoasi safida Buskets 143 o‘yin o‘tkazgan (2 gol va 9 golli pas) hamda terma bilan birga 2010 yildgi Jahon chempionati va 2012 yildgi Yevropa chempionatida chempionlikni qo‘lga kiritgan.","Sergio Buskets klub darajasida 840 o'yin o'tkazib, 19 gol urgan va 62 golli pas bergan. U jami 35 sovrin qo'lga kiritgan, jumladan to'qqiz marta La Liga, uch marta Chempionlar ligasi chempioni bo'lgan. Ispaniya terma jamoasida 143 o'yin o'tkazib, 2010 jahon chempionati va 2012 Yevropa chempionatida g'olib chiqqan."
"Tomas Tuxel Jud Bellingem bilan mojaroga munosabat bildirdi Angliya terma jamoasi bosh murabbiyi Tomas Tuxel jamoa yarim himoyachisi Jud Bellingem bilan yuzaga kelgan vaziyatga izoh berdi. - Menimcha, biz bir nuqtadan kelib chiqyapmiz. Men aytgan gaplar ham, uning reaktsiyasi ham bir xil tuyg‘udan — g‘alaba qozonish istagi va maydonda kurash ketayotganda sportcha g‘azabni saqlab qolish xohishidan kelib chiqqan. Unga mening fikrlarimning faqat salbiy tomoni, ya’ni tanqid qismi yetkazilgan, xolos. Aslida men uni dunyo darajasidagi futbolchi, yana bir bor o‘yin taqdirini hal qilgan yuqori saviyadagi o‘yinchi sifatida ta’riflaganman. Shuningdek, bu jamoaning juda kuchli ruhiy holati borligini aytganman. Ammo unga berilgan savolda bu gaplarning hech biri tilga olinmagan.","Angliya bosh murabbiyi Tomas Tuxel Jud Bellingem bilan yuzaga kelgan mojaroga izoh berdi. Uning aytishicha, ikkalasining ham gaplari g'alaba istagi va sportcha g'azabdan kelib chiqqan, ammo Bellingemga uning so'zlarining faqat tanqid qismi yetkazilgan. Tuxel aslida Bellingemni dunyo darajasidagi futbolchi deb ta'riflagan edi."
"Lekin magʻlubiyatning asosiy sababi – biz raqibdan yomonroq oʻynadik. Texnik xatolarga yoʻl qoʻydik, xavfli hujumlarga olib kelishi mumkin boʻlgan noaniq paslar berdik. Bunday yuqori darajadagi futbolda bu juda ogʻir oqibatlarga olib keladi», – deya qoʻshimcha qildi murabbiy. Desham jamoa oʻyin oldidan yaxshi tiklanganini taʼkidladi, biroq Ispaniyaning ustun oʻyinini tan oldi. «Menga jamoa oʻyin oldidan yetarlicha tiklangandek tuyuldi… Shu bilan birga, Ispaniya terma jamoasining mehnatini kamsitmoqchi emasman – ular oʻyinni toʻliq nazorat qildi va munosib ravishda gʻalaba qozondi», – dedi u. Frantsiya bosh murabbiyi endilikda uchinchi oʻrin uchun boʻladigan bellashuvga eʼtibor qaratish lozimligini qayd etdi. «Endi biz bronza medallari uchun maydonga tushamiz.","Fransiya bosh murabbiyi Deshamning aytishicha, mag'lubiyatning asosiy sababi — ular Ispaniyadan yomonroq o'ynagani, texnik xatolar va noaniq paslar berganidir. U jamoa yaxshi tiklangan edi, ammo Ispaniya o'yinni to'liq nazorat qilib, munosib g'alaba qozondi, deb tan oldi. Endi Fransiya uchinchi o'rin uchun o'ynaydi."
"«Mash’al» yangi legioger futbolchini o‘z safiga qo‘shib oldi «Mash’al» chernogoriyalik markaziy himoyachi Drago Bumbar bilan mehnat shartnomasi imzoladi. 28 yoshli futbolchi 1997 yil 10 noyabrda Chernogoriyaning Kotor shahrida tavallud topgan. Uning bo‘yi 193 santimetr bo‘lib, asosan markaziy himoyachi sifatida harakat qiladi. Zarur holatlarda o‘ng qanot himoyasida ham o‘ynay oladi. O‘ng oyoqli futbolchi jismoniy kuchi, havodagi kurashlardagi ustunligi va ishonchli himoyaviy harakatlari bilan ajralib turadi. Faoliyati davomida Chernogoriya, Serbiya va Albaniya chempionatlarida to‘p surgan Bumbar so‘nggi mavsumlarda Chernogoriya Premier-ligasining «Bokel» klubi sharafini himoya qildi. U professional faoliyati davomida 165 ta rasmiy uchrashuvda maydonga tushgan.","«Mash'al» chernogoriyalik himoyachi Drago Bumbar bilan shartnoma imzoladi. 28 yoshli, 193 sm bo'yli futbolchi asosan markaziy himoyachi sifatida o'ynaydi, zarur bo'lsa o'ng qanotda ham chiqadi. U Chernogoriya, Serbiya va Albaniya chempionatlarida to'p surgan va jami 165 rasmiy o'yin o'tkazgan."
"U guruh bosqichidagi ikki o‘yin — Niderlandiya – Yaponiya va Ispaniya – Urugvay uchrashuvlarini boshqargan, shuningdek, pley-off bosqichidagi Braziliya – Norvegiya bahsida ham bosh hakam bo‘lgan. Ispaniya va Frantsiya terma jamoalari o‘rtasidagi ikkinchi yarim finalga esa Salvadordan bo‘lgan hakam Ivan Barton boshchiligidagi hakamlar guruhi tayinlangan. Futbol bo‘yicha jahon chempionati tarixda ilk bor 48 ta milliy terma jamoa ishtirokida va bir vaqtning o‘zida uch davlat — AQSh, Kanada va Meksika hududida o‘tkazilmoqda. Musobaqa 19 iyul kuni nihoyasiga yetadi.","Bosh hakam guruh bosqichida Niderlandiya-Yaponiya va Ispaniya-Urugvay o'yinlarini, pley-offda esa Braziliya-Norvegiya bahsini boshqargan. Ispaniya-Fransiya yarim finaliga Salvadordan Ivan Barton boshchiligidagi hakamlar tayinlangan. Jahon chempionati tarixda ilk bor 48 terma jamoa bilan va uch davlatda o'tkazilmoqda, u 19 iyulda yakunlanadi."
"Mbappe Fransiyaning JCH-2026dagi mag‘lubiyati va Deshamning oxirgi o‘yini haqida fikr bildirdi Frantsiya terma jamoasi kapitani Kilian Mbappe Angliya jamoasiga qarshi uchinchi o‘rin uchun bo‘lib o‘tgan bahsdagi mag‘lubiyat haqida fikr bildirdi. «O‘yin ikki mutlaqo boshqa-boshqa taymdan iborat bo‘ldi. Birinchi bo‘limdan so‘ng nega ba’zilar biz o‘zimizni yomon tomondan ko‘rsatdik, bu futbolka sharafini himoya qila olmadik, deb o‘ylayotganini tushunaman. Lekin men bunga boshqacha qarayman: biz shunchaki insonmiz, xolos. Ammo bunday darajada bunday “insonparvarlik”ka haqqimiz yo‘q. Birinchi taymda butunlay hushimizni yo‘qotdik, raqib esa bizga qattiq saboq berdi. Ikkinchi bo‘limda yana eng yuqori darajadagi futbolchilarga aylandik, ruhan ham haqiqiy mashinaga o‘xshab o‘ynadik. Oxirida baribir yuta olmadik va bu, avvalo, murabbiymiz — Didye Desham uchun juda alamli.","Fransiya kapitani Kilian Mbappe Angliyaga uchinchi o'rin uchun yutqazgan o'yin haqida fikr bildirdi. Uning aytishicha, birinchi bo'limda ular butunlay yo'lini yo'qotib, raqibdan qattiq saboq oldi, ikkinchi bo'limda esa yaxshi o'ynadi, ammo baribir yutolmadi. Bu, uning fikricha, ayniqsa murabbiy Didye Desham uchun juda alamli bo'ldi."
"Mbappe jahon chempionatlarida gollar soni bo‘yicha Messidan o‘tib rekordchiga aylandi Frantsiya terma jamoasi hujumchisi Kilian Mbappe jahon chempionatlari tarixida eng ko‘p gol urgan futbolchi sifatida yangi rekord o‘rnatdi. Angliyaga qarshi uchinchi o‘rin uchun bahsda (4:6) 27 yoshli forvard ikki bor raqib darvozasini ishg‘ol etib, mundiallardagi gollar sonini 22 taga yetkazdi. Bu natijaga erishish uchun unga jahon chempionatlarida 22 ta o‘yin kifoya qildi. Shu tariqa, Mbappe jahon chempionatlari tarixidagi eng samarali to‘purarlar ro‘yxatida peshqadamga aylandi. U 33 ta o‘yinda 21 gol urgan Lionel Messi ko‘rsatkichini ortda qoldirdi. Shu bilan birga, Argentina terma jamoasi yetakchisi Messida fransuz hujumchisini quvib yetish va hatto ortda qoldirish imkoniyati hali saqlanib qolmoqda.","Fransiya hujumchisi Kilian Mbappe jahon chempionatlari tarixida eng ko'p gol urgan futbolchi bo'ldi. Angliyaga qarshi uchinchi o'rin uchun o'yinda (4:6) u ikki gol urib, umumiy hisobini 22 taga yetkazdi — bu 33 o'yinda 21 gol urgan Messi ko'rsatkichidan yuqori. Ammo Messida hali uni quvib yetish imkoniyati bor."
"“Real” va “Barsa” transferi nishoni bo‘yicha yomon xabar oldi Dortmundning “Borussiya” klubi markaziy himoyachisi Niko Shlotterbek endi klub rahbariyatining roziligisiz jamoani tark eta olmaydi. Sky Sport xabariga ko‘ra, iyul oyining o‘rtalarida Shlotterbekning shartnomasidagi tovon puli (release clause) haqidagi band o‘z kuchini yo‘qotgan. Shu sababli endi uning kelajagi to‘liq “Borussiya” ixtiyorida bo‘ladi. Agar “Real”, “Barselona” yoki “Liverpul” 26 yoshli nemis himoyachisini sotib olmoqchi bo‘lsa, endi ular to‘g‘ridan-to‘g‘ri dortmundliklar bilan kelishuvga erishishiga to‘g‘ri keladi. Manbaning ta’kidlashicha, jahon chempionatida olgan jarohatidan keyin “Real”ning Shlotterbekka bo‘lgan qiziqishi ham pasaygan. Himoyachining amaldagi shartnomasi “Borussiya” bilan 2031 yilgacha mo‘ljallangan. Transfermarkt portali uning transfer qiymatini 55 million yevroga baholamoqda.","«Borussiya» (Dortmund) himoyachisi Niko Shlotterbekni endi faqat klub roziligi bilan sotib olish mumkin — Sky Sport xabariga ko'ra, uning shartnomasidagi tovon puli bandi iyul o'rtasida kuchini yo'qotgan. «Real», «Barselona» yoki «Liverpul» uni olishni istasa, «Borussiya» bilan to'g'ridan-to'g'ri kelishishi kerak. Jahon chempionatidagi jarohatdan keyin «Real»ning unga qiziqishi ham pasaygan. Bozor qiymati 55 million yevro."
"Uning so‘zlariga ko‘ra, ayni paytda u o‘zining yangi hayoti qanday bo‘lishini anglab yetishga harakat qilmoqda. «To‘xtash haqidagi qarorimga keldim, chunki o‘zimga ko‘proq e’tibor qaratmoqchiman. Farzandlarim va 95 yoshga kirgan otam bilan ko‘proq vaqt o‘tkazishni istayman, u hali ham hayot. Mening yoshim 56 da, endi yosh emasman, dunyoqarashim biroz o‘zgardi. Hali-hanuz murabbiylikdan keyingi hayotga ko‘nikayapman, lekin hozircha hammasi juda yomon emas», — deya Gvardiolaning so‘zlarini keltiradi Sky Sport Italia. Ayni paytda bir rassom Gvardiola va «Siti»ning 11 nafar futbolchisini bir vaqtning o‘zida tasvirlagan kartina yaratgani ham ma’lum qilindi.","Uning aytishicha, u yangi hayotiga o'rganishga harakat qilmoqda. To'xtash qarorini o'ziga va oilasiga, jumladan 95 yoshli otasiga ko'proq vaqt ajratish uchun qabul qilgan. 56 yoshli mutaxassis hali murabbiylikdan keyingi hayotga to'liq ko'nikmagan, ammo hozircha yomon emasligini aytdi."
"Agar Kudermetova ham asosiy to‘rga kiritilsa, mamlakatni bir musobaqaning o‘zida ayollar yakka razryadida darhol uch nafar tennischi namoyish etadi. Bungacha bunday holat kuzatilmagan. Ushbu uch sportchi – Rahimova, Timofeeva va Kudermetova – Rossiya tennis maktabi tarbiyalanuvchilari hisoblanadi. Ular uzoq yillar davomida Rossiya bayrog‘i ostida maydonga tushgan. Keyinchalik sportchi fuqaroligini o‘zgartirib, xalqaro musobaqalarda O‘zbekiston sharafini himoya qila boshlashgan. Bundan avval US Open musobaqasining bir mavsumida O‘zbekiston nomidan ishtirok etgan tennischilar soni eng ko‘pi bilan ikki nafarni tashkil etgan. Qator yillar davomida mamlakat sharafini bir vaqtning o‘zida Denis Istomin va Oqgul Omonmurodova himoya qilgan. Endi esa O‘zbekiston AQSh ochiq chempionati asosiy to‘rida o‘z vakillari soni bo‘yicha yangi rekord o‘rnatishi ehtimoli yuqori. ""US Open-2026"" musobaqasi Nyu-York shahrida 23 avgustdan 13 sentyabrga qadar o‘tkazilishi rejalashtirilgan.","Agar Kudermetova ham asosiy to'rga kiritilsa, O'zbekiston bir turnirda birinchi marta ayollar yakkasida uch tennischi bilan ishtirok etadi — Rahimova, Timofeeva va Kudermetova, ularning barchasi Rossiya maktabidan chiqib, keyin O'zbekiston fuqaroligini olgan. Ilgari US Openda O'zbekistondan ko'pi bilan ikki tennischi qatnashgan (Istomin va Omonmurodova). US Open-2026 Nyu-Yorkda 23 avgustdan 13 sentyabrgacha o'tadi."
"“Siti” yulduzi kutilmagan klubdan taklif oldi Turkiyaning “Galatasaroy” klubi “Manchester Siti” yarim himoyachisi Fil Fodennni sotib olishga urinib ko‘rmoqda. Bu haqida Fanatik nashri xabar berdi. Manba ma’lumotiga ko‘ra, turk klubi 26 yoshli futbolchining ehtimoliy transferi shartlarini bilish maqsadida “shaharliklar” bilan rasmiy aloqalarni boshlab yuborgan. “Galatasaroy” prezidenti muzokaralar olib borish vakolatini avvalroq bir qator yulduz futbolchilarning Istanbul klubiga o‘tishlarida ishtirok etgan italyanlik agent Jorj Gardiga topshirgan. Qayd etilishicha, bozor qiymati taxminan 70 million yevro deb baholanyotgan Foden faoliyatida yangi bosqichni boshlash imkoniyatini ko‘rib chiqmoqda. Angliyalik yarim himoyachining “Manchester Siti” bilan shartnomasi yana bir yil amal qiladi. O‘tgan mavsumda Foden Angliya chempionatida 33 ta uchrashuvda ishtirok etib, 7 ta gol va 5 ta golli uzatma muallifi bo‘ldi.","Turkiyaning «Galatasaray» klubi «Manchester Siti» yarim himoyachisi Fil Fodenni sotib olishga urinmoqda. Fanatik xabariga ko'ra, turk klubi «Siti» bilan rasmiy aloqa boshlagan. Fodenning bozor qiymati 70 million yevro, «Siti» bilan shartnomasi yana bir yilga amal qiladi. O'tgan mavsumda u 33 o'yin o'tkazib, 7 gol urgan va 5 golli uzatma bergan."
"Boʻldi, Messi ketdi! Leo keskin qaror qabul qildi Sakkiz karra ""Oltin to‘p"" sohibi Lionel Messi 2026 yildgi jahon chempionati finalidagi mag‘lubiyatdan so‘ng terma jamoadagi faoliyati bo‘yicha keskin qaror qabul qildi. Futbol afsonasi Argentina terma jamoasi safidagi karerasini yakunlashga qaror qilgani haqida jurnalist Ernan Kastillo o‘z ijtimoiy tarmoqlarida xabar berdi. Manbaga ko‘ra, Messi final uchrashuvi oldidanoq jamoadoshlariga bu o‘yin uning terma jamoa uchun so‘nggi bahsi bo‘lishini aytgan. Qat’iy qaror finaldagi mag‘lubiyatdan so‘ng yanada mustahkamlanib, u o‘z fikridan qaytmagan. Eslatib o‘tamiz, Lionel Messi 21 ta gol bilan jahon chempionatlari tarixidagi eng ko‘p to‘p kiritgan futbolchilar ro‘yxatida hozircha ikkinchi o‘rinni egalab turibdi.","Sakkiz karra «Oltin to'p» sohibi Lionel Messi 2026 jahon chempionati finalidagi mag'lubiyatdan so'ng terma jamoadan ketishga qaror qildi. Jurnalist Ernan Kastillo xabariga ko'ra, Messi finaldan oldinoq jamoadoshlariga bu uning oxirgi o'yini bo'lishini aytgan va mag'lubiyatdan keyin ham fikridan qaytmagan. U 21 gol bilan jahon chempionatlari tarixida ikkinchi eng ko'p gol urgan futbolchi."
"Ispan futbolchilari jahon chempionligi uchun pomidor bilan taqdirlandi Ispaniya terma jamoasi futbolchilari Fabian Ruiz va Gaviga 2026 yildagi jahon chempionatidagi g‘alabadan so‘ng g‘alati, biroq yoqimli an’ana asosida pomidorlar sovg‘a qilindi. Bu haqida Andalucía Información nashri xabar berdi. Chempionlar o‘z vataniga qaytib, tug‘ilgan shahri Los-Palasyos-i-Vilyafrankada tantanali kutib olindi. Mahalliy urf-odatga ko‘ra, katta yutuqqa erishgan sportchilarga o‘z vazniga teng miqdorda pomidor beriladi. Shu an’ana asosida bu safar ham Fabian Ruiz va Gaviga tomatlar sovg‘a qilindi. Ma’lumotlarga ko‘ra, Gaviga 68,5 kilogramm, Fabian Ruizga esa 84,5 kilogramm pomidor topshirilgan. Tantanali marosimda Los-Palasyos-i-Vilyafrankadan chiqqan yana bir jahon chempioni – Xesus Navas ham ishtirok etdi. Futbolchilar marosim yakunida birgalikda suratga tushishdi.","Ispaniya futbolchilari Fabian Ruiz va Gavi 2026 jahon chempionatidagi g'alabadan so'ng vatanlarida mahalliy urf-odatga ko'ra o'z vazniga teng pomidor bilan taqdirlandi. Bu haqida Andalucía Información xabar berdi. Gaviga 68,5 kg, Fabian Ruizga 84,5 kg pomidor berildi. Marosimda o'sha shahardan chiqqan yana bir jahon chempioni Xesus Navas ham qatnashdi."
"Ilk transfer amalga oshdi! Angliya klubi Alvaroni sotib oldi Angliya Premier-ligasining “Bornmut” klubi joriy yozdagi ilk transferini amalga oshirib, Ispaniyaning “Elche” jamoasidan hujumchi Alvaro Rodrigesni oʻz safiga qoʻshib oldi. BBC maʼlumotiga koʻra, Rodrigesning “Bornmut” bilan shartnomasi besh yilga moʻljallangan boʻlib, transfer qiymati 25,7 million funtni tashkil etgan. Ushbu mablagʻning 50 foizi oʻtgan yozda Rodrigesni “Elche”ga sotgan “Real Madrid” hisobiga oʻtadi. Alvaro Madrid klubi tizimida besh yil faoliyat yuritib, 10 ta rasmiy uchrashuvda maydonga tushgan. “Elche”dagi yagona mavsumi davomida 22 yoshli urugvaylik futbolchi La Ligadagi 34 oʻyinda 7 ta gol urdi va 5 ta golli uzatmani amalga oshirdi. Yangi mavsumda “Bornmut” Yevropa Ligasida ishtirok etadi va Rodriges yangi bosh murabbiy Marko Roze jamoasi tarkibi chuqurligini oshirish uchun jalb qilingan.","«Bornmut» joriy yozdagi birinchi transferini amalga oshirib, Ispaniyaning «Elche» klubidan hujumchi Alvaro Rodrigesni sotib oldi. BBC xabariga ko'ra, shartnoma besh yilga, qiymati 25,7 million funt, buning yarmi «Real Madrid»ga tegadi (u Rodrigesni ilgari «Elche»ga sotgan edi). 22 yoshli futbolchi «Elche»da 34 o'yin o'tkazib, 7 gol urgan va 5 golli uzatma bergan. Yangi mavsumda «Bornmut» Yevropa Ligasida o'ynaydi."
"Bosh murabbiy ishdan ketdi Belgiya terma jamoasi bosh murabbiyi Rudi Garsiya o‘z lavozimini tark etmoqda. Bu haqida Qirollik Belgiya futbol federatsiyasi matbuot xizmati xabar berdi. – Belgiya futbol assotsiatsiyasi rahbariyati bilan maslahatlashgan holda, so‘nggi 18 oy davom etgan samarali hamkorligimizni davom ettirmaslikka qaror qildik. Men Belgiyni Millatlar ligasining A divizionida va dunyodagi eng kuchli sakkizta terma jamoa qatorida qoldirib ketyapman, – deya Garsiyaning so‘zlaridan iqtibos keltiradi federatsiya matbuot xizmati. Rudi Garsiya 2025 yil 1 fevraldan beri Belgiya milliy jamoasiga boshchilik qilib kelyotgan edi. Undan oldin bu lavozimda Moskva “Spartak” klubining sobiq murabbiyi Domeniko Tedesko ishlagan. Garsiya qo‘l ostida belgiyaliklar Millatlar ligasining A guruhiga ko‘tarildi va 2026 yildgi jahon chempionatida chorak finalgacha yetdi.","Belgiya terma jamoasi bosh murabbiyi Rudi Garsiya ishdan ketmoqda. Bu haqida federatsiya matbuot xizmati xabar berdi. Garsiya: “18 oy davomida yaxshi ishladik, endi Belgiyani Millatlar ligasi A divizionida va dunyoning eng kuchli sakkiztaligida qoldirib ketyapman”, dedi. U 2025 yil fevraldan beri jamoani boshqargan, undan oldin Domeniko Tedesko ishlagan edi. Garsiya davrida Belgiya Millatlar ligasi A guruhiga ko‘tarildi va 2026 yildgi jahon chempionatida chorak finalga chiqdi."
"Avvaliga, tabiiyki, Torres bir necha vaziyatlarni yo‘qqa chiqardi: bosh bilan zarbasi darvoza doirasiga bordi, ammo kuchsiz chiqdi, oyoq bilan zarbasida esa topga to‘liq tegolmadi. Lekin eng kerakli paytda – 106-daqiqada – aniq zarba berdi. Umuman olganda, Ferran dublikat muallifiga aylanishi ham mumkin edi: birga-bir chiqishni ham a’lo bajardi, ammo o‘sha epizod ofsayd sabab bekor qilindi. PAU KUBARSI – 8,5. Ikki yil oldingi Yevropa chempionatida Kubarsi maydonga tushmagan edi – mutaxassislar 17 yoshli yigit organizmiga bunday katta yuklama hali erta, deb hisoblashgan. Endi esa 19 yoshida Pau yetarlicha yetildi, orqaga Unay Simonga osoyishta, ishonchli paslar qaytarish darajasiga yetdi. Ispaniya butun turnir davomida sakkiz o‘yinda atigi bir bor gol o‘tkazdi – bu tasodif emas, albatta.","Torres bir necha imkoniyatni boy berdi: bosh zarbasi darvoza doirasiga bordi-yu, kuchsiz chiqdi, oyoq bilan zarbasi ham to‘liq tegmadi. Ammo 106-daqiqada aniq zarba berib, gol urdi. PAU KUBARSI – 8,5. Ikki yil oldin, 17 yoshida, mutaxassislar unga katta yuklama erta deb hisoblab, o‘ynatmagan edi. Endi 19 yoshida u yetildi va Unay Simonga ishonchli paslar bera oladigan darajaga chiqdi. Ispaniya turnir davomida sakkiz o‘yinda faqat bir marta gol o‘tkazdi."
"Messiga oldindan ""Oltin to‘p""ni ""berib yuborishdi"" Xalqaro futbol federatsiyasi (FIFA)ning Texnik qo‘mitasi jahon chempionati finalidan so‘ng topshiriladigan individual sovrinlar masalasini muhokama qildi. Qo‘mita yig‘ilishida qabul qilingan qarorga ko‘ra, Argentina terma jamoasi sardori va hujumchisi Lionel Messi jahon chempionatining eng yaxshi o‘yinchisi sifatida «Oltin to‘p» sovrini bilan taqdirlanadi. Bu qaror final bahsining natijasidan qat’i nazar amal qiladi. Bu haqida X ijtimoiy tarmog‘idagi The Touchline sahifasida xabar berilgan. Messi jahon chempionati doirasida o‘tkazilgan yetti uchrashuvda sakkizta gol urib, to‘rtta golli uzatma muallifiga aylandi. Argentina yulduzi 2014 va 2022 yildgi jahon chempionatlarida ham musobaqaning eng yaxshi o‘yinchisi sifatida «Oltin to‘p»ni qo‘lga kiritgan edi.","FIFA Texnik qo‘mitasi jahon chempionati final sovrinlarini muhokama qildi. Qarorga ko‘ra, Argentina sardori Lionel Messi turnirning eng yaxshi o‘yinchisi sifatida «Oltin to‘p» sovrinini oladi — bu final natijasidan qat’i nazar amal qiladi. Bu haqida X tarmog‘idagi The Touchline sahifasi xabar berdi. Messi jahon chempionatida yetti o‘yinda sakkiz gol urdi va to‘rtta golli pas berdi. U bu sovrinni 2014 va 2022 yilgi jahon chempionatlarida ham qo‘lga kiritgan edi."
"""Barsа"" prezidenti Julian Al’vares transferi bo‘yicha bayonot berdi «Barselona» prezidenti Joan Laporta Madridning «Atletiko» klubi va Argentina terma jamoasi hujumchisi Julian Alvaresni jamoaga olib kelish ehtimoli haqida fikr bildirdi. - Biz Julian bo‘yicha rasmiy taklif berdik va endilikda qarorni «Atletiko» qabul qiladi. Taklifimiz juda yaxshi, ammo u abadiy kuchda bo‘lmaydi. Flik ham, Deku ham Julianni jamoada ko‘rishni istashyapti... Lekin agar «Atletiko» rozilik bermasa, biz boshqa variantlar ustida ishlaymiz, — dedi Laporta. Uning so‘zlariga ko‘ra, kataloniyaliklar hujum chizig‘ini kuchaytirish uchun zahira rejaga ham ega: «Agar Julian o‘tmasa, B reja bor. Deku ishni to‘xtatgani yo‘q, bir nechta nomzodlar ko‘rib chiqilyapti va u klub uchun eng maqbul variantni tanlashi kerak», — deya Laportaning fikrlarini jurnalist va insayder Fabrizio Romano keltiradi.","«Barselona» prezidenti Joan Laporta «Atletiko» hujumchisi Julian Alvaresni jamoaga olib kelish haqida gapirdi. — Biz rasmiy taklif berdik, endi qaror «Atletiko»ning qo‘lida. Taklifimiz yaxshi, lekin abadiy kuchda bo‘lmaydi. Flik ham, Deku ham Julianni ko‘rishni istaydi. Lekin «Atletiko» rozi bo‘lmasa, boshqa variantlar bor, — dedi Laporta. Uning so‘zlariga ko‘ra, agar Julian o‘tmasa, boshqa nomzodlar ko‘rib chiqilmoqda — buni jurnalist Fabrizio Romano ham tasdiqladi."
"Bellingem Messi bilan bahsi tafsilotlarini ochiqlandi Angliya terma jamoasi yarim himoyachisi Jud Bellingem jahon chempionati — 2026 yarim finalida Argentina terma jamoasi sardori Lionel Messi bilan maydonda yuz bergan ehtirosli suhbatga izoh berdi. «Aslida biz faqat fol haqida gaplashganmiz, bu yerda hech qanday yomon narsa yo‘q edi. Mendan biroz oldin qoida buzilganini o‘yladim, u esa yonga kelib: “U holda menga qilingan fol-chi?” deb so‘radi. Men esa shunchaki: “Qo‘ying, siz bunday zarbalarga dosh bera oladigan yetarlicha kuchli o‘yinchisiz”, deb javob berdim», — deya Bellingemning so‘zlarini keltiradi talkSPORT. Eslatib o‘tamiz, 2026 yildgi jahon chempionati finalida Argentina va Ispaniya terma jamoalari to‘qnash keladi.","Angliya yarim himoyachisi Jud Bellingem jahon chempionati yarim finalida Messi bilan bo‘lgan suhbatga izoh berdi. «Biz shunchaki fol haqida gaplashdik, yomon narsa yo‘q edi. U: “Menga qilingan fol-chi?” deb so‘radi, men esa: “Siz bunga dosh bera olasiz”, dedim», — dedi Bellingem talkSPORT'ga. Jahon chempionati finalida Argentina va Ispaniya o‘ynaydi."
"Ispaniya terma jamoasi bosh murabbiyi JCh-2026 finaliga chiqqach, o‘z fikrlarini bildirdi Ispaniya terma jamoasi bosh murabbiyi Luis de la Fuente jahon chempionati-2026 yarim finalida Frantsiya ustidan qozonilgan ishonchli g‘alaba (2:0) haqida fikr bildirdi. «Qizil furiya» raqibni ishonchli tarzda mag‘lub etib, jahon chempionati finaliga yo‘l olgan ilk jamoa bo‘ldi. O‘yindan so‘ng de la Fuente fransuz terma jamoasining salohiyatini alohida ta’kidlab, shogirdlarining irodasi va xarakteriga yuqori baho berdi. «Bugun bizga dunyodagi eng kuchli terma jamoalardan biri qarshi turdi. To‘rt yil avval aynan shunday pallalar uchun bir jamoa bo‘lib jamlangandik. Va yana bir bor aytaman: bugun biz barcha boshqalardan bir qadam oldin borayotgan jamoani mag‘lub etdik», — dedi de la Fuente.","Ispaniya bosh murabbiyi Luis de la Fuente Frantsiya ustidan 2:0 g‘alabadan so‘ng fikr bildirdi. Ispaniya finalga chiqqan birinchi jamoa bo‘ldi. De la Fuente Frantsiya jamoasini maqtab: «Bugun bizga dunyodagi eng kuchli jamoalardan biri qarshi turdi. Biz bugun barchadan bir qadam oldinda bo‘lgan jamoani mag‘lub etdik», — dedi."
"Mundialdan chetlatilgan hakam vafot etdi Niderlandiyalik hakam Rob Diperink 38 yoshida vafot etdi. Bu haqida Niderlandiya Qirollik futbol ittifoqi rasmiy ma'lum qildi. Hozircha o‘lim sababi ochiqlanmagan. Ma'lum bo‘lishicha, politsiya hodisa yuzasidan tergov boshlagan va hakam yashagan hududda tekshiruv ishlarini olib bormoqda. Diperink 2026 yildagi jahon chempionatida VAR hakami sifatida ishlashi kerak edi, ammo musobaqa boshlanishidan oldin FIFA tomonidan chetlatilgan. Aprel oyida u Londonda voyaga yetmagan shaxsga nisbatan nomaqbul harakatlarda gumon qilinib qo‘lga olingan edi. Keyinchalik dalillar yetarli emasligi sababli Britaniya politsiyasi ishni yopgan va hakamga nisbatan ayblovlar olib tashlangan.","Niderlandiyalik hakam Rob Diperink 38 yoshida vafot etdi. Bu haqida Niderlandiya futbol ittifoqi xabar berdi. O‘lim sababi hali noma’lum, politsiya tergov boshlagan. Diperink 2026 yildagi jahon chempionatida VAR hakami bo‘lishi kerak edi, lekin musobaqadan oldin FIFA uni chetlatgan edi. Aprel oyida u Londonda voyaga yetmagan shaxsga nisbatan nomaqbul harakatda gumon qilinib qo‘lga olingan, keyin dalil yetmagani uchun ish yopilgan."
"Chunki iste’dodli yosh o‘yinchi 2026 yildagi jahon chempionatida salohiyatini ko‘rsata oldi. Kongo Demokratik Respublikasi milliy terma jamoasi safida Sipenga ikkita uchrashuv o‘tkazib, O‘zbekistonga qarshi 72 daqiqa o‘ynadi va pley-offda Angliya darvozasini ishg‘ol qildi.","Iste’dodli yosh o‘yinchi 2026 yildagi jahon chempionatida o‘zini ko‘rsatdi. Kongo terma jamoasi safida Sipenga ikkita uchrashuv o‘tkazib, O‘zbekistonga qarshi 72 daqiqa o‘ynadi va pley-offda Angliya darvozasiga gol urdi."
"Ibragimovich JCh-2026 finalidagi mushlashuv haqida: Paradesni omadi bor ekan, maydonda menga o‘xshagan futbolchi yo‘q edi Shvetsiya terma jamoasining sobiq futbolchisi Zlatan Ibragimovich JCh-2026 finalida sodir bo‘lgan mojaro va unga bog‘liq holatlar yuzasidan o‘z fikrini bildirdi. Qayd etish kerak, hal qiluvchi bahsda Argentina Ispaniyaga 0:1 hisobida mag‘lub bo‘lgan edi. Uchrashuv yakunida maydonda Leandro Paredes ishtirokida janjal kelib chiqqan. Finaldan so‘ng argentinalik yarim himoyachi avvalo Ispaniya terma jamoasi himoyachisi Erik Garsiyaning bo‘ynidan qattiq ushlab, unga nisbatan tajovuzkor harakat qildi. Keyin esa jamoadoshini himoya qilishga urinigan yarim himoyachi Gaviga ham jismoniy ta’sir o‘tkazdi. Bu holat ikki jamoa o‘yinchilari o‘rtasidagi tortishuvni kuchaytirdi. «Paredes o‘zini omadli deb hisoblashi mumkin, chunki maydonda men kabi o‘yinchi yo‘q edi.","Shvetsiyaning sobiq futbolchisi Zlatan Ibragimovich JCh-2026 finalida Leandro Paredes ishtirokida yuz bergan janjal haqida fikr bildirdi. Argentina Ispaniyaga 0:1 hisobida mag‘lub bo‘lgan edi. Final tugagach, Paredes Ispaniya himoyachisi Erik Garsiyaning bo‘ynidan ushlab, tajovuzkorlik qildi, keyin Gaviga ham jismoniy ta’sir o‘tkazdi. Ibragimovich: «Paredes o‘zini omadli deb hisoblasin, chunki maydonda men kabi o‘yinchi yo‘q edi», dedi."
"Mundial tugayapti! ""Arsenal"" transferga shoshilayapti Angliyaning amaldagi chempioni «Arsenal» klubi «Aston Villa»ning hujumkor yarim himoyachisi Morgan Rojersni o‘z safiga qo‘shib olish jarayonini tezlashtirishni rejalashtirmoqda. 23 yoshli Rojers va Angliya terma jamoasidagi jamoadoshlarining jahon chempioni bo‘lish haqidagi orzulari Argentinga qarshi yarim finalda 1:2 hisobida mag‘lubiyatdan so‘ng barbod bo‘ldi. Shunga qaramay, Angliya terma jamoasi hali vatanga qaytmaydi. Jamoa shanba kuni, 18 iyulda, Fransiyaga qarshi uchinchi o‘rin uchun bahs olib boradi. Insayder Fabrizio Romano ma’lumotiga ko‘ra, jahon chempionati yakunlanish arafasida ekani sababli, «Arsenal» Morgan Rodjers transferi bo‘yicha «Aston Villa» futbolchisi bilan muzokaralarni jadalashtirishni ko‘zlamoqda.","«Arsenal» «Aston Villa» yarim himoyachisi Morgan Rojersni tezroq jamoaga qo‘shib olishni rejalashtirmoqda. Rojersning Angliya bilan jahon chempioni bo‘lish orzusi Argentinaga 1:2 mag‘lubiyatdan so‘ng barbod bo‘ldi. Angliya endi 18 iyulda Fransiyaga qarshi uchinchi o‘rin uchun o‘ynaydi. Insayder Fabrizio Romanoning ma'lumotiga ko‘ra, «Arsenal» mundial tugashi arafasida muzokaralarni jadallashtirmoqchi."
"Bellingem mag‘lubiyatdan so‘ng Argentina terma jamoasi o‘yinchisini urdi Yakuniy hushtaqdan so‘ng maydonda kutilmagan vaziyat yuz berdi. Angliya terma jamoasi yarim himoyachisi Jud Bellingem orqadan yaqinlashib, Argentina himoyachisi Valentina Barkoning bosh orqa qismiga qo‘li bilan zarba berdi. Har ikki jamoa futbolchilari darhol aralashib, mojaroning katta janjalga aylanib ketishining oldini olishdi. Shu tarzda o‘yin yakunlandi va endilikda Argentina terma jamoasi jahon chempionati – 2026 finalida Ispaniyaga qarshi maydonga tushadi. Angliya esa uchinchi o‘rin uchun bahsda Frantsiya bilan kuch sinashadi.","Yakuniy hushtakdan so‘ng Angliya yarim himoyachisi Jud Bellingem Argentina himoyachisi Valentino Barkoning boshiga qo‘li bilan zarba berdi. Futbolchilar darhol aralashib, janjalning kattalashishiga yo‘l qo‘ymadi. Argentina jahon chempionati finalida Ispaniyaga qarshi, Angliya esa uchinchi o‘rin uchun Fransiyaga qarshi o‘ynaydi."
"Neymar mundialdagi mag‘lubiyatni qimmatbaho yaxta bilan ""nishonladi"" Jahon chempionatida Braziliya terma jamoasining musobaqani tark etishi Neymar uchun og‘ir kechdi. Mag‘lubiyatdan keyin u tasallini poker o‘yini va qimmatbaho xaridlarda izlayotgani aytilmoqda. Braziliyaning suv transportiga ixtisoslashgan Nautica nashri yozishicha, yaqin kunlarda mashhur futbolchi qiymati kamida o‘n to‘qqiz million yevro turadigan hashamatli yaxta sotib oldi. Uzunligi 46 metr bo‘lgan bu kema palubasiga vertolyot qo‘nish imkoniyatiga ham ega. Neymar yangi yaxtasiga Enejota deb nom berdi. Bu nomning ma’nosi oddiy: «Ene» – N harfini, «jota» esa J harfini anglatadi. Ya’ni NJ – Neymar Junior qisqartmasi. Shunday qilib, futbolchi o‘zining yangi dengiz «qirolichasi»ni o‘zi sharafiga nomlagan.","Braziliya jahon chempionatini tark etgach, Neymar uchun mag‘lubiyat og‘ir kechdi. Aytilishicha, u tasallini poker va qimmat xaridlarda izlamoqda. Nautica nashri yozishicha, u kamida 19 million yevro turadigan, uzunligi 46 metr bo‘lgan, vertolyot qo‘nadigan yaxta sotib oldi. Yaxtaga Enejota — ya'ni Neymar Junior qisqartmasi — deb nom berdi."
"Xorvatiya terma jamoasining yangi bosh murabbiyi ma'lum bo‘ldi Xorvatiya milliy terma jamoasiga yangi bosh murabbiy tayinlandi. Jamoa matbuot xizmati xabariga ko‘ra, terma jamoani endilikda Slaven Bilich boshqaradi. U bu lavozimda 2017 yildan beri jamoani boshqarib kelgan va yaqinda iste’fo bergan Zlatko Dalich o‘rnini egalladi. Slaven Bilich Xorvatiya terma jamoasi uchun yangi nom emas. U 2006–2012 yillar oralig‘ida ham milliy jamoaga boshchilik qilgan. Terma jamoadan ketgach, Bilich klub futbolida faoliyat yuritdi: Moskvani ""Lokomotiv"" jamoasini, Turkiyaning ""Beshiktaş"" klubini, Angliyaning ""Vest Xem"", ""Vest Bromvich"" va ""Uotford"" jamoalarini boshqardi. Shuningdek, u Xitoyning ""Beytszin Goan"" klubida, Saudiya Arabistonining ""Al-Ittiҳod"" va ""Al-Fateҳ"" jamoalarida ham ishladi.","Xorvatiya terma jamoasiga yangi bosh murabbiy — Slaven Bilich tayinlandi. U 2017 yildan buyon jamoani boshqargan va iste’foga chiqqan Zlatko Dalich o‘rnini egalladi. Bilich avval ham 2006–2012 yillarda Xorvatiyani boshqargan edi. Keyin u «Lokomotiv» (Moskva), «Beshiktash», «Vest Xem», «Vest Bromvich», «Uotford» hamda Xitoy va Saudiya Arabistoni klublarida ishlagan."
"Futbolchining tezligi ham alohida qayd etilgan. 2026 yildgi jahon chempionati uchrashuvlari davomida Husanov soatiga 36,46 kilometrgacha tezlikka chiqib, jahon chempionatidagi eng tezkor o‘yinchilardan biriga aylandi. Abduqodir Husanov 2025 yilning 20 yanvaridan buyon «Manchester Siti» sharafini himoya qilmoqda va Angliya Premier-ligasida o‘ynagan birinchi o‘zbekistonlik futbolchi sifatida tarixga kirdi. O‘tgan mavsumda mahoratli himoyachi Angliya kubogi va Angliya ligasi kubogida g‘olib chiqib, Evropadagi ilk nufuzli sovrinlarini qo‘lga kiritdi.","2026 yildagi jahon chempionatida Husanov soatiga 36,46 km tezlikka chiqib, eng tezkor o‘yinchilardan biriga aylandi. U 2025 yil 20 yanvardan beri «Manchester Siti»da o‘ynaydi va Angliya Premier-ligasida o‘ynagan birinchi o‘zbekistonlik. O‘tgan mavsumda Angliya kubogi va liga kubogini qo‘lga kiritdi."
"Qayd etish kerak, yakunlangan 2026 yildgi mundialda Ruiz Ispaniya terma jamoasining barcha sakkiz uchrashuvida maydonga tushdi va bir gol muallifiga aylandi.",2026 yildagi mundialda Ruiz Ispaniya terma jamoasining barcha sakkiz uchrashuvida o‘ynadi va bir gol urdi.
"Unay Simon: ""Asosiy vaqtda yutishni istayman, penalti seriyasini yoqtirmayman"" Ispaniya terma jamoasi darvozaboni Unay Simon jurnalistlar bilan suhbatda 2026 yildgi jahon chempionati yarim finalida Fransiyaga qarshi uchrashuv oldidan o‘z fikrlarini bildirdi. Uning so‘zlariga ko‘ra, u RMC Sport bilan suhbatda o‘yin taqdiri penaltilar seriyasiga qolishini istamasligini aytgan. Simon asosiy vaqtdayoq barchasini hal qilish tarafdori ekanini ta’kidlab, 4:0 hisobidagi yirik g‘alabani afzal ko‘rishini qayd etdi. «O‘zimga ishonchim baland. Agar zarba yo‘nalishini to‘g‘ri topsam, to‘pni qaytarishimga ishonaman. Lekin shunchaki shunday muhim o‘yin taqdiri penaltilar seriyasida hal bo‘lishini istamayman», — deya qo‘shimcha qildi Simon.","Ispaniya darvozaboni Unay Simon Fransiyaga qarshi yarim final oldidan fikr bildirdi. U o‘yin taqdiri penaltilar seriyasiga qolishini istamasligini, asosiy vaqtda katta hisobda g‘alaba qozonishni afzal ko‘rishini aytdi. «O‘zimga ishonchim baland, lekin muhim o‘yin penaltida hal bo‘lishini istamayman», — dedi Simon."
"Gvardiolaga so‘raganidan ikki barobar kam maosh taklif qilishdi Xosep Gvardiola va Italiya futbol federatsiyasi hozircha shartnoma borasida umumiy nuqtaga eta olmayapti. Italiya ommaviy axborot vositalari yozishicha, ispaniyalik mutaxassis milliy jamoani qabul qilib olish bo‘yicha FIGCning qat’iy sa’y-harakatlaridan mamnun, ammo moliyaviy masalada tomonlar o‘rtasida katta farq bor. La Gazzetta dello Sport nashri ma’lumotlariga ko‘ra, Pep Gvardiola yillik maosh sifatida 20 million yevro so‘rayapti. Italiya futbol federatsiyasi esa hozircha bu miqdorning yarmiga yaqin taklif bergan, xolos. Shu bois muzokaralar sekin kechmoqda va kelishuv yaqin orada e’lon qilinishi kutilmayapti. Gvardiola so‘nggi o‘n yil davomida «Manchester Siti»ni boshqarib keldi. Uning qo‘l ostida «shaharliklar» bir qator ichki chempionatlar va xalqaro musobaqalarda yuqori natijalarga erishdi.","Xosep Gvardiola va Italiya futbol federatsiyasi hali shartnoma bo‘yicha kelisha olmayapti. La Gazzetta dello Sport'ga ko‘ra, Gvardiola yiliga 20 million yevro so‘ramoqda, federatsiya esa buning yarmiga yaqinini taklif qilgan. Shu sabab muzokaralar sekin ketmoqda. Gvardiola so‘nggi o‘n yil «Manchester Siti»ni boshqargan."
"Transfermarkt portali himoyachining bozor qiymatini 600 ming yevro atrofida baholamoqda. 2026 yildagi jahon chempionati musobaqasida Jahongir O‘rozov O‘zbekiston milliy terma jamoasining barcha uchta guruh bosqichi uchrashuvida — Kolumbiya, Portugaliya va Kongo Demokratik Respublikasi futbolchilariga qarshi o‘yinlarda maydonga tushdi. Jahongir ikkita bahsni asosiy tarkibda boshladi, yana bir o‘yinda zahiradan maydonga tushdi. Umuman olganda, himoyachi musobaqada taxminan 210 daqiqa o‘ynab, gol yoki golli pas bilan ajralib turmadi va biror marta ogohlantirish olmadi. Sofascore talqiniga ko‘ra, uning jahon chempionatidagi o‘rtacha bahosi 6,5 ballni tashkil etdi. Mutaxassislar ayniqsa O‘rozovning Kongo termasiga qarshi o‘yinini alohida qayd etmoqda: u ushbu bahsda yetti marta muvaffaqiyatli ravishda to‘pni xavfli hududdan chiqarib yubordi.","Transfermarkt himoyachi bozor qiymatini 600 ming yevro deb baholadi. Jahongir O‘rozov 2026 yildagi jahon chempionatida O‘zbekistonning barcha uchta guruh o‘yinida (Kolumbiya, Portugaliya, Kongo) maydonga tushdi, ikkitasini asosiy tarkibda boshladi, jami taxminan 210 daqiqa o‘ynadi. Gol yoki pas bermadi, ogohlantirish olmadi. Sofascore uning o‘rtacha bahosini 6,5 deb belgiladi. Kongo o‘yinida u yetti marta to‘pni xavfli hududdan chiqardi."
"Argentinaning mag‘lubiyatidan keyin ikki kishi halok bo‘ldi Argentinada kechgan fojiali tun mamlakat terma jamoasining jahon chempionati finalida Ispaniyaga yutqazishi bilan bog‘liq bo‘ldi. Ma’lumki, bu mag‘lubiyat mamlakat bo‘ylab keskin his-tuyg‘ular va tartibsizliklarga sabab bo‘ldi. EFE agentligi xabariga ko‘ra, Buenos-Ayresda 55 yoshli erkak yurak xuruji oqibatida vafot etgan. Ma’lumotlarga qaraganda, uning yuragi sevimli jamoasining mag‘lubiyatiga dosh berolmagan. Kordoba provintsiyasidagi San-Fransisko shahrida esa vaziyat yanada fojiali tus oldi. Bu yerda 20 yoshli yigit otishma paytida o‘qqa tutilib, halok bo‘ldi. Hozirda mahalliy hokimiyat va huquq-tartibot idoralari voqea tafsilotlarini o‘rganmoqda, otishmaga aloqador shaxslarni qidirish ishlari olib borilmoqda. Eslatib o‘tamiz, jahon chempionatida g‘oliblikni Ispaniya terma jamoasi qo‘lga kiritdi. Bu Ispaniya tarixidagi ikkinchi jahon chempioni unvoni hisoblanadi.","Argentina jahon chempionati finalida Ispaniyaga yutqazgach, mamlakatda fojiali voqealar sodir bo‘ldi. EFE xabariga ko‘ra, Buenos-Ayresda 55 yoshli erkak yurak xurujidan vafot etdi. Kordoba viloyatidagi San-Fransiskoda esa 20 yoshli yigit otishmada halok bo‘ldi. Hokimiyat voqea tafsilotlarini o‘rganmoqda. Ispaniya bu g‘alaba bilan o‘z tarixidagi ikkinchi jahon chempioni unvonini qo‘lga kiritdi."
"Gvardiola ispanlarga finalda Argentinani yengish yo‘lini aytdi «Manchester Siti», «Bavariya» va «Barselona» klublarining sobiq bosh murabbiyi Xosep Gvardiola Jahon chempionati finalida Ispaniya terma jamoasining imkoniyatlari haqida fikr bildirdi. Uning taʼkidlashicha, u doim oʻzini maʼqul qilgan futbolchilar toʻp surgan jamoalarni qoʻllab-quvvatlaydi. - Qaysi jamoa gʻalaba qozonishidan qatʼi nazar, men uchun bu quvonchli boʻladi. Agar Argentina yutib chiqsa, u yerda men birga ishlagan oʻyinchilar bor, ular uchun xursand boʻlaman. Xuddi shuni Frantsiya haqida ham ayta olaman. Portugaliya safida ham oʻyinini katta hurmat qilgan futbolchilarim bor, — deya taʼkidlagan Gvardiola. Mutaxassisga koʻra, Ispaniya finalda hal qiluvchi ustunlikka ega boʻlishi mumkin. - Agar Rodri markazda Pedri bilan birga oʻyinni toʻliq nazorat qila olsa, Lamin Yamal esa oʻzining eng yaxshi oʻyinini namoyish etsa, Ispaniya oʻyin taqdirini hal qiladigan jamoaga aylanishi mumkin, — deya Gvardiolaning soʻzlarini keltiradi AS nashri.","«Manchester Siti», «Bavariya» va «Barselona»ning sobiq murabbiyi Xosep Gvardiola jahon chempionati finalida Ispaniya imkoniyatlari haqida gapirdi. U qaysi jamoa g‘alaba qozonishidan qat'i nazar xursand bo‘lishini aytdi, chunki har ikki jamoada u birga ishlagan futbolchilar bor. Uning fikricha, agar Rodri va Pedri o‘yinni nazorat qilib, Lamin Yamal eng yaxshi o‘yinini ko‘rsatsa, Ispaniya g‘olib chiqishi mumkin — buni AS nashri keltirdi."
"Keyn Bellingem va Tuxel oʻrtasidagi kelishmovchiliklar haqida gapirdi Angliya terma jamoasi hujumchisi Harri Keyn Norvegiyaga qarshi 1/4 final uchrashuvidan keyin bosh murabbiy Tomas Tuxel va jamoa yetakchilaridan biri Jud Bellingemning bayonotlariga munosabat bildirdi. «Jud bunday paytda nima dey oladi? Sen katta o‘yin o‘tkazgansan, final svistidan besh daqiqa o‘tib-o‘tmay sendan savol so‘rashadi, lekin murabbiy aslida nima deganini ham hali bilmaysan... Aslida vaziyat butunlay aksincha. Bizning jamoa shu darajaga yetib kelgan bo‘lsa, bu avvalo birdamligimiz tufayli – faqat futbolchilar emas, murabbiy, butun shtab va barcha xodimlar bir butun jamoa bo‘lgani uchun», – deb ta’kidladi Keyn. Eslatib o‘tamiz, Angliya qo‘shimcha daqiqalarda 2:1 hisobida g‘alaba qo‘zongan edi.","Angliya hujumchisi Harri Keyn Norvegiyaga qarshi chorak final o‘yinidan keyin Tomas Tuxel va Jud Bellingem bayonotlariga munosabat bildirdi. «Jamoa bu darajaga birdamlik tufayli yetdi — nafaqat futbolchilar, balki murabbiy va butun shtab tufayli», — dedi Keyn. Angliya o‘sha o‘yinda qo‘shimcha vaqtda 2:1 g‘alaba qozongan edi."
"Manba ta'kidlashicha, futbolchining o‘zi ham Ispaniyaga qaytish g‘oyasiga ijobiy qaraydi va madrid klubi sharafini himoya qilishni istaydi. Rodrining «Manchester Siti» bilan amaldagi shartnomasi 2027 yil 30 iyungacha mo‘ljallangan. Shu bois «Real» transfer bo‘yicha maqbul summa evaziga kelishuvga erishishni umid qilmoqda. Biroq bitimni amalga oshirishda asosiy to‘siq sifatida «Qirollik klubi» prezidenti Florentino Peres tilga olinmoqda. Jurnalist Fabrizio Romano ma'lumoticha, madridliklar rahbari hozircha Rodrini sotib olish zaruratiga ishonmayapti va ehtimoliy transferni shaxsan to‘sib qo‘yayotgani aytilmoqda. «Real» rahbariyatidagi bir necha nufuzli shaxslar Peresning fikrini o‘zgartirishga urinishmoqda. Ularning fikricha, yarim himoyachining jahon chempionatidagi o‘yini uning jamoa talablariga to‘liq javob berishini va aynan shu pozitsiyani kuchaytirish zarurligini isbotladi.","Manbaning ta'kidlashicha, Rodrining o‘zi ham Ispaniyaga, «Real»ga qaytishga rozi. Uning «Manchester Siti» bilan shartnomasi 2027 yilgacha. «Real» munosib summa evaziga kelishuvga umid qilmoqda, lekin klub prezidenti Florentino Peres bitimga to‘sqinlik qilayotgani aytilmoqda — buni Fabrizio Romano ma'lum qildi. «Real»dagi ba'zilar Peresni fikrini o‘zgartirishga urinmoqda, chunki Rodrining jahon chempionatidagi o‘yini uning kerakligini isbotladi."
"""Arsenal"" mundialda o‘ynagan futbolchini qimmatga sotib oladi Angliyaning amaldagi chempioni «Arsenal» klubi yangi mavsum oldidan Braziliya terma jamoasi yarim himoyachisi Bruno Gimarainsni jamoaga qo‘shish niyatida. Jurnalist Ben Jeykobsnig ijtimoiy tarmoqlarda xabar berishicha, londonliklar «Nyukasl»ga 65 million funtlik taklif yo‘llagan, ammo rad javobini olgan. Shunga qaramay, «Arsenal» 28 yoshli markaziy yarim himoyachidan voz kechishni rejalashtirmayapti. London klubi hozirda 70 million funtdan ortiq (amaldagi kurs bo‘yicha 80 million evrodan ziyod) miqdorda yangi taklif tayyorlamoqda. Gimarains 2022 yil yanvaridan beri «Nyukasl» sharafini himoya qilib kelmoqda. Jahon chempionatida Bruno Braziliya terma jamoasi tarkibida barcha besh uchrashuvda maydonga tushdi, to‘rtta golli uzatma amalga oshirdi, ammo 1/8 final bosqichida Norvegiyaga qarshi o‘yinda penalti ni aniq ijro eta olmadi. Ushbu bahsda «selesao» 1:2 hisobida mag‘lubiyatga uchradi.","«Arsenal» Braziliya yarim himoyachisi Bruno Gimarainsni jamoaga qo‘shmoqchi. Ben Jeykobsning xabariga ko‘ra, «Arsenal» «Nyukasl»ga 65 million funtlik taklif yuborgan, ammo rad javobi olgan. Klub 70 million funtdan ortiq yangi taklif tayyorlamoqda. Gimarains 2022 yildan «Nyukasl»da o‘ynaydi. Jahon chempionatida u besh o‘yinda to‘rt pas berdi, lekin 1/8 finalda Norvegiyaga qarshi penaltini o‘tkazolmadi va Braziliya 1:2 yutqazdi."
"Chunki Ismaëlning salohiyatini yaxshi bilardik va avvalidanoq unga bu yerdagi aniq istiqbolini koʻrsata oldik», — dedi u. Jahon chempionatida Saybari guruh bosqichidagi har uchta oʻyinda — Braziliya, Shotlandiya va Gayti darvozalariga bitta-dan gol urdi. Shuningdek, 1/16 finalda Niderlandiyaga qarshi bellashuvda poslematch penaltilar seriyasida hal qiluvchi zarbani aniq amalga oshirdi. 1/4 finalda Fransiyaga qarshi uchrashuvni esa jarohati sabab oʻtkazib yubordi va Marokash musobaqani shu bosqichda tark etdi. Saybari «Bavariya» bilan mashgʻulotlarga biroz keyinroq qoʻshiladi — hozircha u taʼtilda.","Jahon chempionatida Sabari guruh bosqichidagi uchta o‘yinda — Braziliya, Shotlandiya va Gaytiga — birma-bir gol urdi. 1/16 finalda Niderlandiyaga qarshi penaltilar seriyasida hal qiluvchi zarbani aniq berdi. 1/4 finalda jarohati sabab Fransiyaga qarshi o‘ynamadi va Marokash shu bosqichda chiqib ketdi. Sabari «Bavariya» mashg‘ulotlariga birozdan keyin qo‘shiladi, hozircha ta'tilda."
"Mak Allister Moraning «Liverpul»ga ehtimoliy o‘tishi haqida gapirdi «Liverpul» yarim himoyachisi Aleksis Mak Allister meksikalik iste’dodli futbolchi Hilberto More atrofidagi gap-so‘zlarga munosabat bildirdi. «Tixuana» tarkibida to‘p surayotgan 17 yoshli xavbek hozirgi paytda Meksika futbolida eng istiqbolli yoshlardan biri sifatida tilga olinmoqda. Uning o‘z mamlakatida o‘tgan jahon chempionatidagi muvaffaqiyatli o‘yinlari Yevropaning yetakchi klublari skautlarini ham befarq qoldirmadi. OAV xabarlariga ko‘ra, «Liverpul» futbolchini qo‘lga kiritish masalasida allaqachon dastlabki aloqalarni yo‘lga qo‘ygan. More uchun taxminiy transfer narxi 40 million yevro atrofida baholanmoqda. Aleksis Mak Allisterdan ushbu ehtimoliy transfer haqida so‘ralganda, u hozircha vaziyatdan xabardor emasligini aytdi. «Rostini aytsam, bu haqida hech narsa ko‘rmadim ham, o‘qimadim ham.","«Liverpul» yarim himoyachisi Aleksis Mak Allister meksikalik yosh futbolchi Hilberto More haqidagi gap-so‘zlarga munosabat bildirdi. 17 yoshli More «Tixuana»da o‘ynaydi va Meksika futbolida eng istiqbolli yoshlardan biri hisoblanadi. OAVga ko‘ra, «Liverpul» u bilan dastlabki aloqalarni boshlagan, narxi 40 million yevro atrofida. Mak Allister esa bu haqida hali hech narsa eshitmaganini aytdi."
"Tramp: Infantino AQSh va Xitoyga jahon chempionatini birga o‘tkazishni taklif qildi AQSh prezidenti Donald Tramp FIFA prezidenti Janni Infantino bilan o‘tkazilgan qo‘shma matbuot anjumanida yana bir futbol bo‘yicha jahon chempionatini qabul qilishga tayyor ekanini ma’lum qildi. Trampning ta’kidlashicha, kelgusi safar AQSh musobaqani Kanada va Meksika ishtirokisiz ham mustaqil ravishda yuqori darajada o‘tkazish imkoniyatiga ega. «Yana bir g‘oya bor: Janni menga keyingi jahon chempionatini Xitoy va AQSh birgalikda qabul qilishi mumkinligini aytdi. Futbolchilar uchun o‘yinlar orasidagi parvozlar qisqa va qulay bo‘lardi. Ularga bu, shubhasiz, yoqqan bo‘lardi», – deya Trampning so‘zlarini keltiradi Fox News. Eslatib o‘tamiz, 2030 yildgi jahon chempionatiga Ispaniya, Marokash va Portugaliya mezbonlik qiladi.","AQSh prezidenti Donald Tramp FIFA prezidenti Janni Infantino bilan matbuot anjumanida yana bir jahon chempionatini qabul qilishga tayyorligini aytdi. Uning fikricha, AQSh buni Kanada va Meksikasiz ham mustaqil o‘tkaza oladi. «Infantino menga keyingi mundialni Xitoy va AQSh birga qabul qilishi mumkinligini aytdi», — dedi Tramp Fox News'ga. 2030 yildagi jahon chempionatiga Ispaniya, Marokash va Portugaliya mezbonlik qiladi."
"Argentina mag‘lubiyatida Messini ayblashdi Sankt-Peterburgning «Zenit» klubi sobiq hujumchisi Andrey Arshavin 2026 yildgi jahon chempionati finalida Argentina terma jamoasi yetakchisi Lionel Messi o‘z jamoasini qiyin ahvolda qoldirganini ta’kidladi. Eslatib o‘tamiz, hal qiluvchi bellashuvda Ispaniya terma jamoasi argentinaliklar ustidan 1:0 hisobida g‘alaba qozongan edi. - Messining o‘yini o‘xshamadi, unga to‘p yetib bormadi. Albatta, u orqaga qaytib to‘p olib kela olmasdi, kuchini o‘yin oxiri uchun asrab yurdi. Lekin oxir-oqibat u jamoani qiyin ahvolda qoldirdi, chunki argentinaliklarga maydonda deyarli to‘qqiz kishi bo‘lib himoyalanishga to‘g‘ri keldi. To‘qqiz kishi bo‘lib har qanday raqibga qarshi himoyalanish qiyin, Ispaniya termasiga qarshi esa yanada og‘ir. Menimcha, aynan shu hal qiluvchi omil bo‘ldi va Ispaniya oxirigacha bosimni kuchaytirib, o‘zinikiga erishdi.","«Zenit»ning sobiq hujumchisi Andrey Arshavin Messining jahon chempionati finalidagi o‘yini Argentinani qiynaganini aytdi — Ispaniya 1:0 g‘alaba qozongan edi. «Messining o‘yini o‘xshamadi, to‘p unga yetib bormadi. U kuchini oxiriga saqlagan, lekin oqibatda jamoa deyarli to‘qqiz kishi bo‘lib himoyalanishga majbur bo‘ldi. Menimcha, aynan shu hal qiluvchi omil bo‘ldi», — dedi Arshavin."
"Haqiqatan zo‘r ekan! Mourinyo “Real”da faqat bir himoyachiga tan berdi Madridning “Real” klubi markaziy himoyachisi Din Xöysen jamoaning yangi bosh murabbiyi Joze Mourinьoda katta taassurot qoldirdi. Diario AS xabariga koʻra, Ispaniya terma jamoasining 2026 yildgi jahon chempionati qaydnomasiga kiritilmagani 21 yoshli futbolchini qattiq ranjitgan va yanada kuchliroq mehnat qilishga undagan. Markaziy himoyachi taʼtil paytida ham astoydil mashgʻulot oʻtkazgan va mavsumoldi yigʻini boshlanishida jismoniy tayyorgarligi bilan Mourinьoni hayratda qoldirgan. Futbolchining oʻzi ham “Real”dagi ilk mavsumini yaxshi oʻtkazmaganini yaxshi tushunadi va shu sababli portugaliyalik mutaxassis qoʻl ostida oʻzini isbotlashga qattiq ishtiyoq bildirmoqda. Din Xöysen oʻtgan yili Angliyaning “Bornmut” klubidan “Real”ga koʻchib oʻtgan edi. Uning madridliklar bilan shartnomasi 2030 yilgacha amal qiladi.","«Real» himoyachisi Din Xöysen bosh murabbiy Joze Mourinьoda katta taassurot qoldirmoqda. Diario ASga ko‘ra, uning Ispaniya jahon chempionati qaydnomasiga kiritilmagani uni ranjitgan va yanada kuchli mehnat qilishga undagan. U ta'tilda ham mashq qilgan va mavsumoldi yig‘inida jismoniy tayyorligi bilan Mourinьoni hayratda qoldirgan. Xöysen o‘tgan yili «Bornmut»dan «Real»ga o‘tgan, shartnomasi 2030 yilgacha."
"O‘ynatib nima qilarding? ""Barsa"" futbolchi jarohatida Kumanni aybladi «Barselona» rahbariyati Niderlandiya terma jamoasi bosh murabbiyi Ronald Kumandan juda norozi. Sabab — yarim himoyachi Frenki de Yong olgan yangi jarohat. AS nashri xabar berishicha, futbolchining tizzasida jiddiy yallig‘lanish aniqlandi va u kamida to‘rt oy maydonga tasha olmasligi mumkin. Klub pozitsiyasiga ko‘ra, Niderlandiya terma jamoasi murabbiylar shtabi de Yongda muammo borligini bilgan, shunga qaramay, uni jahon chempionati saralashi doirasida Marokashga qarshi 1/16 final uchrashuviga maydonga tushirgan. Terma jamoa shifokorlari esa bugunga qadar «Barselona»ni futbolchi sog‘lig‘ida jiddiy muammo yo‘qligiga ishontirib kelayotgan edi. Frenki de Yong o‘tgan mavsumda ham son mushagidagi jarohat tufayli deyarli ikki oy o‘yinlardan chetda qolgan.","«Barselona» Niderlandiya bosh murabbiyi Ronald Kumandan norozi — sabab yarim himoyachi Frenki de Yongning yangi jarohati. AS nashriga ko‘ra, futbolchining tizzasida jiddiy yallig‘lanish topildi va u kamida to‘rt oy o‘ynamaydi. «Barselona»ning fikricha, Niderlandiya shtabi muammoni bilib turib, uni Marokashga qarshi 1/16 finalga chiqargan. De Yong o‘tgan mavsumda ham son mushagi jarohati bilan ikki oy chetda qolgan edi."
"Karl III mag‘lubiyatdan so‘ng Angliya futbol terma jamoasini millat iftixori deb atadi Buyuk Britaniya qiroli Karl III Angliya terma jamoasi futbolchilari butun mamlakatni ular bilan faxrlanishga majbur etganini ta'kidladi. ""[Angliya terma jamoasi sardori] Harri [Keyn] va butun jamoaga hamdardman. Bugun siz, uch sher (Angliya terma jamoasining laqabi – tahr.) ehtimol, mag'lubiyat dardini boshdan kechirayotgan bo'lsangiz-da, baribir millat iftixori bo'lib qolasiz. Ishonchim komilki, yana maydonga qaytib, yanada kuchliroq bo'lib namoyon bo'lasiz"", — deyiladi qirollik oilasi tomonidan ijtimoiy tarmoq X orqali e'lon qilingan bayonotda. 15 iyul kechqurun Argentina terma jamoasi Angliyani 2:1 hisobida mag'lub etib, jahon chempionati finaliga yo'l oldi. Amaldagi jahon chempioni hisoblangan Argentina 19 iyul kuni finalda Ispaniya terma jamoasiga qarshi maydonga tushadi. Uchrashuv AQShning Nyu-Djersi shtati, Ist-Raterford shahrida joylashgan ""Metlayf"" stadionida bo'lib o'tadi.","Buyuk Britaniya qiroli Karl III Angliya terma jamoasi futbolchilarini millat iftixori deb atadi. «Harri va butun jamoaga hamdardman. Mag'lubiyat og'ir bo'lsa-da, siz millat iftixorisiz. Yana kuchliroq bo'lib qaytasiz», — deyildi qirollik bayonotida X tarmog'ida. Argentina Angliyani 2:1 mag'lub etib, finalga chiqdi. Argentina 19 iyulda Nyu-Jersidagi «Metlayf» stadionida Ispaniyaga qarshi o'ynaydi."
"Angliya va Argentina oʻrtasidagi JCH yarim finaliga amerikalik hakam tayinlandi . Amerikalik hakam Ismoil Elfat futbol bo‘yicha jahon chempionati yarim finalida Angliya va Argentina terma jamoalari o‘rtasidagi uchrashuvga bosh hakam etib tayinlandi, deya xabar berilmoqda Xalqaro futbol federatsiyasi (FIFA) saytida. Jahon chempionati finaliga yo‘llanma beruvchi bu bellashuv 15 iyul kuni Atlanta shahrida o‘tkaziladi va Toshkent vaqti bilan soat 23:59 da start oladi. Elfatga ushbu o‘yinda hamyurtlari Kori Parker va Kayl Atkins yordamchi hakam sifatida ko‘maklashadi. Maydon chetidagi to‘rtinchi hakam vazifasini italyalik Mauritsio Mariani bajaradi. Zaxira hakam sifatida yana bir italyalik mutaxassis — Daniele Bindoni belgilangan. Ismoil Elfat joriy jahon chempionati doirasida bundan avval ham bir qator uchrashuvlarda bosh hakam sifatida ishlagan.","Amerikalik hakam Ismoil Elfat jahon chempionati Angliya-Argentina yarim finaliga bosh hakam etib tayinlandi — buni FIFA e'lon qildi. O'yin 15 iyulda Atlantada, Toshkent vaqti bilan soat 23:59da o'tkaziladi. Unga hamyurtlari Kori Parker va Kayl Atkins yordam beradi, italyaliklar Mauritsio Mariani va Daniele Bindoni zaxira hakam bo'ladi."
"Kanadadagi yo‘ng‘in Levandovskiga ta’sir o‘tkazdi MLS muntazam chempionati doirasidagi “Chikago Fayr” va “Vankuver Uaytkeps” uchrashuvi havoning kuchli ifloslanishi sababli boshqa sanaga qoldirildi. Bu haqida “Chikago” klubi matbuot xizmati ma'lum qildi. O'yin 17 iyul kuniga belgilangan edi, ammo endi u 6 oktyabr kuni o'tkaziladi. The Athletic nashri ma'lumotiga ko'ra, bunga Kanadadagi o'rmon yong'inlaridan kelib chiqqan tutun sabab bo'lgan. Havoning qattiq ifloslanishi tufayli Chikago shahar ma'muriyati bir qator jamoat joylarini yopishga va ochiq havoda o'tkazilishi rejalashtirilgan tadbirlarni bekor qilishga majbur bo'lgan. Ushbu o'yin Robert Levandovski uchun MLSdagi debut uchrashuvi bo'lishi kerak edi. Polshalik mashhur hujumchi “Barselona” bilan shartnomasi tugagach, “Chikago Fayr” klubi safiga qo'shilgan edi. Shuningdek, “Vankuver Uaytkeps” tarkibida “Bavariya”da Levandovski bilan birga to'p surgan Tomas Myuller ham o'ynamoqda.","MLSdagi «Chikago Fayr» — «Vankuver Uaytkeps» o'yini havoning kuchli ifloslanishi sababli 17 iyuldan 6 oktyabrga ko'chirildi. The Athletic'ga ko'ra, sabab — Kanadadagi o'rmon yong'inlaridan kelgan tutun. Chikago hokimiyati jamoat joylarini yopishga majbur bo'lgan. Bu o'yin Robert Levandovski uchun MLSdagi debyut bo'lishi kerak edi — u «Barselona»dan «Chikago Fayr»ga o'tgan. «Vankuver»da esa uning sobiq sherigi Tomas Myuller o'ynaydi."
"Gvardiola zo‘r ish chiqdi “Manchester Siti” bilan xayrlashgan ispaniyalik mutaxassis Xosep Gvardiola Italiya terma jamoasi bosh murabbiyligiga asosiy nomzod hisoblanmoqda. Bu haqida Italiyaning mashhur nashrlari xabar berdi. Manbaga ko‘ra, Italiya futbol federatsiyasi qisqa ro‘yxatiga uch nafar mutaxassis kiritilgan: - Xosep Gvardiola; - Roberto Manchini; - Antonio Konte. Biroq federatsiya rahbariyati aynan Gvardiolani eng munosib nomzod, deb hisoblamoqda. Eslatib o‘tamiz, Italiya terma jamoasi ketma-ket uchinchi marta jahon chempionatiga chiqolmaganidan keyin mamlakat futbol rahbariyatida katta o‘zgarishlar bo‘lgan. Aprel oyida bosh murabbiy Jennaro Gattuzo iste’foga chiqqan, shuningdek Janluiji Buffon va federatsiya prezidenti Gabriele Gravina ham o‘z lavozimlarini tark etgan. 11 iyul kuni esa Italiya futboli afsonasi Paolo Maldini federatsiyaning texnik direktori etib tayinlangan.","Italiya mashhur nashrlariga ko'ra, «Manchester Siti» bilan xayrlashgan Xosep Gvardiola Italiya terma jamoasi bosh murabbiyligiga asosiy nomzod. Qisqa ro'yxatda Roberto Manchini va Antonio Konte ham bor, lekin federatsiya Gvardiolani eng munosib deb hisoblaydi. Italiya ketma-ket uchinchi marta jahon chempionatiga chiqolmagach, murabbiy Jennaro Gattuzo, Janluiji Buffon va federatsiya prezidenti Gabriele Gravina lavozimlarini tark etgan. Paolo Maldini federatsiyaning texnik direktori etib tayinlandi."
"""Buyukdor"" futbolchisi ""Spartak""ga o‘tdi Kostromaning ""Spartak"" jamoasi tarkibi yana bir legioner bilan toʻldirildi. Jamoa matbuot xizmati maʼlum qilishicha, klub 26 yoshli chernogoriyalik himoyachi Marko Bugarin bilan shartnoma imzoladi. Marko Bugarin professional faoliyati davomida Chernogoriya, Serbiya va Oʻzbekiston chempionatlarida 200 dan ortiq oʻyin oʻtkazgan. U turli ligalarda toʻp surib, tajribali va ishonchli himoyachi sifatida tanilgan. Bugarinning soʻnggi klubi Toshkentning ""Bunyodkor"" jamoasi boʻldi. U yerda futbolchi 41 ta uchrashuvda maydonga tushib, 2 ta gol urdi va yana 2 ta golli uzatma muallifiga aylandi. Chernogoriyalik futbolchi bundan oldin Serbiyaning ""Spartak"" (Subotica), ""Mladost"" (Novi-Sad), shuningdek, Chernogoriyaning ""Edinstvo"", ""Mornar"", ""Bokel"" va ""Igalo"" klublarida ham oʻynagan.","Kostromaning «Spartak» jamoasi 26 yoshli chernogoriyalik himoyachi Marko Bugarin bilan shartnoma imzoladi — bu haqida klub xabar berdi. Bugarin Chernogoriya, Serbiya va O'zbekiston chempionatlarida 200dan ortiq o'yin o'tkazgan. So'nggi klubi Toshkentning «Bunyodkor»i bo'lib, u yerda 41 o'yinda 2 gol urdi va 2 pas berdi."
"Mundial qahramoni bo‘yicha birorta taklif tushmadi Argentina milliy terma jamoasi yulduzi Enzo Fernandez yangi mavsumni ham “Chelsi”da o‘tkazishi tobora oydinlashib bormoqda. Jurnalist Kiran Gill ma’lumotiga ko‘ra, Argentina terma jamoasi safida jahon chempionati ajoyib o‘yin namoyish etganiga qaramay, London superklubi hozircha boshqa jamoalardan futbolchini sotib olish bo‘yicha hech qanday rasmiy taklif olmagan. Buning asosiy sababi “Chelsi” futbolchi savdosidan olishni istayotgan yuqori transfer summasidir. Enzo Fernandez 2022 yildagi jahon chempionatida ko‘rsatgan samarali o‘yinidan keyin 2023 yilda “Benfika”dan “Chelsi”ga 121 million yevro evaziga o‘tgan edi. Uning amaldagi shartnomasi 2032 yil 30 iyungacha mo‘ljallangan. 2025/2026 yildagi mavsumda argentinalik yarim himoyachi barcha musobaqalarda 54 ta uchrashuv o‘tkazib, 15 ta gol va 7 ta golli uzatma qayd etgan.","Argentina yulduzi Enzo Fernandez yangi mavsumni ham «Chelsi»da o'tkazishi aniqlashib bormoqda. Jurnalist Kiran Gillga ko'ra, jahon chempionatida yaxshi o'ynaganiga qaramay, hech qanday klub rasmiy taklif bermagan — sababi «Chelsi»ning yuqori talab qilayotgan summasi. Fernandez 2023 yilda «Benfika»dan 121 million yevroga o'tgan, shartnomasi 2032 yilgacha. O'tgan mavsumda u 54 o'yinda 15 gol urdi va 7 pas berdi."
"Ispanlar qanday yutdi? Mourin'yo mundial finalini tahlil qilib berdi Madridning «Real» klubi bosh murabbiyi Joze Mourinyo 2026 yildgi jahon chempionati finalida Ispaniya terma jamoasining Argentina ustidan (1:0) qoʻzongan gʻalabasi haqida fikr bildirdi. - Ispaniyaning oʻyini haqiqatan ham hayratlanarli boʻldi. Ular shunchaki jahon chempioni boʻlishmadi, finalning har bir hal qiluvchi daqiqasini toʻliq nazorat qildi. Rostini aytsam, men uchun ham, Argentinga muxlislik qilgan doʻstlarim uchun ham oʻyin biroz zerikarli tuyuldi, chunki bir daqiqa ham Ispaniya nazoratni qoʻldan chiqaryapti, degan hissiyot boʻlmadi. Farq faqat texnik mahoratda emas, intizomda ham namoyon boʻldi. Ispaniya toʻp nazoratida ustunlik qildi, barcha uzatish yoʻllarini yopib qoʻydi va Argentinga oʻzlari istagan surʼatda oʻynash imkonini bermadi.","«Real» murabbiyi Joze Mourinyo Ispaniyaning Argentina ustidan 1:0 g'alabasi haqida gapirdi. «Ispaniyaning o'yini hayratlanarli edi, ular finalning har bir daqiqasini nazorat qildi. Menga va Argentina muxlisi do'stlarimga o'yin biroz zerikarli tuyuldi — Ispaniya bir daqiqa ham nazoratni yo'qotmadi. Farq nafaqat mahoratda, balki intizomda ham edi», — dedi Mourinyo."
"Yevropaning eng kuchli klubi 100 million evrolik vunderkinddan yuz oʻgirdi Yevropa Chempionlar ligasining amaldagi g‘olibi “Pari Sen-Jermen” rahbariyati “Lill” klubi va Marokash milliy terma jamoasi hujumkor futbolchisi Ayub Buaddi uchun kurashda ishtirok etmaslikka qaror qildi. 18 yoshli futbolchiga bo‘lgan qiziqish jahon chempionati davomida ancha kuchaydi. Marokash terma jamoasi ushbu turnirda chorak finalgacha yetib borgan edi. Biroq jurnalist Devid Ornshteyn ma’lumotiga ko‘ra, PSJ bu yozda Buaddini sotib olishga urinmaydi. “Lill” klubi mutasaddilari yosh yulduz uchun taxminan 100 million yevro talab qilmoqda va bunday narx Chempionlar ligasining amaldagi g‘oliblarini qoniqtirmaydi. Futbolchining asosiy da’vogarlaridan biri sifatida “Manchester Siti” ko‘rilmoqda va klub yaqin vaqt ichida yarim himoyachi bo‘yicha aniq muzokaralar o‘tkazishni rejalashtirgan.","«Pari Sen-Jermen» «Lill» va Marokash hujumchisi Ayub Buaddi uchun kurashmaslikka qaror qildi. 18 yoshli futbolchiga jahon chempionatida qiziqish oshgan edi — Marokash chorak finalgacha yetgan. Jurnalist Devid Ornshteynga ko'ra, «Lill» taxminan 100 million yevro talab qilmoqda, bu esa PSJni qoniqtirmagan. «Manchester Siti» uning asosiy da'vogari hisoblanadi."
"«Atletiko» Julian Al’vares bo‘yicha o‘z pozitsiyasini ommaga ma’lum qildi «Atletiko Madrid» bosh direktori Migel Anxel Xil joriy yozda jamoa hujumchisi Xulian Alvares klubni tark etmasligini ma’lum qildi. Shu kunlarga qadar argentinalik futbolchiga Kataloniyaning «Barselona» jamoasi jiddiy qiziqayapti, degan xabarlar tarqalgan edi. «Mening pozitsiyam aniq, klubning pozitsiyasi ham aniq. Bu haqida futbolchining o‘ziga, uning vakillariga va «Barselona» prezidentiga ochiq aytib qo‘ydik», — deya Xilning so‘zlarini insayder jurnalist Fabrizio Romano ijtimoiy tarmoq X orqali keltiradi. Eslatib o‘tamiz, o‘tgan yozda «Atletiko» 26 yoshli argentinalik forvardni «Manchester Siti» klubidan 75 million yevro evaziga sotib olgan edi. 2025/2026 yilgi mavsumda Alvares barcha musobaqalar doirasida 49 ta o‘yinda maydonga tushib, 20 ta gol urdi va 9 ta golli uzatma berdi.","«Atletiko Madrid» bosh direktori Migel Anxel Xil hujumchi Xulian Alvares klubni tark etmasligini aytdi, garchi «Barselona» unga qiziqayotgan bo'lsa-da. «Mening va klub pozitsiyamiz aniq, buni futbolchi, uning vakillari va «Barselona» prezidentiga ham aytdik», — dedi Xil, Fabrizio Romano keltirgan. «Atletiko» o'tgan yozda Alvaresni «Manchester Siti»dan 75 million yevroga sotib olgan edi. O'tgan mavsumda u 49 o'yinda 20 gol urdi va 9 pas berdi."
"""Arsenal"" asosiy himoyachisi 2027 yilgacha o'ynolmaydi «Arsenal» klubi va Frantsiya terma jamoasi markaziy himoyachisi Vilyam Saliba 2026 yildgi jahon chempionati yarim finalida Ispaniyaga qarshi o‘yinda (0:2) og‘ir jarohat oldi va kamida 2027 yilgacha maydonga qaytolmaydi. Bu haqida L’Equipe nashri xabar berdi. Manba ma’lumotiga ko‘ra, Saliba Ispaniyaga qarshi bahsda bel sohasidan jiddiy jarohat olgan. Dastlabki tashxisga binoan, futbolchi to‘rt oydan olti oygacha o‘yinlardan chetda qoladi. Shifokorlar unga jarrohlik amaliyoti zarurligini aytmoqda, shundan so‘ng uni uzoq muddatli tiklanish jarayoni kutmoqda. Ta’kidlanishicha, jahon chempionati boshlanishidan oldinoq Vilyam kuchli og‘riqlardan shikoyat qilgan, biroq shunga qaramay maydonga tushishda davom etgan. 2025/2026 yildgi mavsumda Saliba «Arsenal» safida 63 ta ehtimoliy o‘yindan 50 tasida maydonga tushdi va jamoaning Angliya Premyer-ligasida g‘olib chiqishi hamda Chempionlar ligasi finaliga yetib borishida asosiy figuralardan biriga aylandi.","«Arsenal» himoyachisi Vilyam Saliba Ispaniyaga qarshi yarim finalda og'ir jarohat oldi va kamida 2027 yilgacha o'ynolmaydi — bu haqida L'Equipe xabar berdi. Uning bel sohasi jarohatlangan, davolanish 4-6 oy davom etadi, jarrohlik ham kerak bo'lishi mumkin. U jahon chempionati oldidan ham og'riqdan shikoyat qilgan, lekin o'ynashda davom etgan. O'tgan mavsumda Saliba «Arsenal»ning Angliya Premyer-ligasi va Chempionlar ligasi finaliga yetishida asosiy figuralardan biri bo'lgan."
"“Real” Rodri bo‘yicha qarorini o‘zgartirdi Madridning “Real” klubi rahbariyati “Manchester Siti” yarim himoyachisi Rodri Ernandes boʻyicha oʻz qarorini oʻzgartirdi. Eslatib oʻtamiz, avvalroq madridliklar 2024 yildgi “Oltin toʻp” sohibi Rodrini sotib olishni rejalashtirgan, ammo keyinchalik bu fikrdan qaytgan edi. Biroq jurnalist Serxio Valentin maʼlum qilishicha, Rodrini “Real”ga olib kelishni shaxsan jamoaning yangi bosh murabbiyi Joze Mourinyo istamoqda. Manbaga koʻra, yarim himoyachining oʻzi ham “Real” safiga qoʻshilishni xohlaydi. Jurnalistning taʼkidlashicha, “Real” rahbariyati Mourinorning iltimosiga ijobiy javob bergan va jahon chempionati yakunlangandan keyin Rodrini sotib olishga urinishga vaʼda bergan.","«Real» yarim himoyachi Rodri Ernandes bo'yicha qarorini o'zgartirdi. Avval klub uni sotib olishni rejalashtirib, keyin fikridan qaytgan edi. Jurnalist Serxio Valentinga ko'ra, yangi murabbiy Joze Mourinyo shaxsan Rodrini xohlaydi, futbolchining o'zi ham «Real»ga o'tishni istaydi. «Real» rahbariyati Mourinyoning iltimosiga rozi bo'lib, jahon chempionatidan keyin Rodrini sotib olishga urinishga va'da bergan."
"TuxelAngliyaning JChda Argentinaдан uchralgan mag‘lubiyatidan so‘ng fikr bildirdi Angliya terma jamoasi bosh murabbiyi Tomas Tuxel JCh-2026 yarim finalida Argentinaга qarshi kechgan o‘yinda (1:2) qayd etilgan mag‘lubiyat yuzasidan fikr bildirdi. «Albatta, juda ranjimiz. G‘alabaga juda yaqin keldik, ammo gol urganimizdan so‘ng orqaga chekinib, juda passiv o‘ynay boshladik va darvozamiz oldida raqibga juda ko‘p imkoniyat berib qo‘ydik. Biz g‘alabaga yaqin edik, lekin hisobda oldinga chiqqach, ustunlikni saqlab qololmadik. Argentina futbolchilari deyarli har bir yuqori uzatmada bizdan oldin to‘pga yetib borishdi, qanotdan uzatmalarni ko‘paytirishdi. Shuning uchun himoyadagi bo‘shliqlarni yopish va havodagi kurashda mustahkamroq bo‘lish uchun besh nafar himoyachi bilan o‘ynash tizimiga otdik. Albatta, javobgarlik murabbiy zimmasida.","Angliya bosh murabbiyi Tomas Tuxel Argentinadan 1:2 mag'lubiyat haqida fikr bildirdi. «Juda ranjimiz. G'alabaga yaqin edik, lekin gol urganimizdan so'ng passiv o'ynay boshladik va ko'p imkoniyat berdik. Argentina yuqori uzatmalarda bizdan oldin to'pga yetib bordi, shuning uchun besh himoyachi bilan o'ynash tizimiga o'tdik. Javobgarlik murabbiyda», — dedi Tuxel."
"Turnir davomida Husanov maydonda jami 27 912 metr masofani bosib o‘tdi va 93 marta sprint amalga oshirdi. O‘zbekiston terma jamoasi esa o‘zining debut jahon chempionatini guruh bosqichida yakunlagan bo‘lsa-da, Abduqodir Husanovning o‘yini milliy jamoaning eng yorqin voqealaridan biriga aylandi. U turnirdagi barcha uchrashuvlarda maydonga tushib, barqaror va yetuk o‘yin namoyish etdi. Husanovning ko‘rsatkichlari o‘zbek futboli uchun tarixiy natija hisoblanadi. Ilk bor o‘zbekistonlik futbolchi jahon chempionatining asosiy statistik ko‘rsatkichlari bo‘yicha yetakchilar safidan o‘rin oldi. Husanov tezlik, ishonchli himoya va hujumlarni boshlash mahoratini uyg‘unlashtirgan holda dunyoning eng kuchli himoyachilari bilan teng raqobatlasha olishini isbotladi.","Turnir davomida Husanov maydonda 27 912 metr masofa bosib o'tdi va 93 marta sprint qildi. O'zbekiston guruh bosqichida qolsa ham, uning o'yini jamoaning eng yorqin voqealaridan biri bo'ldi. U barcha o'yinlarda maydonga tushib, tezlik va ishonchli himoyani birlashtirib, dunyoning eng kuchli himoyachilari bilan teng raqobatlashdi — bu o'zbek futboli uchun tarixiy natija."
"Shayxlar Harri Keynni transferga ko‘ndirmoqchi Bundesliga chempioni “Bavariya”ning angliyalik to‘purar hujumchisi Harri Keyn faoliyatini Saudiya Arabistoni chempionatida davom ettirish imkoniyatiga ega bo‘lmoqda. Jurnalist Sasha Tavolierining ma’lumotiga ko‘ra, “Al-Hilol” angliyalik futbolchining vakillari bilan ehtimoliy transferni baholash maqsadida muzokaralarni boshlagan. Hozircha hujumchining o‘zi kelajagi bo‘yicha yakuniy qaror qabul qilmagan. Ayni paytda Keynning manfaatlarini himoya qilayotgan mutaxassislar Saudiya klubining sport va moliyaviy taklifini o‘rganib chiqmoqda. Keynning “Bavariya” bilan shartnomasida maxsus band mavjud bo‘lib, unga ko‘ra uchinchi mavsumda uning tovon puli 65 million yevroga teng bo‘ladi. Shu sababli “Al-Hilol” ushbu imkoniyatdan foydalanishga jiddiy tayyorgarlik ko‘rmoqda. Ayni paytda Saudiya klubi hali “Bavariya” bilan rasmiy bog‘lanmagan va faqat Keyn vakillarga aloqaga chiqib, avval futbolchining roziligini olishga harakat qilayapti.","«Bavariya» hujumchisi Harri Keyn Saudiya Arabistoni chempionatiga o'tishi mumkin. Jurnalist Sasha Tavolierga ko'ra, «Al-Hilol» futbolchi vakillari bilan muzokara boshlagan, lekin Keynning o'zi hali qaror qilmagan. Keynning «Bavariya» bilan shartnomasida uchinchi mavsumda tovon puli 65 million yevro bo'ladigan band bor — «Al-Hilol» shundan foydalanmoqchi."
"Pul qoʻldan chiqdi! “Atalanta” oʻz oʻyinchisining Manchesterga transferi barbod boʻlganidan hayratda Italiyaning “Atalanta” klubi sport direktori Kristiano Juntoli yarim himoyachi Edersonning “Manchester Yunayted”ga transferi barbod bo‘lgani haqida fikr bildirdi. “Atalanta” bilan 38 million funtlik kompensatsiya va Edersonning shaxsiy shartnomasi shartlari bo‘yicha kelishuvga erishilganiga qaramay, “Yunayted” so‘nggi lahzada bitimdan voz kechdi. Transferning amalga oshmaganiga Angliyadagi tibbiy ko‘rik davomida Braziliya terma jamoasining 27 yoshli futbolchisida salomatligi bilan bog‘liq ayrim muammolar aniqlangani sabab qilib ko‘rsatilmoqda. “Atalanta” bunday qarordan hayratda qolgan va Edersonni mutlaqo sog‘lom, deb hisoblamoqda. Klub hatto u bilan yangi shartnoma imzolashni rejalashtirmoqda. - Biz hayratdamiz. U qolishdan mamnun va biz uning shartnomasini uzaytirish ustida ishlayapmiz, - dedi Kristiano Juntoli.","«Atalanta» sport direktori Kristiano Juntoli yarim himoyachi Edersonning «Manchester Yunayted»ga transferi bekor bo'lganidan hayron. 38 million funtlik kelishuvga erishilgan bo'lsa-da, «Yunayted» tibbiy ko'rikda aniqlangan sog'liq muammosi sababli oxirgi lahzada voz kechdi. «Atalanta» uni sog'lom deb hisoblaydi va hatto yangi shartnoma imzolamoqchi. «Biz hayratdamiz, u qolishdan mamnun», — dedi Juntoli."
"Argentina terma jamoasi penaltilar seriyasiga umid qilgandek tuyuldi, — dedi Arshavin «Match TV» dasturi efirida. Uchrashuvning 90+3-daqiqasida Argentina tarkibida maydondagi vaziyat yanada og‘irlashdi: Enzo Fernandez ikkinchi sariq kartochkani olib, maydondan chetlatildi. Qo‘shimcha bo‘limda, 106-daqiqada esa Ispaniya terma jamoasi hujumchisi Ferran Torres yagona va g‘alaba golini urdi.","«Argentina penaltiga umid qilgandek tuyuldi», — dedi Arshavin Match TV'da. 90+3-daqiqada Enzo Fernandez ikkinchi sariq kartochka olib chetlatildi. Qo'shimcha vaqtning 106-daqiqasida Ispaniya hujumchisi Ferran Torres g'alaba golini urdi."
"Karrik Reşfordga imkoniyat bermoqchi 2026 yilgi jahon chempionati yakunlangandan so‘ng Angliya terma jamoasi hujumchisi Markus Reşford yangi mavsumga tayyorgarlikni «Manchester Yunayted» bilan birga boshlaydi. Futbol insayderi Fabrizio Romanoning xabar berishicha, «qizil iblislar» bosh murabbiyi Maykl Karrik hujumchiga o‘zini ko‘rsatish va asosiy tarkib uchun kurashish imkoniyatini bermoqchi. Shu bois klub rahbariyati Reşfordni sotish masalasida shoshilmaslikka qaror qilgan. Shu bilan birga, transfer ehtimoli to‘liq yopilmagan: agar «Manchester Yunayted» Yevropa yetakchi klublaridan jiddiy taklif qabul qilsa, kelishuv amalga oshishi mumkin. Avvalroq 28 yoshli futbolchiga bir qator turk jamoalari qiziqish bildirgan, ammo ularning takliflari Markusrni qoniqtirmagan. Reşford 2024 yil dekabridan beri «MYu» safida maydonga tushmagan. 2025 yil fevraldan may oyigacha u «Aston Villa» tarkibida ijara asosida o‘ynadi, o‘tgan mavsumni esa to‘liq «Barselona»da o‘tkazdi.","Jahon chempionatidan keyin Angliya hujumchisi Markus Reshford yangi mavsumga «Manchester Yunayted» bilan tayyorgarlik ko'radi. Fabrizio Romanoga ko'ra, murabbiy Maykl Karrik unga asosiy tarkib uchun kurashish imkonini bermoqchi, shu sabab klub uni sotishga shoshilmayapti. Ba'zi turk klublari qiziqqan, lekin takliflar Reshfordni qoniqtirmagan. U 2024 yil dekabrdan «MYu»da o'ynamagan, avval «Aston Villa»da ijarada, o'tgan mavsum esa «Barselona»da bo'lgan."
"Angliya klubi o‘z tarixidagi rekord transferga qo‘l urdi Germaniya Bundesligasida ishtirok etayotgan “Frayburg” klubi yarim himoyachisi Yoan Manzambi “Aston Villa”ning rekord darajadagi transferi bo‘ldi. Amadu Onananing jarohati va Yuri Tilemansning “Manchester Yunayted”ga ketishi ortidan “Villa” markaziy chiziqni kuchaytiradigan o‘yinchi sifatida Yoan Mazambini tanladi. “Villaliklar” yarim himoyachi uchun kurashda “Nyukasl”ni ortda qoldirdi. 20 yoshli Manzambi Shveytsariya terma jamoasi bilan jahon chempionatida ishtirok etganidan keyin qisqa muddat hordiq chiqarmoqda. U bir necha kun ichida Angliyaga kelib, “Aston Villa”da tibbiy ko‘rikdan o‘tadi. The Athletic nashri ma’lumotiga ko‘ra, Birmingem klubi Manzambi uchun 50 million funtdan ortiq mablag‘ sarflaydi. Bu esa 2024 yilda Amadu Onana uchun “Everton”ga to‘langan summadan ham ko‘proq bo‘ladi va Manzambi klub tarixidagi eng qimmat xaridga aylanadi.","«Frayburg» yarim himoyachisi Yoan Manzambi «Aston Villa»ning rekord transferi bo'ldi. Onananing jarohati va Tilemansning «MYu»ga ketishi sabab «Villa» uni tanladi va «Nyukasl»ni ortda qoldirdi. 20 yoshli Manzambi Shveytsariya bilan jahon chempionatidan keyin qisqa dam olib, tez orada Angliyada tibbiy ko'rikdan o'tadi. The Athletic'ga ko'ra, «Aston Villa» 50 million funtdan ortiq to'laydi — bu klub tarixidagi eng qimmat xarid bo'ladi."
"Shomurodov va Fayzullaevning UEFA turniridagi o‘yini qanday baholandi? O‘zbekiston milliy terma jamoasi yetakchilari Eldor Shomurodov va Abbosbek Fayzullaev jahon chempionatidagi keyin ilk rasmiy uchrashuvlarini o‘tkazdi. Legionerlarimiz mundialdan keyin qisqa fursat hordiq chiqarganidan keyin ""Istanbul Boshakshehir"" ixtiyoriga qaytib, bir necha kun davomida mavsumoldi tayyorgarlik yig‘inida qatnashdi. ""Boshakshehir"" bosh murabbiyi Nuri Shaxin Konferensiyalar ligasi turnirining saralash bosqichidagi Finlandiyaning ""Inter Turku"" jamoasiga qarshi uchrashuvda Eldorni boshlang‘ich tarkibda maydonga tushirdi. Abbosbek Fayzullaev esa, zahirada qoldirildi va ikkinchi bo‘lim o‘rtalarida o‘yinga qo‘shildi. Mezbonlar g‘alaba uchun maydonga tushgan bo‘lsa-da, birinchi bo‘lib gol o‘tkazib yubordi va qolgan vaqt mobaynida mag‘lubiyatdan qutilib qolishga harakat qildi. Va amalda buni uddaladi.","O'zbekiston yetakchilari Eldor Shomurodov va Abbosbek Fayzullaev jahon chempionatidan keyin «Istanbul Boshakshehir» bilan ilk o'yinlarini o'tkazdi — Konferensiyalar ligasi saralashida Finlandiyaning «Inter Turku»ga qarshi. Murabbiy Nuri Shaxin Shomurodovni asosiy tarkibda o'ynatdi, Fayzullaev esa zahiradan chiqdi. Jamoa gol o'tkazib yuborsa-da, mag'lubiyatdan qutilib qoldi."
"Natijada Eldor avval “Spetsiya”ga, keyin esa, “Kalyari”ga ijaraga berildi. “Roma”dagi so‘nggi mavsumida Shomurodov Klaudio Ranieri qo‘l ostida jamoaning asosiy figuralaridan biriga aylandi. Biroq 2025 yilning yozidagi murabbiylar almashinuvı ortidan Turkiya chempionatiga ko‘chib o‘tishni ma’qul topdi. Franshesko Totti jurnalistlar bilan suhbatda Eldor Shomurodov qanday taassurot qoldirgani haqidagi savolga quyidagicha javob berdi. - Shomurodov har gal unga imkoniyat berilganda o‘yinga o‘zini to‘liq bag‘ishlaydigan futbolchi sifatida yodimda qolgan, - dedi Franshesko Totti. Darhaqiqat, Eldor Shomurodov Yevropa ligalari orasida tobora kuchayib borayotgan Turkiya Superligasidagi debyut mavsumidayoq nimlarga qodirligini isbotladi. 31 yoshli futbolchi “Istanbul Boshakshеhir”dagi ilk mavsumida Turkiya chempionatida 22 ta gol bilan Superliga to‘purari va musobaqaning eng samarali o‘yinchisi bo‘ldi.","Eldor keyin «Spetsiya»ga, so'ng «Kalyari»ga ijaraga berilgan edi. «Roma»dagi so'nggi mavsumida Klaudio Ranieri qo'l ostida jamoaning asosiy futbolchisiga aylandi, lekin 2025 yozida murabbiy almashgach, Turkiyaga o'tishni ma'qul topdi. Franchesko Totti uni «har gal imkoniyat berilganda o'zini to'liq bag'ishlaydigan futbolchi» deb ta'rifladi. Shomurodov «Boshakshehir»dagi debyut mavsumida 22 gol bilan Turkiya Superligasining eng samarali o'yinchisi bo'ldi."
"Rodri tarixda oʻziga xos yutuqlar toʻplamiga ega boʻlgan 11-oyinchiга aylanishi mumkin Ispaniya terma jamoasi va «Manchester Siti» yarim himoyachisi Rodri futbol tarixidagi eng nufuzli ro‘yxatga kirish arafasida turibdi. U dunyo chempionati, Chempionlar ligasi va «Oltin to‘p»ni qo‘lga kiritgan kam sonli futbolchilar safiga qo‘shilishi mumkin. Hozircha bu «elita klub»da bor-yo‘g‘i o‘n nafar futbolchi bor: Bobbi Charlton, Frants Bekkenbauer, Gerd Myuller, Paolo Rossi, Zinedin Zidan, Rivaldo, Ronaldinyo, Kaka, Lionel Messi va Usman Dembele. Rodri «Manchester Siti» tarkibida 2022–23 yildgi mavsumda Chempionlar ligasida zafar quchdi. 2024 yilda esa u dunyoning eng yaxshi futbolchisiga beriladigan «Oltin to‘p» sohibi bo‘ldi. Endi ispaniyalik futbolchiga faqat dunyo chempionligi yetishmayapti.","Ispaniya va «Manchester Siti» yarim himoyachisi Rodri jahon chempionati, Chempionlar ligasi va «Oltin to'p»ni qo'lga kiritgan kam sonli futbolchilar qatoriga qo'shilishi mumkin. Hozircha bu ro'yxatda o'n futbolchi bor: Charlton, Bekkenbauer, Myuller, Rossi, Zidan, Rivaldo, Ronaldinyo, Kaka, Messi va Dembele. Rodri 2022-23 mavsumida Chempionlar ligasini, 2024 yilda «Oltin to'p»ni yutgan — unga faqat jahon chempionligi yetishmaydi."
"FIFA Argentina — Misr oʻyinini boshqargan hakamni chetladi Frantsiyalik hakam Fransua Leteksye endi 2026 yildgi jahon chempionati uchrashuvlarida ishlamaydi. Motivaciones Fútbol ma'lumotiga ko‘ra, FIFA 37 yoshli referi nomini musobaqaning qolgan qismida ishlaydigan hakamlar ro‘yxatidan chiqarib tashlagan. Rasmiy izohda bunday qarorga ehtimoliy manfaatlar to‘qnashuvi sabab qilib ko‘rsatilmoqda. Chunki Frantsiya terma jamoasi hali ham jahon chempioni unvoni uchun kurashni davom ettirmoqda. Shu bilan birga, qaror atrofida jiddiy bahs-munozaralar yuzaga keldi. 1/8 final bosqichidagi Argentina – Misr uchrashuvidan (3:2) so‘ng Misr futbol assotsiatsiyasi Leteksye boshchiligidagi hakamlar guruhi yuritgan o‘yin bo‘yicha rasmiy shikoyat yo‘lladi. Misr tomoni urishilgan gol bekor qilingan va penalti belgilanganidan norozi bo‘lib, bu epizodlarni hal qiluvchi deb hisoblagan.","Fransiyalik hakam Fransua Leteksye endi 2026 yildagi jahon chempionati o'yinlarida ishlamaydi. Motivaciones Fútbol'ga ko'ra, FIFA uni manfaatlar to'qnashuvi sababli ro'yxatdan chiqardi — chunki Fransiya hali chempionlik uchun kurashmoqda. Buning sababi 1/8 finaldagi Argentina-Misr o'yinida (3:2) Misr federatsiyasining rasmiy shikoyati bo'ldi — ular gol bekor qilinishi va penaltidan norozi bo'lgan edi."
"O‘zbekiston mundialda bu ko‘rsatkich bo‘yicha Angliya bilan bir xil daraja ko‘rsatdi O‘zbekiston milliy terma jamoasi 2026 yildgi jahon chempionati davomida o‘yin uslubini eng ko‘p o‘zgartirgan jamoalardan biri sifatida qayd etildi. Opta Analyst statistika portali ma’lumotlariga ko‘ra, O‘zbekiston terma jamoasi har 90 daqiqa ichida o‘rtacha 2,7 marta taktik tuzilishni almashtirgan. Bu ko‘rsatkich bo‘yicha jamoa turnirda yettinchi o‘rinni egallab, Angliya va Eron terma jamoalari bilan bir qatordan joy oldi. Ro‘yxatning yuqori qismida Qatar va Iordaniya jamoalari joylashgan — ular o‘yin davomida o‘rtacha 3,3 marta taktik sxemani o‘zgartirgan. Belgiya va Chexiya terma jamoalarida bu ko‘rsatkich 3,0, Paragvayda esa 2,8 ko‘rinishida bo‘ldi. Ma’lumki, O‘zbekiston jahon chempionatida uchta uchrashuv o‘tkazdi.","O'zbekiston 2026 yildagi jahon chempionatida o'yin uslubini eng ko'p o'zgartirgan jamoalardan biri bo'ldi. Opta Analyst'ga ko'ra, jamoa har 90 daqiqada o'rtacha 2,7 marta taktikani almashtirgan — bu ko'rsatkich bo'yicha yettinchi o'rin, Angliya va Eron bilan bir qatorda. Eng ko'p o'zgartirgan Qatar va Iordaniya (3,3 marta) bo'ldi. O'zbekiston mundialda uchta o'yin o'tkazdi."
"Endi jahon chempionlari uzuk taqadi 2026 yildgi jahon chempionati g‘oliblari futbol tarixida birinchi bo‘lib o‘ziga xos mukofot – chempionlik uzuklarini qabul qilib olishadi. Bu haqida Xalqaro futbol federatsiyasi (FIFA) matbuot xizmati xabar berdi. FIFA shafeligida o‘tayotgan musobaqalar tarixida birinchi marta chempionlik uzuklari topshiriladi. Bu an’ana AQSh sport ligalarida keng tarqalgan bo‘lib, Shimoliy Amerika mamlakatlari mezbonlik qilayotgan bu galgi jahon chempionatida ham ushbu g‘oya amalga oshirilmoqda. Har bir uzuk cheklangan miqdorda – aniq 2026 dona nusxada ishlab chiqariladi va ular individual raqamlarga ega bo‘ladi. Bu esa musobaqa o‘tkazilayotgan 2026 yilga ishora hisoblanadi. Ulardan 30 ta uzuk g‘olib jamoa futbolchilari va murabbiylariga topshiriladi, qolgan 1996 tasi esa FIFAning rasmiy litsenziyalangan mahsuloti sifatida butun dunyo bo‘ylab sotuvga chiqariladi.","2026 yildagi jahon chempionati g'oliblari birinchi bo'lib chempionlik uzuklarini oladi — bu haqida FIFA xabar berdi. Bu AQSh sport ligalarida keng tarqalgan an'ana. Har bir uzuk 2026 dona ishlab chiqariladi — bu jahon chempionati yiliga ishora. 30 tasi g'olib jamoa a'zolariga, qolgani sotuvga chiqariladi."
"Uzukning bir tomonida jahon chempionati kubogi tasviri joylashtiriladi, ikkinchi tomonida esa g‘olib jamoaning logotipi aks ettiriladi. Har bir uzuk raqamlanadi, egasiga mos o‘lchamda tayyorlanadi va haqiqiyligini tasdiqlovchi sertifikat bilan ta’minlanadi. Final tugagandan so‘ng g‘olib jamoaning kapitani va bosh murabbiyiga tantanali marosim uchun vaqtinchalik uzuklar topshiriladi. Keyinchalik barcha 30 ta chempionlik uzugi maxsus buyurtma asosida tayyorlanadi va rasmiy taqdirlash marosimi o‘tkaziladi. Mundial finalida Ispaniya va Argentina terma jamoalari o‘zaro bahs olib boradi. Uchrashuv 19 iyul kuni Nyu-Jersi shtatidagi stadionda bo‘lib o‘tadi.","Uzukning bir tomonida jahon chempionati kubogi, ikkinchi tomonida g'olib jamoa logotipi tasvirlanadi. Har bir uzuk raqamlanadi, o'lchamga moslanadi va sertifikat bilan beriladi. Final tugagach, kapitan va murabbiyga marosim uchun vaqtinchalik uzuklar topshiriladi, keyin barcha 30 ta uzuk maxsus tayyorlanadi. Final 19 iyulda Nyu-Jersida bo'lib o'tadi."
"Messining JCh-2026 «Oltin to‘p»ni olish ehtimoli Angliya ustidan g‘alabadan so‘ng 88 foizga yetdi Argentina terma jamoasi hujumchisi Lionel Messi 2026 yildgi jahon chempionatida eng yaxshi futbolchi deb topilishi ehtimoli juda yuqori ekani aytilmoqda. Polymarket platformasi ma’lumotlariga ko‘ra, argentinalik yulduzning ushbu mukofotga ega chiqishi ehtimoli 88 foizga yetgan. Bunday baholashga sabab — Angliyaga qarshi yarim final bahsida Argentina g‘alabasi (2:1) va jamoaning finalga yo‘l olishi bo‘ldi. Shu uchrashuvdan so‘ng Messining asosiy individual sovrinni qo‘lga kiritish imkoniyati bir zumda 76 foizga oshgan. Platforma statistikasiга nazar tashlasak, hozircha Messi raqobatchilarini keskin ortida qoldirmoqda. Uning eng yaqin ta’qibchisi — Ispaniya terma jamoasi yarim himoyachisi Rodri bo‘lib, unga 9 foizlik imkoniyat berilgan.","Argentina hujumchisi Lionel Messining 2026 yildagi jahon chempionatida «Oltin to'p»ni olish ehtimoli yuqori. Polymarket'ga ko'ra, Angliyaga qarshi 2:1 g'alabadan so'ng bu ehtimol 88 foizga yetdi (avval 76 foiz edi). Uning eng yaqin raqibi — Ispaniya yarim himoyachisi Rodri, unga faqat 9 foiz beriladi."
"""Neftchi"" futbolchisi ijaraga berildi ""Neftchi"" klubi hujumkor yarim himoyachisi Daler Toʻxsanov faoliyatini yana Toshkentda davom ettiradi. Futbolchi yarim mavsum ijara asosida ""Olimpik MobiUz"" jamoasida faoliyat olib boradi. Futbolchi Olimpiya terma jamoasiga yaxshiroq formada bormoqchi va shu sabab koʻproq oʻyin amaliyotiga ega boʻlish uchun sobiq klubiga qaytdi. Eslatib oʻtamiz, Dalerning ""yoʻlbarslar"" bilan 2029 yil oxiriga qadar moʻljallangan shartnomasi bor va klub ham uni sotmoqchi emas. U hozirga qadar farʼgonaliklar safida jami 3 ta - bitta Superliga va ikki bora Oʻzbekiston kubogi bellashuvlarida maydonga tushdi.","«Neftchi» yarim himoyachisi Daler To'xsanov yarim mavsumga «Olimpik MobiUz»ga ijaraga berildi. U Olimpiya terma jamoasiga yaxshi formada borish uchun ko'proq o'yin amaliyoti olmoqchi. To'xsanovning «Neftchi» bilan shartnomasi 2029 yilgacha, klub uni sotmoqchi emas. U hozirgacha «Neftchi» safida bitta Superliga va ikki marta O'zbekiston kubogida maydonga tushdi."
"Mbappe mag‘lubiyat sabablarini ochib tashladi Frantsiya terma jamoasi hujumchisi Kilian Mbappe 2026 yildagi jahon chempionati yarim finalida Ispaniyaga qarshi uchrashuvda (0:2) qayd etilgan mag‘lubiyat yuzasidan fikr bildirdi. - Biz maydonda rejalashtirgan o‘yinimizni ko‘rsata olmadik: na taktika da, na texnika da, na umumiy o‘yin sifatida. Jahon chempionati yarim finalida bajarishing kerak bo‘lgan ishni qilmasang, g‘alaba ham kelmaydi. Ispaniya o‘z uslubiga sodiq qoldi: to‘pni nazorat qilishni, o‘yin sur’atini belgilab borishni yaxshi ko‘radigan jamoa. Biz ularga yuqori bosim o‘rnatib, sekin sur’atda o‘ynashga yo‘l qo‘ymaslikni rejalashtirgan edik, ammo bu reja ish bermadi. Texnik xatolar juda ko‘p bo‘ldi, kerak paytda ularga qanday zarar yetkazishni bilmadik.","Fransiya hujumchisi Kilian Mbappe Ispaniyaga 0:2 mag'lubiyat sababini aytdi. «Reja bo'yicha o'ynay olmadik — na taktikada, na texnikada. Ispaniya to'pni nazorat qilib, o'z uslubiga sodiq qoldi. Biz yuqori bosim rejalashtirgan edik, lekin ish bermadi, texnik xatolar juda ko'p bo'ldi», — dedi Mbappe."
"Ispaniya terma jamoasi baholari: – darvozabon: Unay Simon (7,5); – himoya: Pedro Porro (7,9), Emerik Laport (7,0), Pau Kubarsi (7,3), Mark Kukurelya (7,2); – yarim himoya: Fabian Ruis (7,8), Aleks Baena (6,5), Rodri (7,0); – hujum: Dani Ol’mo (7,0), Lamin Yamal (6,9), Mikel Oyarsabal (7,5). – zahiradagilar: Mikel Merino (6,4), Pedri (6,1), Ferran Torres (6,2).","Ispaniya terma jamoasi baholari: darvozabon — Unay Simon (7,5); himoya — Pedro Porro (7,9), Emerik Laport (7,0), Pau Kubarsi (7,3), Mark Kukurelya (7,2); yarim himoya — Fabian Ruis (7,8), Aleks Baena (6,5), Rodri (7,0); hujum — Dani Ol'mo (7,0), Lamin Yamal (6,9), Mikel Oyarsabal (7,5); zahiradagilar — Mikel Merino (6,4), Pedri (6,1), Ferran Torres (6,2)."
"Makelele «Oltin to‘p» uchun Mbappe nomzodini qo‘llab-quvvatladi «Real» klubining sobiq yarim himoyachisi Klod Makelele fransuz terma jamoasi yetakchisi Kilian Mbappeni qo‘llab-quvvatlab, unga «Oltin to‘p» sovrinini qo‘lga kiritishini tiladi. 2026 yildagi jahon chempionatida forvard olti o‘yinda sakkizta gol urishga muvaffaq bo‘ldi. «Chin dildan istaymanki, Mbappe «Oltin to‘p»ni yutsin. Bu mavsumda u «Real» bilan katta sovrin ololmadi, lekin jahon chempionatida ko‘rsatayotgan o‘yini haqiqatan ham o‘ta yuqori darajada. Kilian yillar davomida namoyish qilayotgan barqaror va yuqori natijalar uning Ronaldo bilan o‘xshash jihatlarini yanada yaqqolroq ko‘rsatmoqda. Bejizga Ronaldoni «Fenomen» deb atashmagan — Mbappeni ham o‘z avlodi fenomeni, desak, adashmaymiz. Ishonchim komilki, Kilian biz uchun hali ko‘p kutilmagan syurprizlar tayyorlab qo‘ygan.","«Real»ning sobiq yarim himoyachisi Klod Makelele Fransiya yetakchisi Kilian Mbappening «Oltin to'p»ni yutishini istaydi. Mbappe jahon chempionatida olti o'yinda sakkiz gol urdi. «Chin dildan istaymanki, Mbappe yutsin. Bu mavsumda «Real»da katta sovrin ololmadi, lekin mundialdagi o'yini juda yuqori darajada. U ham Ronaldo kabi fenomen», — dedi Makelele."
"Umumiy ro‘yxatda birinchi pog‘onaga Frantsiya terma jamoasi hujumchisi Kilian Mbappe joylashdi. U qayd etgan maksimal tezlik — soatiga 37,61 kilometrni tashkil qildi. Kuchli uchlikka, shuningdek, shvetsiyalik hujumchi Entoni Elanga (37,16 km/soat) va Niderlandiya milliy terma jamoasi himoyachisi Mikki van de Ven (36,77 km/soat) ham kirdi. Tezlik bo‘yicha Abduqodir Husanov guruh baxsida o‘zi bilan to‘qnashgan Krishtianu Ronaldu va finalda o‘ynagan Lionel Messi kabi yulduzlarni ancha ortda qoldirdi. Portugaliya va Argentina terma jamoalari yetakchilari hatto jahon chempionatidagi eng tezkor 500 nafar futbolchi qatoridan ham o‘rin ololmadi. Qiziqishi shundaki, reytingning birinchi o‘ntaligida 2026 yildgi jahon chempionati finaliga chiqqan Ispaniya va Argentina terma jamoalaridan biror futbolchi yo‘q.","Tezlik reytingida birinchi o'rinni Mbappe egalladi — soatiga 37,61 km. Undan keyin Entoni Elanga (37,16) va Mikki van de Ven (36,77) keladi. Abduqodir Husanov tezlikda Ronaldu va Messidan ham o'zib ketdi — ular hatto eng tezkor 500 nafar futbolchi ro'yxatiga kirmadi. Qiziqarlisi, birinchi o'ntalikda finalchi Ispaniya va Argentina futbolchilaridan biri ham yo'q."
"Mareska ""Siti""da nimalarni oʻzgartiradi Angliya terma jamoasining sobiq himoyachisi Joleon Leskott «Manchester Siti»ning yangi bosh murabbiyi Enzo Mareska qo‘llaydigan o‘yin uslubiga o‘z munosabatini bildirdi. - Menimcha, Mareska tarkibga biroz o‘zgarish kiritishiga to‘g‘ri keladi va u bundan qochmaydi. Bu o‘zgarishlar ayrim futbolchilarni almashtirish hisobidan bo‘lishi mumkin, yoki ba'zi o‘yinchilarning maydondagi vazifasini o‘zgartirish orqali amalga oshirilishi ehtimoli bor. Lekin jamoaning o‘zidagi tizim ishlayotgani aniq-ku, to‘g‘rimi? «Manchester Siti» so‘nggi 10–15 yil ichida eng raqobatbardosh jamoalardan biri bo‘lib keldi. Rostdan ham Mareskaning kelib, hammasini tubdan o‘zgartirishini istarmidingiz? U qanday qaror qabul qilmasin, bu hammaга yoqmaydi. Biroq o‘ylaymanki, siz tasavvur qilganingizdan ko‘ra ko‘proq futbolchi unga xursand, chunki ular uchun yangi pozitsiyalar, yangi imkoniyatlar ochilishi mumkin.","Angliyaning sobiq himoyachisi Joleon Leskott «Manchester Siti»ning yangi murabbiyi Enzo Mareska uslubiga munosabat bildirdi. «Mareska tarkibga o'zgarish kiritadi — bu ba'zi futbolchilarni almashtirish yoki vazifasini o'zgartirish orqali bo'lishi mumkin. Lekin jamoaning tizimi ishlayapti-ku. Ko'p futbolchi buni xursandchilik bilan qabul qiladi, chunki ular uchun yangi imkoniyatlar ochiladi», — dedi Leskott."
"Alvarez Angliyaga qaytishdan bosh tortyapti Ispaniyaning “Atletiko” klubida oʻynayotgan mashhur hujumchi Xulian Alvares Premier-liga klublaridan chorlov boʻlayotganiga qaramay, Angliyaga qaytishdan bosh tortmoqda. Avvalroq, The Independent nashri argentinalik futbolchi “Arsenal”ga oʻtishga ochiq ekanligi haqida xabar bergan edi. Biroq Sky Sports maʼlumotiga koʻra, 26 yoshli Xulian Alvares Angliya yoki Fransiyaga koʻchib oʻtishni istamayapti va shu sababli “Arsenal” hamda PSJ variantlarini rad etgan. Alvares oilasi bilan Ispaniyada yashashni xohlaydi. Shu bilan birga, “Barselona” ham uni qoʻlga kiritish harakatlarini toʻxtatmagan va jahon chempionatidan keyin muzokaralarda oldinga siljishga umid qilmoqda. Hozirda “Barselona”ning taklifi 100 million funt sterlingdan biroz yuqoriroqni tashkil etmoqda. Kataloniya klubi bu summani 110 million funt sterling va bonuslardan ham yuqori darajagacha oshirishga tayyor.","«Atletiko» hujumchisi Xulian Alvares Premier-liga klublari qiziqishiga qaramay, Angliyaga qaytishdan bosh tortmoqda. The Independent'ga ko'ra, avval u «Arsenal»ga ochiq ekanligi aytilgan edi, lekin Sky Sports'ga ko'ra, u Angliya yoki Fransiyaga ko'chishni istamay, «Arsenal» va PSJ variantlarini rad etdi — u oilasi bilan Ispaniyada qolishni xohlaydi. «Barselona» esa hali ham uni olishga harakat qilmoqda va taklifini 100 million funtdan 110 million funt va bonusgacha oshirishga tayyor."
"FIFA JCh-2026 finalidagi tanaffusni jahon yulduzlari ishtirokidagi shou uchun 30 daqiqagacha uzaytiradi 2026 yilda Nyu-Djersida bo‘lib o‘tadigan jahon chempionati final o‘yinida taymlar orasidagi tanaffus 30 daqiqagacha uzaytirilishi rejalashtirilmoqda. Bu haqida «The Telegraph» nashri xabar berdi. Hozirgi qoidalarga ko‘ra, futbolda tanaffus 15 daqiqa bilan cheklangan. FIFAning yangi tashabbusi aynan shu me’yorni o‘zgartirishni nazarda tutadi. Sabab – final o‘yini vaqtida Amerikadagi mashhur Superboul uslubida katta sahnaviy tomosha uyushtirish rejasi. Ma’lumotlarga ko‘ra, stadionda 11 daqiqalik yirik musiqiy shou namoyish etiladi. Loyiha kuratori sifatida Coldplay guruhi yetakchisi Kris Martin tayinlangan. «Metlayf» stadioni sahnasida asosiy ishtirokchilar sifatida Madonna, Shakira, BTS va Justin Biber chiqishi kutilmoqda.","2026 yilda Nyu-Djersida bo‘lib o‘tadigan jahon chempionati finalida taymlar orasidagi tanaffus 15 daqiqadan 30 daqiqagacha uzaytirilishi mumkin. Bu haqida «The Telegraph» xabar berdi. Sababi — Superboul uslubidagi katta konsert uyushtirish rejasi. Loyihani Coldplay guruhi yetakchisi Kris Martin boshqaradi. Sahnada Madonna, Shakira, BTS va Justin Biber chiqishi kutilmoqda."
"Hujumchi transfer rad etilgandan keyin mashg‘ulotdan ketib qoldi «Vulverxempton» klubi forvardi Tolu Arokodare jamoa mashg‘ulotini yarim yo‘lda tark etdi. BBC xabariga ko‘ra, futbolchining bunday qarori unga «Fiorentina»ga o‘tishga ruxsat berilmagani bilan bog‘liq. Nashr ma’lumoticha, Nigeriya terma jamoasi hujumchisi aynan Italiyaning «Fiorentina» klubiga o‘tishni qat’iy talab qilgan. Biroq «Vulverxempton» rahbariyati boshqa yo‘lni tanlab, Turkiyaning «Trabzonspor» jamoasidan tushgan taklifni qabul qilgan. Shundan so‘ng Arokodare norozilik sifatida mashg‘ulot paytida maydon o‘rtasiga o‘tirib olgan va uni Italiya klubiga qo‘yib yuborishni talab qilgani aytilmoqda. Eslatib o‘tamiz, o‘tgan mavsumda Tolu Arokodare «Vulverxempton» safida barcha musobaqalar doirasida 38 ta o‘yin o‘tkazib, 6 ta gol urdi va 2 ta golli pas berdi.","«Vulverxempton» forvardi Tolu Arokodare mashg‘ulotni yarim yo‘lda tark etdi. BBC xabariga ko‘ra, sabab — uni «Fiorentina»ga sotishga ruxsat berilmagani. Klub esa Turkiyaning «Trabzonspor» taklifini qabul qilgan. Norozilik sifatida Arokodare mashg‘ulot paytida maydon o‘rtasida o‘tirib olgan."
"Ferran Torres Ispaniya milliy terma jamoasi safida jahon chempionatida juda yaxshi o‘ynadi va finalda yagona golni urib, jamoasiga bosh sovrinni olib berdi.","Ferran Torres jahon chempionatida juda yaxshi o‘ynadi. U finalda yagona golni urib, Ispaniyaga chempionlikni olib berdi."
"Shunga qaramay, Lamin butun o‘yin davomida Talyafikoni qattiq ishlatdi, besh marta muvaffaqiyatli dribling qildi. Ikkinchi bo‘lim oxirida Torres boshiga a’lo darajada uzatma berdi va Ispaniyani qo‘shimcha bo‘limlardan asrab qolishga juda yaqin keldi – jarima zarbasidan aniq yo‘llagan kuchi yetgan zarbasini Emiliano Martines qiyinlik bilan qaytardi va argentinaliklarni yana kamida 30 daqiqa azobga soldi. FERRAN TORRES – 8,0. Ispaniya muxlislari hozir unga bitta so‘z aytadi: «Rahmat, ki xato qilmading». Jahon chempionati finalida urilgan hal qiluvchi gol uchun Ferranga deyarli hamma narsani kechirish mumkin, hatto bahosini biroz oshirish ham mumkin. U Merinonning «qutqaruvchi joker» maqomini o‘ziga oldi – zahiradan tushib o‘yin taqdirini hal qildi.","Lamin o‘yin davomida Talyafikoni besh marta muvaffaqiyatli dribling bilan o‘tib ketdi. Torres boshi bilan urgan zarbasini Emiliano Martines qiyinlik bilan qaytardi. FERRAN TORRES — 8,0 ball. U jahon chempionati finalida hal qiluvchi golni urib, zahiradan tushib o‘yin taqdirini hal qilgani uchun yuqori baho oldi."
"Yulduzlar qutqara olishmadi: Angliya jahon chempionatidan Argentinadan kim sababli chiqib ketdi Ikki yil va bir necha kun ichida Angliya ikkinchi bor Ispaniyaga qarshi finalga chiqish ostonasida turgandi. Ammo «uch sher» Argentinga qarshi yarim finalda hatto qo‘shimcha daqiqalargacha yetib bora olmadi. 85-daqiqagacha hisobda oldinda bo‘lgan jamoa oxirgi daqiqalarda orqa chiziqqa juda qattiq chekinib ketdi va bu ikki halokatli goldan asrab qolmadi. «Futbol ixtirochilari» yana bir bor katta turnir sovrinidan mahrum qoldi. 60 yildan buyon (uyda o‘tgan Britaniya chempionati va Rouz kubogini hisobga olmaganda) yirik musobaqada g‘olib chiqa olmayotgan Angliyaga yana qancha kutishga to‘g‘ri kelishi hozircha noma’lum. Eng yuqori baholash mezoni – 10 ball (o‘yin boshidagi start bahosi – 6,0).","Angliya jahon chempionati yarim finalida Argentinaga qarshi o‘yinda 85-daqiqagacha hisobda oldinda edi, lekin oxirida ikki gol o‘tkazib, mag‘lub bo‘ldi. Angliya 60 yildan buyon yirik musobaqada g‘olib chiqolmayapti."
"To‘rt himoyachi ketadi, o‘rniga bitta zo‘rini olamiz! “Kristal Pэlas” himoyachisi Maksans Lakrua kelasi mavsum boshlangunga qadar Angliya Premier-ligasining boshqa vakili “Chelsi”ga o‘tishi mumkin. Sky Sports nashri ma’lumotiga koʻra, “aristokratlar” Frantsiya milliy terma jamoasi himoyachisi bilan shartnoma borasida muzokara olib bormoqda. Manbaning yozishicha, “Kristal Pэlas” Lakrua uchun “Tottenxem” bu yozda “Brayton”dan markaziy himoyachi Yan Paul van Xekkeni sotib olish uchun to‘lagan 65 million evrodan koʻproq mablag‘ talab qilmoqda. “Chelsi” esa jismonan baquvvat hamda Angliya Premier-ligasida oʻynash tajribasiga ega boʻlgan himoyachini izlamoqda. Jamoani tark etishi mumkin boʻlgan futbolchilar sifatida Trevo Chaloba, Benoa Bad’ashil, Malo Gusto va Aksel Disasi tilga olinmoqda.","«Kristal Pэlas» himoyachisi Maksans Lakrua «Chelsi»ga o‘tishi mumkin. Sky Sports xabariga ko‘ra, «Kristal Pэlas» uning uchun 65 million evrodan ko‘proq talab qilmoqda. «Chelsi» esa tajribali va baquvvat himoyachi izlamoqda. Jamoani tark etishi mumkin bo‘lganlar: Chaloba, Badiashil, Gusto va Disasi."
"Eldor o‘tgan mavsum istanbulliklar safida Turkiya chempionatida 34 ta uchrashuvda ishtirok etib, 22 ta to‘p kiritdi va Superliga to‘purari bo‘ldi. Abbosbek Fayzullaev esa, Turkiya Superligasida 20 ta uchrashuvda raqiblar darvozasini uch marotaba ishg‘ol qilib, debut mavsumini ancha muvaffaqiyatli o‘tkazdi.","Eldor o‘tgan mavsum Istanbulda Turkiya chempionatida 34 o‘yinda 22 gol urib, eng ko‘p gol urganlardan biri bo‘ldi. Abbosbek Fayzullaev esa 20 o‘yinda uch marta gol urib, debyut mavsumini yaxshi o‘tkazdi."
"Himoyaviy oʻyin boʻyicha reytingda Ispaniya terma jamoasi yarim himoyachisi Rodri birinchi oʻrinni egalladi – uning koʻrsatkichi 8,23 ballni tashkil etdi. Kuchli uchlikka yana ikki ispaniyalik himoyachi – Pau Kubarsi (7,6) va Pedro Porro (7,59) ham kirdi. Darvozabonlar orasida himoyaviy harakatlar boʻyicha eng yaxshi natijani Portugaliya terma jamoasi posboni Diogu Koshta qayd etdi: u 5 oʻyinda 19 marta darvozani qutqarib qoldi va 8,44 ball toʻpladi. Toʻpni nazorat qilish boʻyicha esa Angliya terma jamoasi darvozaboni Jordn Pikford eng yaxshi koʻrsatkichga ega boʻldi.","Himoya bo‘yicha reytingda Rodri birinchi o‘rinni oldi — 8,23 ball. Keyingi o‘rinlarda Pau Kubarsi (7,6) va Pedro Porro (7,59) turadi. Darvozabonlar orasida Diogu Koshta eng yaxshi ko‘rsatkichga ega bo‘ldi: 5 o‘yinda 19 marta darvozani qutqardi. To‘p nazorati bo‘yicha esa Jordan Pikford yetakchi bo‘ldi."
"Angliyaning asosiy futbolchilari Tuxeldan norozi Angliya terma jamoasining ayrim futbolchilari jahon chempionati yarim finalida Argentinga qarshi o‘yinning so‘nggi qismida bosh murabbiy Tomas Tuxel tanlagan taktikadan norozi bo‘lib qolishgan. Bir kun avval Angliya Argentinga 1:2 hisobida mag‘lub bo‘ldi. Angliyaliklar ikkinchi bo‘lim boshida hisobni ochishgan bo‘lsa-da, uchrashuv so‘nggi daqiqalarida ikki marta gol o‘tkazib yuborishdi. Bu ikki gol Tuxel maydonga Ezri Konsa, keyin esa Den Børn va Niko O'Raylini tushirganidan keyin urildi. Besh nafar himoyachi bilan o‘ynash va minimal ustunlikni saqlab qolishga qaratilgan taktika o‘zini oqlamadi. BBC manbalariga ko‘ra, “bir nechta asosiy futbolchilar” Angliyaning uchrashuvning hal qiluvchi qismida qanday harakat qilganidan norozi bo‘lib qolishgan.","Angliya terma jamoasining ayrim futbolchilari jahon chempionati yarim finalida Argentinaga 1:2 mag‘lub bo‘lgandan keyin Tomas Tuxelning taktikasidan norozi bo‘lishdi. Besh himoyachi bilan o‘ynash taktikasi o‘zini oqlamadi va oxirgi daqiqalarda ikki gol o‘tkazib yuborishdi. BBC ma’lumotiga ko‘ra, bir nechta asosiy futbolchilar buni qanday qilib sodir bo‘lganidan norozi."
"UEFA rahbari Cheferin nega JCH-2026 finaliga bormagani ma'lum bo‘ldi UEFA prezidenti Aleksander Cheferin ""Jahon chempionati — 2026"" final bahsini tomosha qilish uchun kelmadi. The Times nashri yozishicha, bunga AQSh terma jamoasi hujumchisi Falorin Balogunga berilgan qizil kartochkaning bekor qilinishi sabab bo‘lgan. U Belgiyaга qarshi 1/8 final uchrashuvi (1:4) oldidan maydondan chetlatilgan edi. OAV ma’lumotlariga ko‘ra, AQSh prezidenti Donald Tramp shaxsan FIFA rahbari Janni Infantino bilan bog‘lanib, Balogun bo‘yicha qarorni qayta ko‘rib chiqishni so‘ragan. Shundan so‘ng futbolchiga berilgan qizil kartochka bekor qilingan. Manbalar ta’kidlashicha, Cheferin va Infantino o‘rtasidagi munosabatlar so‘nggi paytlarda juda taranglashgan, Balogun atrofidagi vaziyat esa “oxirgi tomchi” bo‘lgan. Bundan tashqari, Cheferinni AQSh hokimiyatining Somalidan kelgan hakam Omar Artanga mamlakatga kirishga ruxsat bermaslik qarori ham jiddiy ranjitgani aytilmoqda.","UEFA prezidenti Aleksander Cheferin jahon chempionati finaliga kelmadi. Sababi — AQSh terma jamoasi hujumchisi Falorin Balogunga berilgan qizil kartochkaning bekor qilinishi. AQSh prezidenti Tramp shaxsan FIFA rahbari Infantinoga murojaat qilib, qarorni qayta ko‘rib chiqishni so‘ragan, shundan keyin kartochka bekor qilingan. Cheferin va Infantino munosabatlari keskinlashgan, bundan tashqari Cheferinni Somalidan kelgan hakamga AQShga kirishga ruxsat berilmagani ham ranjitgan."
"Argentina terma jamoasi darvozaboni Martines singan barmoq bilan ""JCh-2026""da o‘ynayotganini aytdi Argentina terma jamoasi va «Aston Villa» darvozaboni Emiliano Martines jahon chempionati — 2026 musobaqasida maydonga og‘riqqa qaramay tushayotganini ma’lum qildi. Uning aytishicha, musobaqa boshlanishidan oldinoq barmoği sinib, shunga qaramasdan o‘ynashga qaror qilgan. 33 yoshli posbon 20 may kuni «Aston Villa» va «Frayburg» o‘rtasidagi Yevropa ligasi finali oldidan qizish mashqlari paytida jarohat olgan. O‘sha uchrashuvda angliyalik klub g‘alaba qo‘zongan edi. «Hali ham og‘riq to‘xtagani yo‘q. Qo‘lim og‘rishini bilardim, lekin jarrohlik amaliyotidan qochishga harakat qildim. Angliyada, AQShda va boshqa bir qator davlatlarda qo‘l bo‘yicha mutaxassislar bilan maslahatlashdim. Albatta, finalda singan barmoq bilan g‘alaba qo‘zonganingdan keyin senga operatsiya qilish kerak, jahon chempionatidagi butun guruh bosqichini o‘tkazib yuborishing mumkin, deyishsa… Buni eshitganimda, avvaliga hatto Argentina terma jamoasi bilan to‘liq mashg‘ulot o‘ta olmadim.","Argentina va «Aston Villa» darvozaboni Emiliano Martines jahon chempionatida sinib qolgan barmog‘i bilan o‘ynaganini aytdi. Barmog‘i 20 may kuni Yevropa ligasi finali oldidan qizish paytida sinib qolgan edi. Og‘riqqa qaramay, u operatsiyadan bosh tortib, turli mamlakatlarda mutaxassislar bilan maslahatlashib o‘ynashni davom ettirgan."
"""Real"" Ispaniya terma jamoasi himoyachisini nishonga oldi Европа матбуоти хабарига кўра, ""Реал Мадрид"" ҳимоя чизиғини кучайтириш учун янги номзодни аниқлаган. Мадрид клуби ҳозирда ""Атлетик"" жамоаси марказий ҳимоячиси Эмерик Ляпортни кузатмоқда. ""Қироллик клуби"" раҳбарияти футболчининг ""Жаҳон чемпионати–2026""даги ўйинларидан жиддий таассурот олгани айтилмоқда. Transfermarkt портали Ляпортнинг бозор қийматини 8 миллион евро атрофида баҳоламоқда. Эслатиб ўтамиз, Эмерик Ляпорт 2025 йили ""Ан-Наср"" клубидан ""Атлетик""ка қайтган эди. У тўп сурган Испания терма жамоаси ЖЧ–2026 мусобақасида ярим финалгача етиб келди. Испаниянинг навбатдаги рақиби – Франция терма жамоаси.",«Реал Мадрид» ҳимояни кучайтириш учун «Атлетик» ҳимоячиси Эмерик Ляпортни кузатмоқда. Клуб унинг жаҳон чемпионатидаги ўйинидан таъсирланган. Унинг бозор қиймати тахминан 8 миллион евро. Ляпорт 2025 йилда «Ан-Наср»дан «Атлетик»ка қайтган эди.
"Natijada deyarli to‘rt yil davomida Rossiya Premier-ligasi va birinchi ligasi klublari ushbu tuzilma orqali solidar to‘lovlarni amalga oshirmagan, shuning oqibatida katta miqdorda penya to‘planib qolgan. 2022 yilgacha bunday masalalarni klublar o‘zaro to‘g‘ridan-to‘g‘ri kelishuvlar orqali hal qilishi mumkin edi. Keyingi yillarda esa FIFA Rossiya yuridik shaxslari uchun hisob ochishdagi obektiv qiyinchiliklarni inobatga olgan holda qattiq choralar ko‘rishdan tiyilib keldi. Biroq vaziyat 2026 yil iyulida «Axmat»ga nisbatan sanktsiyalar qo‘llanilganidan so‘ng keskin o‘zgardi. O‘tgan hafta klublar vakillarining umumiy yig‘ilishi bo‘lib o‘tdi. Unda ehtimoliy xavflar va muammoni hal etish yo‘llari muhokama qilindi. Rossiya futbol ittifoqi (RFI) jahon chempionati yakunlangandan so‘ng FIFA bilan maslahatlashuvlar o‘tkazishga tayyorligini bildirdi.","Тахминан тўрт йил давомида Россия клублари FIFA'га солидар тўловларни тўламаган, натижада катта миқдорда пеня йиғилиб қолган. 2026 йил июлида «Ахмад»га нисбатан санкциялар қўлланилгандан сўнг вазият ўзгарди. Клублар вакиллари йиғилиб, муаммони ҳал қилиш йўлларини муҳокама қилди. Россия футбол иттифоқи жаҳон чемпионати тугагач FIFA билан музокара олиб боришга тайёр."
"Messi bilan birga o‘n nafar futbolchi JCh finalidan so‘ng Argentinaga uchib ketmadi Lionel Messi va yana to‘qqiz nafar Argentina terma jamoasi futbolchisi ""Jahon chempionati – 2026"" finalida Ispaniyaga mag‘lubiyatdan so‘ng vatanga qaytmaslikka qaror qildi. Natijada Argentinga jami 16 nafar futbolchi qaytdi, qolganlari esa AQShda qoldi, klublariga jo‘nab ketdi yoki ta’tilga chiqdi. TyC Sports xabariga ko‘ra, Messi va uning ""Inter Mayami""dagi jamoadoshi Rodrigo de Paul AQShda qolgan futbolchilar qatorida. Jahon chempionati finali Messi uchun statistika jihatdan omadсиз o‘yin bo‘ldi – u ilk bor mundial hal qiluvchi bahsida gol ham, golli uzatma ham qayd etolmadi. Argentina qo‘shimcha daqiqalarda 0:1 hisobida mag‘lub bo‘ldi.","Lionel Messi va yana to‘qqiz nafar Argentina futbolchisi jahon chempionati finalida Ispaniyaga mag‘lub bo‘lgandan keyin vatanga qaytmadi. Jami 16 futbolchi Argentinaga qaytdi, qolganlari AQShda qoldi yoki boshqa joyga ketdi. Bu final Messi uchun birinchi marta gol yoki golli uzatmasiz o‘tgan mundial finali bo‘ldi. Argentina qo‘shimcha vaqtda 0:1 hisobida mag‘lub bo‘ldi."
"Mbappe – FIFA reytingiga ko‘ra JCh-2026da eng yaxshi hujumchi, Olise – eng yaxshi pleymaker, Messi – har ikki toifada ham uchlikda. Rodri – eng yaxshi himoyachi, Koshta – eng yaxshi darvozabon FIFA 2026 yildgi jahon chempionatida maydonga tushgan futbolchilarning oʻyinini statistik koʻrsatkichlar asosida baholab, eng yaxshi oʻyinchilar reytingini eʼlon qildi. Turnirda ishtirok etgan barcha maydon oʻyinchilari uchta yoʻnalish boʻyicha 0 dan 10 gacha baholandi: hujumdagi harakatlar, yaratuvchanlik (hujumni tashkil etish) va himoyadagi oʻyin. Darvozabonlar esa toʻpni nazorat qilish va darvozaga himoya koʻrsatkichlari boʻyicha alohida baholandi. Fransiya terma jamoasi hujumchisi Kilian Mbappe hujumkor oʻyinchilar orasida yetakchi boʻldi. U jahon chempionati davomida hujumdagi harakatlari uchun 9,12 ball toʻpladi.","FIFA jahon chempionati–2026 futbolchilarini statistika asosida baholadi. Kilian Mbappe hujum bo‘yicha yetakchi bo‘lib, 9,12 ball to‘pladi. Maykl Olise eng yaxshi pleymaker, Messi ikkala toifada ham uchlikka kirdi. Rodri eng yaxshi himoyachi, Diogu Koshta esa eng yaxshi darvozabon deb topildi."
"JCh-2026 finali Ispaniya — Argentina ko‘chirilishi mumkin 2026 yildgi jahon chempionati final bahsi o‘tkazilishi rejalashtirilgan joy o‘zgarishi mumkin. Ispaniya va Argentina terma jamoalari o‘rtasidagi hal qiluvchi o‘yin Kanadadagi o‘rmon yong‘inlari sababli ko‘chirilishi ehtimoli bor. Ma’lumotlarga ko‘ra, yong‘inlardan ko‘tarilayotgan qalin tutun allaqachon AQShning shimoliy shtatlariga, jumladan Nyu-Djersigacha yetib kelgan. Shuning oqibatida MLS ligasidagi «Chikago Fayr» – «Vankuver Uaytkeps» uchrashuvi bekor qilindi. JCh–2026 finali Ispaniya – Argentina o‘yini 19 iyuldan 20 iyulga o‘tar kechasi Nyu-Djersi shtatidagi Ist-Raterford shahrida joylashgan MetLife Stadium arenasida bo‘lib o‘tishi rejalashtirilgan. Musobaqa taqvimi o‘zgarishi ehtimoli past deb baholanyotganiga qaramay, bunday stsenariy butunlay inkor etilmayapti. FIFA vakillari ta’kidlashicha, agar havodagi ifloslanish darajasi futbolchilar va tomoshabinlar sog‘ligi uchun xavf tug‘dirsa, o‘yin o‘tkazish rejasiga tegishli o‘zgarishlar kiritilishi mumkin. Eslatib o‘tamiz, Argentina terma jamoasi amaldagi jahon chempioni hisoblanadi.","Ispaniya — Argentina jahon chempionati finali Kanadadagi o‘rmon yong‘inlari sababli ko‘chirilishi mumkin. Tutun AQShning shimoliy shtatlariga yetib kelgan, shu sabab bir MLS o‘yini bekor qilingan. Final 19–20 iyul kechasi MetLife Stadiumda (Nyu-Djersi) bo‘lib o‘tishi rejalashtirilgan. FIFA havo ifloslanishi xavfli bo‘lsa, o‘yin rejasini o‘zgartirishi mumkinligini aytdi."
"Ispaniya g‘alabasini nishonlash paytida odamlar halok bo‘ldi Ispaniya terma jamoasining 2026 yildgi jahon chempionatidagi g‘alabasini nishonlash paytida ikki kishi halok bo‘ldi, 80 dan ortiq odam turli darajada tan jarohati oldi. Bu haqida EFE agentligi xabar berdi. Faqatgina Madriddning o‘zida 36 kishi shifoxonaga yetkazilgan. Barselona klinikalariga esa yana 29 nafar jabrlanuvchi olib borilgan. Madrid politsiyasi kamida 12 kishini qo‘lga olgan: shulardan besh nafari barda sodir bo‘lgan janjal ortidan nafrat asosida sodir etilgan jinoyatlarda ayblanmoqda, yana bir nechta fuqaro esa ommaviy tartibbuzarliklar uchun ushlangan. Fojeali holatlar Ispaniyaning turli hududlarida qayd etilgan. Syudad-Rodrigo (Salamanka provintsiyasi) shahrida bayram paytida shahar favvorasi konstruksiyasi qulab tushgan.","Ispaniya g‘alabasini nishonlash paytida 2 kishi halok bo‘ldi, 80 dan ortiq odam jarohat oldi. Madridda 36, Barselonada 29 kishi shifoxonaga yotqizildi. Politsiya kamida 12 kishini qo‘lga oldi. Syudad-Rodrigoda bayram paytida favvora konstruksiyasi qulab tushdi."
"Ruis Garrinchaning 60 yillik noyob rekordini yangiladi Ispaniya terma jamoasi yarim himoyachisi Fabian Ruiz milliy jamoa safida faoliyati boshidan beri ketma-ket 50 o‘yinda mag‘lubiyatsiz seriyani qayd etdi. Bu ko‘rsatkich Ispaniyaning 2026 yildgi jahon chempionati finalida Argentinga qarshi o‘yinda (1:0, qo‘shimcha daqiqalarda) qozongan g‘alabasidan so‘ng rasmiy qayd etildi. Mazkur finalda Ruiz maydonga tushgan edi. Statistik ma’lumotlar bilan shug‘ullanuvchi Opta portali xabariga ko‘ra, Fabian Ruiz shu tariqa afsonaviy braziliyalik hujumchi Garrincha rekordini yangiladi. Garrincha 1955–1966 yillar orasida milliy jamoa safida o‘tkazgan 50 o‘yindan 49 tasini mag‘lubiyatsiz yakunlagan edi. Eng uzoq mag‘lubiyatsiz seriya bo‘yicha mutlaq rekord esa hanuzgacha Ruizning hamyurti Karlos Marchenaga tegishli — u 2003–2010 yillar davomida Ispaniya terma jamoasi tarkibida 57 o‘yinni mag‘lubiyatsiz o‘tkazgan.",Ispaniya yarim himoyachisi Fabian Ruiz milliy jamoa safida ketma-ket 50 o‘yinda mag‘lubiyatsiz seriyani qayd etdi. Bu rekord Ispaniyaning jahon chempionati finalida Argentinga qarshi g‘alabasidan (1:0) so‘ng o‘rnatildi. Ruiz shu tariqa braziliyalik Garrinchaning 1955–1966 yillardagi 49 o‘yinlik rekordini yangiladi. Eng uzoq mag‘lubiyatsiz seriya rekordi esa hamon ispaniyalik Karlos Marchenaga tegishli — 57 o‘yin (2003–2010).
"“Manchester Siti” mundial kashfiyoti transferi ustida ishlayapti “Manchester Siti” mutasaddilari tarkibni kuchaytirish maqsadida Fransiyaning “Lill” klubi yarim himoyachisi Ayub Buaddini oʻz safiga qoʻshib olish uchun jiddiy harakat qilmoqda. Bu yozda “shaharliklar” Elliot Andersonni “Nottingem Forest”dan 116 million funt sterling evaziga xarid qilish boʻyicha kelishuvga erishgan edi. Biroq bosh murabbiy Enco Mareskaga yana kamida bitta markaziy yarim himoyachi kerak boʻlmoqda. Buning asosiy sabablari Bernardu Silvaning ketishi va Rodri, Tijani Reynders hamda Niko Gonsalesning kelajagi borasidagi noaniqlikdir. The Athletic nashri maʼlumotiga koʻra, “Manchester Siti” Buaddini kuzatayotgan klublardan biri emas, balki transferni amalga oshirish uchun faol muzokaralar olib borayotgan asosiy daʼvogarlardan hisoblanadi. Marokash terma jamoasining 18 yoshli futbolchisi jahon chempionatida oʻzini juda yaxshi tomondan koʻrsatgan. “Lill” oʻzining yosh yulduzi uchun 100 million yevrogacha talab qilishi mumkinligi aytilmoqda.","«Manchester Siti» Fransiyaning «Lill» klubi yarim himoyachisi Ayub Buaddini sotib olishga harakat qilmoqda. Klub allaqachon Elliot Andersonni 116 million funtga xarid qilgan, lekin yana bitta markaziy yarim himoyachi kerak, chunki Bernardu Silva ketmoqda, Rodri va boshqalarning kelajagi noaniq. 18 yoshli Buaddi jahon chempionatida yaxshi o‘ynagan. «Lill» uning uchun 100 million yevrogacha talab qilishi mumkin."
"Messi va Ronaldу, ana endi ikkаlаng hаm Husаnovgа tаn bеringlаr! O‘zbekiston milliy terma jamoasi himoyachisi Abduqodir Husanov 2026 yildgi jahon chempionatining eng tezkor futbolchilari orasiga kirdi. Futbol olamining eng nufuzli musobaqasi hisoblangan mundial bosh tashkilotchisi FIFA o‘z rasmiy sayti orqali Shimoliy Amerikaning uch mamlakati - AQSh, Kanada va Meksika mezbonlik qilgan bu galgi turnirning statistik tahlillari natijalarini e’lon qildi. Unga ko‘ra, 22 yoshli Abduqodir Husanov jahon chempionati doirasidagi uchrashuvlardan birida soatiga 36,46 kilometr tezlikda yugurgani qayd etilgan. Aynan shu ko‘rsatkich natijasida Husanov musobaqaning eng tez futbolchilari umumiy reytingida oltinchi o‘rinni egalladi. Shuningdek, Abduqodir markaziy himoyachilar orasida eng tez yugurgan uch futbolchidan biri sifatida ham e’tirof etildi.","Ўзбекистон ҳимоячиси Абдуқодир Ҳусанов жаҳон чемпионати–2026нинг энг тезкор футболчилари қаторига кирди. FIFA маълумотига кўра, у бир ўйинда соатига 36,46 километр тезликда югурган ва умумий рейтингда олтинчи ўринни эгаллаган. Шунингдек, у марказий ҳимоячилар орасида энг тез уч футболчидан бири бўлди."
"Xusanov Messi va Ronalduni bilan birga JCh-2026 ramziy terma jamoasiga kirdi Nufuzli statistik platforma Transfermarkt 2026 yildgi jahon chempionati davomida muxlislar qiziqishi bo‘yicha yakuniy xulosalarni e’lon qildi. Portal dunyo bo‘ylab foydalanuvchilar tomonidan eng ko‘p ko‘rilgan futbolchi profillari asosida ramziy jamoa tuzdi. Planetaning eng nufuzli musobaqasi doirasida eng ko‘p kuzatilgan o‘n bir futbolchi orasiga O‘zbekiston terma jamoasi va Angliyaning «Manchester Siti» klubi markaziy himoyachisi, 22 yoshli Abdukodir Xusanov ham kirdi. U ramziy jamoada himoya markazidan o‘rin olgan. Transfermarkt ma’lumotlariga ko‘ra, Xusanovning bozor qiymati hozirda 50 million yevroga baholangan. Ramziy jamoaning umumiy transfer qiymati 281 million yevroni tashkil etdi. Himoya chizig‘ida Xusanov bilan bir qatorda ispaniyalik Mark Kukurelya («Real», 50 mln yevro), niderlandiyalik Natan Ake («Fenerbaxche», 12 mln yevro) va Kabo-Verde terma jamoasi a’zosi Lopes Kabral («Trabzonspor», 4 mln yevro) joy oldi.","Transfermarkt jahon chempionati–2026 davomida eng ko‘p kuzatilgan futbolchilardan ramziy terma jamoa tuzdi. Unga O‘zbekiston va «Manchester Siti» himoyachisi Abduqodir Husanov ham kirdi, uning bozor qiymati 50 million yevro deb baholangan. Jamoaning umumiy qiymati 281 million yevroni tashkil etdi."
"Eslatib o‘tamiz, yaqinda bo‘lib o‘tgan Ispaniya va Argentina o‘rtasidagi jahon chempionati finalida yagona gol muallifi aynan Ferran Torres bo‘lgan edi.",Ispaniya — Argentina finalida yagona golni Ferran Torres urgan edi.
"Hozircha Gvardiola bilan rasmiy kelishuvga erishilmagan, biroq uning nomzodi endi faqat g‘oya darajasida emas, amaliy ravishda ham ko‘rib chiqilmoqda. Ispaniyalik mutaxassisdan tashqari, Italiya terma jamoasi bosh murabbiyligiga da’vog‘arlar ro‘yxatida Roberto Manchini va Andrea Pirlo ham bor. Gvardiola o‘tgan mavsum yakunlaridan so‘ng «Manchester Siti» bilan xayrlashdi. U 2016 yildan buyon klubni boshqarib kelardi va shu vaqt mobaynida olti marta Angliya chempionligi, shuningdek, Chempionlar Ligasi, UEFA Superkubogi va klublar o‘rtasidagi jahon chempionatida g‘alaba qozondi.","Гвардиола билан ҳали расмий келишув йўқ, лекин унинг номзоди жиддий кўриб чиқилмоқда. Бошқа номзодлар — Роберто Манчини ва Андреа Пирло. Гвардиола 2016 йилдан «Манчестер Сити»ни бошқариб, олти марта Англия чемпионлигини ва Чемпионлар лигасини қўлга киритган."
"Frantsiya yulduzi mundialda siniq umrtqa bilan o‘ynagani oshkor bo‘ldi Frantsiya milliy terma jamoasi va Londonning “Arsenal” klubi himoyachisi Vilyam Saliba 2026 yildgi jahon chempionati yarim finalida Ispaniyaga qarshi uchrashuvda maydonni tark etishiga ikki oy avval olgan umurtqa suyagi sinishi sabab bo‘lgan. Bu haqida RMC Sport xabar berdi. Saliba Ispaniyaga qarshi yarim final bahsining birinchi bo‘limida bel qismidagi og‘riqlar tufayli almashtirildi. Manba ma’lumotiga ko‘ra, futbolchi ushbu jarohatdan ikki oy davomida azob chekkan. U umurtqa suyagi sinishini Angliya Premier-ligasi o‘yinlaridan birida olgan. Mundial davomida 25 yoshli himoyachi og‘riq qoldiruvchi dorilar ta’siri ostida maydonga tushgan va Frantsiya terma jamoasi tibbiy shtabi tomonidan har kuni nazorat qilib borilgan.",Frantsiya himoyachisi Vilyam Saliba jahon chempionati yarim finalida Ispaniyaga qarshi o‘yinda ikki oy avval olgan umurtqa suyagi sinishi sabab almashtirilgan. U og‘riq qoldiruvchi dorilar bilan o‘ynagan va tibbiy shtab tomonidan har kuni nazorat qilingan.
"Emiliano Martines Argentina terma jamoasidagi faoliyatini yakunlashi mumkinligini aytdi «Aston Villa» darvozaboni Emiliano Martines ijtimoiy tarmoqlarda Argentina terma jamoasidagi faoliyatini yakunlashi mumkinligini ma’lum qildi. «Men juda ko‘p narsalarni o‘ylab ko‘rishim, keyin qaerga yo‘nalishimni, vaqt kelib, chetga chiqish payti yetib-etmaganini hal qilishim kerak. Juda afsusdaman, chunki jahon chempionatida yurtim va jamoadoshlarimga yordam berish uchun bor kuchimni ishga soldim», – deb yozdi Martines. Emiliano 2026 yildgi jahon chempionatida qo‘lidagi singan barmoq bilan maydonga tushdi. Finalda 33 yoshli darvozabon 11 marta darvozani qutqarishga muvaffaq bo‘ldi, ammo shunga qaramay, Argentina qo‘shimcha daqiqalarda Ispaniyaga 0:1 hisobida mag‘lub bo‘ldi. Martines 2021 yildan buyon milliy jamoa sharafini himoya qilib kelmoqda va shu vaqt ichida 67 ta o‘yin o‘tkazdi.","«Aston Villa» darvozaboni Emiliano Martines Argentina terma jamoasidagi faoliyatini yakunlashi mumkinligini aytdi. U jahon chempionatida sinib qolgan barmog‘i bilan o‘ynagan, finalda 11 marta darvozani qutqargan, ammo Argentina Ispaniyaga 0:1 hisobida mag‘lub bo‘lgan. Martines 2021 yildan buyon milliy jamoa safida 67 o‘yin o‘tkazgan."
"Шомуродов FIFAdan xushxabar kutyapti O‘zbekiston milliy terma jamoasi hujumchisi Eldor Shomurodovning Kongo demokratik Respublikasi darvozasiga kiritgan to‘pi 2026 yildagi jahon chempionatining eng chiroyli goli nomiga da’vogarlar qatoriga kiritildi. Bu haqida jahon chempionati tashkilotchisi FIFA matbuot xizmati ijtimoiy tarmoqlarda ma’lum qildi. Eldor Shomurodov Afrika vakili bilan guruh bosqichining uchinchi turida o‘tkazilgan uchrashuvning 10-daqiqasida gol urgan edi. Tajribali hujumchi hech kim kutmagan vaziyatda, ya’ni o‘tkir va qiyin burchak ostida zarba yo‘llab, to‘pni darvozabon ustidan oshirib, to‘pni darvozaga aniq joyladi. Bu gol guruh bosqichidagi eng chiroyli ijro sifatida e’tirof etilgan edi. Endi Shomurodovning bu samarali zarbasi jahon chempionatining eng chiroyli golini aniqlash maqsadida FIFA tomonidan tuzilgan yakuniy ro‘yxatga kiritildi.","Ўзбекистон ҳужумчиси Элдор Шомуродовнинг Конго ДР дарвозасига урган голи жаҳон чемпионати–2026нинг энг чиройли голи номинациясига киритилди. Бу ҳақда FIFA хабар берди. Шомуродов гуруҳ босқичининг учинчи турида 10-дақиқада қийин бурчакдан зарба бериб, тўпни дарвозабон устидан ошириб гол урган эди."
"Mundial finallarida nechta futbolchi haydalganini bilasizmi? Opta Analyst ma'lumotiga ko‘ra, ""Chelsi"" va Argentina terma jamoasi futbolchisi jahon chempionati finalida maydondan chetlatilgan tarixdagi atigi oltinchi o‘yinchiga aylandi. Bundan avval bunday holat jami besh marta kuzatilgan. Turli yillarda final uchrashuvlarida argentinalik Pedro Monson va Gustavo Desotti, fransuz futbolchilari Marsel Desayi hamda terma jamoa sardori Zinedin Zidan, shuningdek, Niderlandiya himoyachisi Jon Heytinga qizil kartochka olgan edi. Qiziq jihati shundaki, jahon chempionatlari tarixi davomida finalni o‘n kishi bo‘lib davom ettirgan holda g‘alaba qozona olgan jamoa faqat bir marta uchragan, xolos.","«Chelsi» va Argentina futbolchisi jahon chempionati finalida maydondan chetlatilgan tarixdagi oltinchi o‘yinchi bo‘ldi. Undan oldin bu besh marta sodir bo‘lgan: argentinaliklar Monson va Desotti, fransuzlar Desayi va Zidan, niderlandiyalik Heytinga. Finalni o‘n kishi bo‘lib g‘alaba bilan yakunlagan jamoa esa faqat bir marta bo‘lgan."
"Jasurbek Jaloliddinov faoliyatini Namanganda davom ettiradi Namanganning ""Navbahor"" klubi Jasur Jaloliddinov bilan shartnoma imzolaganini e’lon qildi. ""O‘zbekiston milliy terma jamoasi a’zosi hujumkor yarim himoyachi Jasurbek Jaloliddinov jamoamiz bilan shartnoma imzoladi. Jasurbek Jaloliddinov– 2002 yil, 15 may kuni Navoiyda tug‘ilgan. Faoliyati davomida ""Bunyodkor"" (Toshkent), ""Lokomotiv"" (Maskva), ""FC Tambov"", ""Andijon"", ""Lokomotiv"" (Toshkent), ""Qayrat FK"" (Qozog‘iston), ""Olimpik"" (Toshkent) ""Neftchi"" (Farg‘ona), ""Sumg‘ayit"" (Ozarbayjon), ""So‘g‘diyona"" (Jizzax) jamoalarida o‘ynagan. Bundan tashqari, Jasurbek Jaloliddinov O‘zbekiston U-17 (2016-2018), O‘zbekiston U-20 (2018-2021), O‘zbekiston – U-23 (2019), terma jamoalari tarkibida maydonga tushgan. Jasurbek Jaloliddinov hozirgi vaqtda O‘zbekiston milliy terma jamoamiz a’zosi. Jasurbek Jaloliddinovga ""Navbahor"" tarkibida yorqin o‘yinlar namoyish etib, ""lochinlar""ning zafarlariga o‘zining munosib hissasini qo‘shishiga tilakdoshmiz"", -deyiladi ""lochinlar"" bayonotida.",Namanganning «Navbahor» klubi milliy terma jamoa a’zosi Jasurbek Jaloliddinov bilan shartnoma imzoladi. U 2002 yilda Navoiyda tug‘ilgan va bir qancha klublarda o‘ynagan. «Navbahor» futbolchiga jamoa g‘alabalariga hissa qo‘shishini tilaydi.
"""Real"" va ""Bavariya"" oʻrtasidagi maxfiy kelishuv oshkor boʻldi Foot Mercato nashri manbalariga koʻra, «Real» va «Bavariya» prezidentlari Florentino Peres hamda Gerbert Xayner oʻrtasida ochiq eʼlon qilinmagan kelishuv mavjud. Unga binoan, har ikki klub rahbariyati raqib jamoa futbolchisi bilan muzokara boshlashdan oldin albatta oʻsha klubni rasmiy xabardor qilishi kerak. Nashr yozishicha, aynan shu norasmiy kelishuv sabab «Real» hozircha Maykl Olise va uning vakillari bilan transfer boʻyicha rasmiy muloqotga kirishmagan. Shu bilan birga, futbolchining oʻzi «Real»ga oʻtishni istashi taʼkidlanmoqda. Maʼlumotlarga koʻra, Olise bu xohishini Fransiya terma jamoasidagi jamoadoshi, hozir madridliklar safida toʻp surib kelayotgan Kilian Mbappega ham aytgan. Maykl Olise hozirda «Kristal Pэlas»dan oʻtganidan soʻng «Bavariya» sharafini himoya qilmoqda.","«Real» va «Bavariya» prezidentlari o‘rtasida norasmiy kelishuv bor: raqib klub futbolchisi bilan muzokara boshlashdan oldin o‘sha klubni xabardor qilish kerak. Shu sabab «Real» hozircha Maykl Olise bilan rasmiy muloqotga kirishmagan, garchi futbolchining o‘zi «Real»ga o‘tishni istasa ham."
"Aynan shu mundialda yangi yulduz tugʻildi 2018 yildagi Olimpiadada jamoaviy musobaqada kumush, 2019 yildagi jahon chempionatida juftliklarda bronza medalini qo‘lga kiritgan figuralı uchuvchi Aleksandr Enbert 2026 yildagi futbol bo‘yicha jahon chempionati haqidagi taassurotlari bilan o‘rtoqlashdi. - Terma jamoalar o‘ynaydigan futbolni juda yaxshi ko‘raman. Chempionat boshlanganda barcha o‘yinlarni ko‘ra olmadim, lekin borgan sari butunlay sho‘ng‘ib ketdim. Chorak final, yarim final va finalda eng kuchli jamoalar to‘plandi. Menga juda yoqqani — yarim finalga reyting bo‘yicha to‘rtta yetakchi jamoa chiqqani, xuddi kitobdagi ssenariydek hammasi joyiga tushdi. Messi va Argentina terma jamoasini ular yaratadigan dramatik vaziyatlar uchun juda yaxshi ko‘raman, ular uchun qayg‘urib tomosha qilish juda qiziq va zavqli.",Figurali uchuvchi Aleksandr Enbert 2026 yildagi futbol jahon chempionati haqidagi taassurotlari bilan o‘rtoqlashdi. U yarim finalga to‘rtta yetakchi jamoa chiqqanidan mamnun bo‘lganini va Messi hamda Argentina terma jamoasini yaratgan dramatik vaziyatlar uchun yoqtirishini aytdi.
"Vinisius mundialdan keyin yuzini plastik operatsiya orqali o'zgartirdi Braziliya milliy terma jamoasi va Madriddning “Real” klubi hujumchisi Vinisius Zhunior iyagini tuzatish bo‘yicha kosmetik muolajani o‘tkazdi. Bu haqida TMK xabar berdi. Manba ma’lumotiga ko‘ra, futbolchi Goyaniya shahridagi klinikalardan birida iyak garmonizatsiyasi, deb ataluvchi muolajani qildirgani. Muolaja Vinisius 2026 yildagi jahon chempionatidagi ishtirokini yakunlab, Virjiniya bilan birgalikda Evropaga ta’tilga jo‘nab ketganidan keyin amalga oshirilgan. Jahon chempionatida Braziliya terma jamoasi 1/8 finalda Norvegiyaga 1:2 hisobida mag‘lub bo‘lib, musobaqani tark etgan edi. Shundan keyin Vinisius dam olishga chiqdi va keyinchalik tashqi ko‘rinishiga o‘zgartirish kiritishga qaror qildi. “Real” yangi mavsumdagi birinchi rasmiy uchrashuvini 22 avgust kuni mehmonda “Espan’ol”ga qarshi Ispaniya chempionati doirasida o‘tkazadi.","Braziliya va «Real» hujumchisi Vinisius Zhunior jahon chempionatidan keyin ta’tilda bo‘lib, iyagini tuzatish bo‘yicha kosmetik muolaja o‘tkazdi. Braziliya jahon chempionatida 1/8 finalda Norvegiyaga 1:2 mag‘lub bo‘lib chiqib ketgan edi. «Real» yangi mavsumni 22 avgustda «Espan’ol»ga qarshi boshlaydi."
"""Oltin to‘p"" sohibi vafot etdi Angliya terma jamoasining sobiq yulduzi, ikki karra ""Oltin toʻp"" sohibi Kevin Kigan 75 yoshida vafot etdi. Bu haqida sportchi oilasining bayonotiga tayanib, Sky telekanali xabar berdi. Kevin Kigan joriy yil 1 iyunida BBC Sport orqali unga saraton kasalligining toʻrtinchi bosqichi qoʻyilganini maʼlum qilgan edi. - Juda katta alam ila maʼlum qilamizki, Kevin Kigan 75 yoshida olamdan oʻtdi. Angliya terma jamoasining sobiq futbolchisi va murabbiyi saratonga qarshi kurashdi va umrining oxirgi daqiqalarini rafiqasi va qizlari bagʻrida oʻtkazdi. Oila Kevinning butun davolanish jarayonida yordam koʻrsatgan ajoyib shifokorlar jamoasiga minnatdorchilik bildiradi, — deyiladi marhum oilasi bayonotida. Futbolchi sifatida Kigan Angliyaning ""Liverpul"", ""Nyukasl"" va ""Sautgempton"" klublarida, shuningdek, Germaniyaning ""Gamburg"" va Avstraliyaning ""Blekttaun Siti"" jamoalarida toʻp surgan. ""Liverpul"" tarkibida u uch karra Angliya chempioni, ikki karra Angliya Superkubogi va UEFA Kubogi sovrindoriga aylandi, shuningdek, bir marta Angliya Kubogi va Yevropa chempionlar kubogini qoʻlga kiritgan. ""Gamburg"" bilan birgalikda esa Germaniya chempionati va Germaniya Kubogida gʻolib chiqqan.","Angliya terma jamoasining sobiq yulduzi, ikki karra «Oltin to‘p» sohibi Kevin Kigan 75 yoshida vafot etdi. U saraton kasalligining to‘rtinchi bosqichi bilan kasallangan edi va oilasi yonida vafot etdi. Kigan «Liverpul», «Nyukasl», «Sautgempton» va Germaniyaning «Gamburg» klublarida o‘ynagan, «Liverpul» bilan uch marta Angliya chempioni bo‘lgan va Yevropa chempionlar kubogini qo‘lga kiritgan."
“Real”chilar mundialda gol urish bo‘yicha rekord o‘rnatdi Madridning “Real” klubidan oʻz mamlakatlari terma jamoalariga chaqirtirilgan futbolchilar 2026 yildgi jahon chempionatida gol urish boʻyicha rekord oʻrnatdi. “Qirollik klubi” vakillari bu yildgi mundialda jami 22 marotaba oʻz hisobiga gol yozdirib qoʻydi va jahon chempionatlari tarixida qayd etilgan eng yaxshi natijani oʻrnatishdi. Bu rekordning asosiy hissasi Frantsiya milliy terma jamoasi sharafini himoya qilgan Kilian Mbappega toʻgʻri keldi. Moʻhir hujumchi turnir davomida raqiblar darvozasini 10 marotaba ishgʻol qildi. Shuningdek: - Angliyalik Jud Bellingem — 7 ta gol; - Braziliyalik Vinisius Zhunior — 4 ta gol; - Turkiyalik Arda Gyuler — 1 ta gol urdi.,"«Real Madrid» futbolchilari 2026 yildagi jahon chempionatida jami 22 marta gol urib, rekord o‘rnatdi. Eng ko‘p golni Kilian Mbappe urdi — 10 ta. Jud Bellingem 7 ta, Vinisius Zhunior 4 ta, Arda Gyuler esa 1 ta gol urdi."
"Gvardiola Barselonada yangi jamoa bilan muzokara boshladi Ispaniyalik mutaxassis Pep Gvardiola Italiya terma jamoasi bosh murabbiyligiga asosiy nomzodlardan biri sifatida ko‘rilmoqda, deb xabar bermoqda TUTTOmercatoWEB manbasi. Sky Sport ma’lumotlariga ko‘ra, o‘tgan dam olish kunlarida Paolo Maldini va Leonardo Barselonaga tashrif buyurib, Gvardiola bilan uchrashuv o‘tkazgan. Tomonlar bir necha kun davomida ispaniyalik mutaxassisning terma jamoaga bosh murabbiy sifatida tayinlanish ehtimolini muhokama qilgani aytilmoqda. Manbalarga ko‘ra, Maldini va Leonardo murabbiyga milliy jamoani rivojlantirish bo‘yicha uzoq muddatli loyiha taqdim etgan. Reja ikki yilga emas, to‘rt yilga — 2030 yildagi jahon chempionatigacha mo‘ljallangan. Terma jamoani yangilash jarayoni UEFA Millatlar Ligasidan boshlanishi kutilmoqda. Rahbariyatning maqsadi — yangilangan tarkib shakllantirish, uni 2028 yildagi Yevropa chempionatiga tayyorlash va Italiyani yana jahon chempionatiga olib chiqish.","Pep Gvardiola Italiya terma jamoasi bosh murabbiyligiga asosiy nomzod hisoblanadi. Paolo Maldini va Leonardo Barselonaga borib, u bilan uchrashgan va milliy jamoani rivojlantirish loyihasini taqdim etgan. Reja to‘rt yilga — 2030 yildagi jahon chempionatigacha mo‘ljallangan, maqsad Italiyani yana mundialga olib chiqish."
"“Arsenal” ketgan hujumchi o‘rniga zo‘rini topdi Belgiyalik hujumkor futbolchi Leandro Trossarni Turkiyaning “Beshiktosh” klubiga qo‘yib yuborgan “Arsenal” bu pozitsiyaga yangi o‘yinchi topdi. “Kanonirlar” endi Belgiya ning “Bryugge” klubi vingeri Xristos Tsolisni sotib olish bo‘yicha kelishuvni rasmiylashtirishga tayyorlanmoqda. Kuni kecha “Arsenal” Trossarning 17 million funt evaziga “Beshiktosh”ga o‘tishi bo‘yicha kelishuvga erishilganini e’lon qildi. BBC xabariga ko‘ra, “Arsenal” Trossar o‘rniga taxminan 30 million funtga sotib olinishi mumkin bo‘lgan Tsolisni taklif qilmoqchi. Aytilishicha, “Arsenal” sport direktori Andrea Berta allaqachon Tsolis transferini kelishish ustida ish olib bormoqda. U o‘tgan oyda Gretsiya va Shvetsiya terma jamoalari o‘rtasidagi uchrashuvda futbolchini shaxsan kuzatgan. “Bryugge” rahbariyati o‘z o‘yinchisiga “Arsenal” qiziqayotganidan xabardor va 24 yoshli grek futbolchisi transferi bo‘yicha aniq taklif kutmoqda.",«Arsenal» Leandro Trossarni 17 million funtga «Beshiktosh»ga sotgandan keyin uning o‘rniga «Bryugge» vingeri Xristos Tsolisni (taxminan 30 million funt) olishga tayyorlanmoqda. Sport direktori Andrea Berta transferni kelishish ustida ish olib bormoqda. «Bryugge» klubi «Arsenal»ning qiziqishidan xabardor va aniq taklif kutmoqda.
"Finalga tayinlangan hakam yig‘ladi Sloveniyalik referi Slavko Vinchich jahon chempionati finalida Argentina va Ispaniya terma jamoalari oʻrtasidagi uchrashuvga bosh hakam etib tayinlanganini eshitgach, hissiyotlarini jilovlay olmadi va koʻz yosh toʻkdi. Uchrashuv 19 iyul kuni AQSHning Nyu-Jersi shtatida boʻlib oʻtadi. Vinchich final uchrashuvining bosh hakami etib tayinlanganini FIFA hakamlar departamenti rahbari Pierluiji Kollinadan hakamlar uchun tashkil etilgan maxsus yigʻilishda eshitgan. Ushbu xabardan keyin sloveniyalik hakam yigʻlab yuborgan. 46 yoshli Slavko Vinchich 2024 yilda Yevropa chempionati yarim finali va Chempionlar ligasi finalini ham boshqargan edi. Qiziq jihati shundaki, Argentina terma jamoasi soʻnggi marta jahon chempionatlarida 2022 yilda magʻlubiyatga uchragan boʻlib, oʻshanda Lionel Skaloni shogirdlari guruh bosqichida Saudiya Arabistoniga 1:2 hisobida yutqazgan edi. Aynan oʻsha uchrashuvni ham Slavko Vinchich boshqargan.","Sloveniyalik hakam Slavko Vinchich jahon chempionati finalida bosh hakam etib tayinlanganini eshitib, ko‘z yoshi to‘kdi. Buni u FIFA hakamlar rahbari Pierluiji Kollinadan maxsus yig‘ilishda eshitgan. 46 yoshli Vinchich 2024 yilda Yevropa chempionati yarim finali va Chempionlar ligasi finalini ham boshqargan edi."
"Terma jamoani mundialga olib chiqqan bosh murabbiy ishdan ketdi Sebastyen Minye Gaiti milliy terma jamoasi bosh murabbiyi lavozimini tark etdi. Bu haqida Gaiti futbol federatsiyasi (FHF) matbuot xizmati rasmiy xabar berdi. Qayd etilishicha, 53 yoshli fransuz mutaxassisi bilan shartnoma tomonlarning o‘zaro kelishuviga ko‘ra bekor qilingan. - FHF terma jamoa boshidagi faoliyati davomida namoyon etgan professionalizm, ishga sadoqat va fidoyiligi uchun murabbiy Minyega o‘z minnatdorligini bildiradi. Uning ishi Gaiti terma jamoasining 2026 yildgi jahon chempionatiga tarixiy yo‘llanmani qo‘lga kiritishi bilan yodda qoladi. Bu esa butun millatga debyutidan 52 yil o‘tib, yana dunyoning eng nufuzli turnirida ishtirok etish imkonini berdi. FHF Minyega Gaiti futboli rivojiga qo‘shgan hissasi uchun samimiy minnatdorlik bildiradi va unga kelgusi faoliyatida ulkan muvaffaqiyatlar tilaydi, - deyiladi federatsiya rasmiy bayonotida.",Гаити терма жамоаси бош мураббийи Себастьен Минье лавозимини тарк этди. Гаити футбол федерацияси (ФХФ) шартнома томонларнинг ўзаро келишувига кўра бекор қилинганини маълум қилди ва мураббийга терма жамоани дебютидан 52 йил ўтиб яна жаҳон чемпионатига олиб чиққани учун миннатдорчилик билдирди.
"Mundialdan keyin Yamal va Xolandning narxi ""uchdi"" Transfermarkt portali maʼlumotlariga koʻra, 2026 yildgi jahon chempionatidan keyin Ispaniya terma jamoasi yetakchisi Lamin Yamal va Norvegiya terma jamoasi toʻpurari Erling Xolandning bozor qiymati tarixda ilk bor 220 million evroga yetdi. Shu paytgacha Transfermarkt biror futbolchini 200 million evrodan yuqori baholamagan edi. Fransiya terma jamoasi hujumchisi va soʻnggi jahon chempionati toʻpurari Kilian Mbappe qiymati ham 20 million evroga oʻsdi va iyun 2026 yildagi pasayishdan soʻng yana 200 million evro darajasiga qaytdi. Yangilangan baholarga koʻra, yana toʻrt futbolchi 100 million evrodan yuqori qiymatga ega oʻyinchilar qatoriga qoʻshildi. Angliyalik Elliot Anderson va Morgan Rojers har biri 110 million evroga baholanmoqda.","Transfermarkt ma'lumotiga ko‘ra, jahon chempionatidan keyin Lamin Yamal va Erling Xolandning bozor qiymati tarixda birinchi marta 220 million yevroga yetdi. Kilian Mbappe qiymati esa 200 million yevroga qaytdi. Yana to‘rt futbolchi 100 million yevrodan yuqori baholandi, jumladan Elliot Anderson va Morgan Rojers — har biri 110 million yevro."
"Argentina futbol rahbarlari sudga berish bilan tahdid qilmoqda Argentina futbol assotsiatsiyasi (AFA) Jahon chempionati–2026 paytida terma jamoa haqida tarqatilgan haqqoniylikka to‘g‘ri kelmaydigan ma’lumotlar uchun sudga murojaat qilishi mumkin. Bu haqida Sportskeeda nashri xabar berdi. Manba ma’lumotlariga ko‘ra, argentinalik mutasaddilar jamoa va uning futbolchilariga nisbatan «asossiz ayblovlar» hamda tekshirilmagan ma’lumotlar tarqatgan shaxslarga nisbatan da’vo arizalari kiritish imkoniyatini ko‘rib chiqmoqda. AFA yuristlari bu boradagi dalil-isbotlarni to‘plashni boshlab yuborgan. Jumladan, ijtimoiy tarmoqlardagi nashrlar, skrinshotlar va boshqa materiallar yig‘ilmoqda. Xabarga ko‘ra, ehtimoliy da’volar faqat yirik ommaviy axborot vositalariga emas, balki ayrim ijtimoiy tarmoq foydalanuvchilariga ham qaratilishi mumkin. Assotsiatsiya noroziligiga turnir davomida Argentinga qarshi ko‘paygan ayblovlar sabab bo‘lgan.","Argentina futbol assotsiatsiyasi (AFA) jahon chempionati davomida terma jamoa haqida asossiz ma’lumot tarqatganlar ustidan sudga murojaat qilishi mumkin. Yuristlar ijtimoiy tarmoqlardagi materiallar va skrinshotlarni to‘plamoqda. Da’volar nafaqat ommaviy axborot vositalariga, balki ayrim ijtimoiy tarmoq foydalanuvchilariga ham qaratilishi mumkin."
"Shomurodovning goli jahon chempionatida eng yaxshilar qatoriga kirdi O‘zbekiston terma jamoasi hujumchisi va sardori Eldor Shomurodovning goli 2026 yildagi jahon chempionatida eng chiroyli gol uchun da’vogarlar ro‘yxatiga kiritildi. Bu haqida Xalqaro futbol assotsiatsiyasi federatsiyasi (FIFA) rasmiy saytida ma’lum qilindi. Eslatib o‘tamiz, Eldor Shomurodov Kongo DR terma jamoasiga qarshi o‘yinda raqib darvozasini ishg‘ol etgan edi. Ushbu bahsda afrikaliklar 3:1 hisobida g‘alaba qozongan. FIFA jahon chempionati doirasida urilgan eng yaxshi 12 ta golni saralab oldi, muxlislar ovoz berish jarayoni 48 soat davom etadi. Ro‘yxatdan argentinalik Xulian Al’vares va Lionel Messi (mos ravishda Shveytsariya va Jazoirga qarshi o‘yinlarda), ingliz Jud Bellingem (Fransiyaga qarshi), norvegiyalik Erling Xoland (Braziliyaga qarshi), fransuz Kilian Mbappe (Senegalga qarshi), shuningdek, ispaniyalik Ferran Torresning (Argentinaga qarshi final uchrashuvida) gollari ham joy olgan.","Ўзбекистон ҳужумчиси Элдор Шомуродовнинг Конго ДР дарвозасига урган голи FIFA томонидан жаҳон чемпионатининг энг яхши 12 та голи рўйхатига киритилди. Овоз бериш 48 соат давом этади. Рўйхатда Алварес, Месси, Беллингем, Холанд, Мбаппе ва Ферран Торреснинг голлари ҳам бор."
"Ular Argentinga hurmat bilan yondashdi, lekin bir lahza ham raqibdan qoʻrqmadi, — dedi murabbiy. Mourinyoning taʼkidlashicha, jahon chempioni maqomiga ega jamoani finalda oddiy koʻrinishga majbur qila olgan terma jamoa oʻz kuchi haqida barchaga yetarlicha maʼlumot bergan hisoblanadi. - Agar jamoa amaldagi jahon chempionlarini finalda shunchalik oddiy jamoadek koʻrsatib qoʻya olsa, buning oʻzi yetarli gap. Ispaniya bu gʻalabaga toʻliq loyiq edi. Birinchi daqiqadan to oxirgi hushtakigacha eng kuchli jamoa boʻlib maydonda turdi va yana bir bor isbotladi: futbolda gʻalaba oʻyinni nazorat qila olgan jamoaga nasib etadi, tarkibida ism-sharifi juda mashhur boʻlgan futbolchilar toʻplangan jamoaga emas, — deya qoʻshimcha qildi Mourinyo. Eslatib oʻtamiz, Luis de la Fuente shogirdlariga gʻalaba keltirgan yagona golni 106-daqiqada Ferran Torres urdi.","Mourinyoning ta'kidlashicha, Ispaniya jahon chempionlarini finalda mag‘lub etib, o‘z kuchini isbotladi. Ispaniya g‘alabaga to‘liq loyiq bo‘lib, boshidan oxirigacha o‘yinni nazorat qildi. Ferran Torres hal qiluvchi golni 106-daqiqada urgan edi."
"Bu shunday chempionat bo‘ldiki, unda yangi yulduz porladi va Lamin Yamal super darajadagi futbolchiga aylandi, — deya ta’kidladi Enbert.","Bu chempionatda yangi yulduz porladi — Lamin Yamal super darajadagi futbolchiga aylandi, — deya ta’kidladi Enbert."
"Mbappe uchinchi o‘rin uchun o‘ynagandan ta’tilga ketishni ma’qul topdi Frantsiya terma jamoasi hujumchisi Kilian Mbappe jamoasi jahon chempionati-2026 da faqat uchinchi o‘rin uchun bahsga chiqishiga qattiq ranjiganini ma’lum qildi. — Hammaning kayfiyati singari, men ham juda hafaman. Maqsadimiz finalga chiqish, yurtimizga yana orzu qilish imkonini berish va tarixga kirish edi. Endi esa bu holatni qabul qilishga, boshimizni ko‘tarib olga qarashga to‘g‘ri keladi. Men ham, butun jamoa ham qay darajada ranjiganimizni so‘z bilan ifoda etish qiyin. Lekin yuqori darajada o‘ynaydigan har qanday futbolchi kabi, garchi bu biroz sovuq eshitilsa-da, o‘zimizni qo‘lga olishimiz, qisqa ta’tilga chiqib, yana yo‘lni davom ettirishimiz kerak. Chunki futbol hech kimni kutmaydi, xatolardan xulosa chiqarishimiz, barchasini qaytadan boshlashimiz va shu tarzda bu omadsyzlikni orqada qoldirishimiz zarur, — dedi Mbappe.","Frantsiya hujumchisi Kilian Mbappe jamoasi jahon chempionatida faqat uchinchi o‘rin uchun o‘ynaganidan qattiq ranjiganini aytdi. Uning so‘zlariga ko‘ra, jamoa maqsadi finalga chiqish edi, ammo endi bu holatni qabul qilib, qisqa ta’tildan so‘ng yana yo‘lni davom ettirish kerak."
"Neymar o‘zi istamagan terma jamoaga tushdi ESPN sport nashri 2026 yildgi jahon chempionatida oʻziga bildirilgan ishonchni oʻqlamay qolgan futbolchilardan tuzilgan ramziy terma jamoani eʼlon qildi. Nashr tanloviga koʻra, darvozabon sifatida Urugvay terma jamoasi posboni Fernando Muslera kiritilgan. Himoya chizigʻiga esa Niko O’Rayli (Angliya), Virjil van Deyk (Niderlandiya), Mark Gehi (Angliya) va Yozua Kimmix (Germaniya) joylashtirildi. Yarim himoyada Skott Maktominey (Shotlandiya), Federico Valverde (Urugvay), Kristian Pulishich (AQSh), Brunu Fernandes (Portugaliya) va Florian Virts (Germaniya) nomzod sifatida qayd etilgan. Hujum chizigʻida esa Braziliya yulduzi Neymar ramziy tarkibga kiritilgan. Eslatib oʻtamiz, jahon chempionati 11 iyundan 19 iyulgacha AQSh, Meksika va Kanada hududlarida oʻtkazildi.","ESPN 2026 yildagi jahon chempionatida umidlarni oqlamagan futbolchilardan ramziy terma jamoa tuzdi. Darvozabon — Fernando Muslera. Himoyada Niko O‘Rayli, Virjil van Deyk, Mark Gehi va Yoshua Kimmix. Hujumda esa Braziliya yulduzi Neymar joy oldi."
"Xorijlik murabbiy: Bu futbolchilarning birortasi Husanov darajasiga chiqolmaydi! Belaruslik mashhur futbol mutaxassisi Anatoliy Yurevich ko‘p yillik sukutni buzib, sport5.by nashriga bergan intervyusila belaruslik futbolchilarning nega yuqori xalqaro darajaga chiqa olmayotganining sababini aytib berdi. Bu suhbat o‘zbekistonlik futbolchi Abduqodir Husanovning muvaffaqiyatlari muhokamasi doirasida bo‘lib o‘tdi. Husanovning shakllanishida Anatoliy Yurevichning ham katta hissasi bor. Bugungi kunda O‘zbekiston milliy terma jamoasi va Angliyaning “Manchester Siti” klubi himoyachisi Abduqodir Husanovning shakllanishidagi eng muhim bosqich aynan Belarusda o‘tdi. Uch yil davomida Abduqodir Anatoliy Yurevich rahbarligida Minskning «Energetik-BGU» (hozirgi “SKA-1938”) klubi tizimida rivojlandi va uning jahon futboli sari tezkor yuksalishi aynan shu yerdan boshlandi. - Oddiy muxlis sifatida mening e’tiborimni Husanovning ajoyib tezlanish qobiliyati va atletizmi tortadi.","Belaruslik mutaxassis Anatoliy Yurevich Abduqodir Husanovning muvaffaqiyati haqida gapirib, uning shakllanishida o‘zining ham hissasi borligini aytdi. Husanov uch yil davomida Minskning «Energetik-BGU» klubida Yurevich rahbarligida rivojlangan. Mutaxassis uning ajoyib tezlanish qobiliyati va atletizmini ta’kidladi."
"Uchta yulduz yig‘inda ishtirok etmaydi: Iraola ""Liverpul""dagi vaziyat haqida gapirdi «Liverpul»ning yangi bosh murabbiyi Andoni Iraola jamoadagi jarohat olgan futbolchilar holati va jahon chempionatida o‘ynagan o‘yinchilarning safiga qachon qo‘shilishi haqida ma’lumot berdi. Hozircha jamoa AQShda yig‘in o‘tkazmoqda. Iraola ta’kidlashicha, «qizillar» tarkibida bir qator futbolchilar hamon og‘ir jarohatlardan keyin tiklanish jarayonida. - Safimizda juda jiddiy jarohat olgan o‘yinchilar bor, ularga to‘liq tiklanish uchun vaqt kerak. Stefan Baychetich va Vataru Endo jamoa bilan umumiy mashg‘ulotlarga qaytish arafasida, ular avval qisman shug‘ullana boshlashadi, — deya Iraolaning so‘zlarini keltiradi Liverpool Echo. Murabbiyga ko‘ra, qolgan jarohat olgan futbolchilar orasida birinchi bo‘lib maydonga qaytishi kutilgan o‘yinchi Jovanni Leonidir.","«Liverpul»ning yangi bosh murabbiyi Andoni Iraola jarohat olgan futbolchilarning holati haqida gapirdi. Uning so‘zlariga ko‘ra, Stefan Baychetich va Vataru Endo umumiy mashg‘ulotlarga qaytish arafasida. Birinchi bo‘lib maydonga qaytishi kutilgan futbolchi esa Jovanni Leonidir."
"Florentino Peres ""Real""ning supertransferini blokladi Madridning «Real» klubida «Manchester Siti» va Ispaniya terma jamoasi yarim himoyachisi Rodrini sotib olish masalasida ixtiloflar yuzaga keldi, deb xabar bermoqda Marca nashri. Manba ma'lumotiga ko‘ra, klub rahbariyatining bir qismi 30 yoshli futbolchini jamoaga olib kelish tarafdori. Madridliklarning qiziqishi jahon chempionatidan so‘ng yanada kuchaygan. Ushbu musobaqada Rodri Ispaniya terma jamoasiga chempionlikni qo‘lga kiritishda katta hissa qo‘shdi va turnirning eng yaxshi o‘yinchisi deb topildi. «Real»da Rodri jamoa markazida Toni Kroos va Luka Modrich ketganidan keyin paydo bo‘lgan bo‘shliqni to‘ldirishi mumkin, deb hisoblashmoqda. Klub rahbarlari uning yetakchilik fazilatlari, o‘yin sur'atini nazorat qila olishi, hujum va himoya o‘rtasida muvozanatni saqlash mahoratini yuqori baholamoqda.","«Real Madrid» rahbariyatida «Manchester Siti» va Ispaniya yarim himoyachisi Rodrini sotib olish masalasida fikr farqlari bor. Jahon chempionatidan so‘ng qiziqish kuchaydi, chunki Rodri Ispaniyaga chempionlikni olib berdi va turnirning eng yaxshi o‘yinchisi deb topildi. Klub uning yetakchilik fazilatlari va o‘yin sur'atini boshqara olishini yuqori baholaydi."
"Paredes JCh-2026 finalidan so‘ng Ispaniya terma jamoasi o‘yinchilari bilan janjal uchun qizil kartochka oldi Argentina terma jamoasi himoyachisi Leandro Paredes Jahon chempionati–2026 finalida Ispaniyaga qarshi o‘yindan (0:1) keyin kelib chiqqan janjal uchun maydondan haydaldi, deb xabar bermoqda L'Équipe. Uchrashuv tugagandan so‘ng maydonda futbolchilar o‘rtasida tortishuv boshlandi. Shu paytda Leandro Paredes raqib jamoa a’zosi Erik Garsiyani turtib yuborgan. Vaziyatga aralashish uchun Gavi yaqinlashganida, argentinalik futbolchi uni gazonga yiqitib, manishkasidan ushlab olgan va zarba bergan. Maydondagi mojaroga har ikki jamoa futbolchilari hamda murabbiylar shtabi vakillari aralashgach, vaziyat yanada keskinlashmasligi uchun hakam Paredesga to‘g‘ridan-to‘g‘ri qizil kartochka ko‘rsatgan. Eslatib o‘tamiz, 2026 yildgi jahon chempionati 11 iyundan 19 iyulga qadar AQSh, Kanada va Meksika hududida o‘tkazildi.","Argentina himoyachisi Leandro Paredes jahon chempionati finalidan keyin Ispaniya futbolchilari bilan bo‘lgan janjal uchun qizil kartochka oldi. U Erik Garsiyani turtib yuborgan, Gavi aralashganda esa uni yiqitib zarba bergan. Hakam vaziyatni yumshatish uchun Paredesga qizil kartochka ko‘rsatgan."
"Natijada 13 yoshli o‘smir halok bo‘lgan, yana bir o‘smir oyogi sinib, shifoxonaga yotqizilgan. Toledoda esa 20 yoshli yigit o‘yinni tomosha qilayotgan vaqtda to‘satdan tutqanoq kasali tutib, hodisa joyida vafot etgan. Sesenyeda 19 yoshli yigit sovuq qurol bilan qilingan hujumdan so‘ng og‘ir ahvolda shifoxonaga yotqizilgan. Pamplonada esa kapyushon kiygan, qo‘lida tayoq va kaltak bo‘lgan bir guruh shaxs barda o‘yinni tomosha qilayotgan harbiylarga hujum qilgan. Hodisa natijasida olti kishi jarohat olgan, ulardan uch nafari harbiy xizmatchilar ekani ma’lum qilingan. Eslatib o‘tamiz, Ispaniya terma jamoasi 2026 yildgi jahon chempionati finalida qo‘shimcha daqiqalarda Argentina ustidan 1:0 hisobida g‘alaba qozonib, o‘z tarixidagi ikkinchi jahon chempioni unvonini qo‘lga kiritdi.","Ispaniya g‘alabasini nishonlash chog‘ida yana voqealar sodir bo‘ldi: 13 yoshli o‘smir halok bo‘ldi, Toledoda 20 yoshli yigit to‘satdan vafot etdi, Pamplonada bir guruh shaxs harbiylarga hujum qilib, olti kishini jarohatlagan. Ispaniya finalida Argentinaga 1:0 hisobida g‘alaba qozonib, ikkinchi bor jahon chempioni bo‘lgan edi."
"Peres Olise uchun ""Bavariya"" bilan munosabatlarni buzish niyatida emas «Real» Maykl Olise uchun «Bavariya» bilan munosabatlarni buzish niyatida emas. Avvalroq xabar berilganidek, Frantsiya terma jamoasi vingeri Jahon chempionati–2026 paytida Madrid klubiga o‘tish istagini yashirmayotgani aytilgan edi. COPE tarqatgan ma’lumotlarga ko‘ra, ispan grandi Olise transferi bo‘yicha faol harakat boshlamaydi, to futbolchining o‘zi omma oldida «Bavariya»dan ketishga tayyor ekanini ochiq bayonot qilmaguncha. Buning sababi shundaki, «Real» prezidenti Florentino Peres myunxenlik klub bilan yillar davomida shakllangan do‘stona va ishonchli aloqalarni juda qadrlaydi. Bundan tashqari, hozirgi paytda madriddliklar 150 million yevro yoki undan ortiq miqdordagi transferni o‘zlariga ravo ko‘ra olmaydi. Bunday bitim amalga oshirilsa, klub tarkibidan yulduz futbolchilardan biri bilan xayrlashishga to‘g‘ri kelishi mumkin.","«Real» «Bavariya» bilan munosabatlarni Maykl Olise uchun buzish niyatida emas. Klub Olise o‘zi ochiq bayonot qilmaguncha faol harakat boshlamaydi, chunki prezident Florentino Peres «Bavariya» bilan do‘stona aloqalarni qadrlaydi. Bundan tashqari, «Real» hozircha 150 million yevrolik transferni amalga oshira olmaydi."
"FIFA Tomas Tuxelni musobaqalardan chetlashi mumkin Angliya terma jamoasi bosh murabbiyi Tomas Tuxel jahon chempionati davomida rasmiy shaxslar manziliga aytgan ochiq tanqidlari uchun bir necha o‘yinga diskvalifikatsiya olishi mumkin. Manbalarga ko‘ra, FIFA ehtimoliy jazoni jahon chempionati yakunlangandan so‘ng, tashkilot himoyasida o‘tadigan uchrashuvlarga nisbatan qo‘llashni rejalashtirmoqda. Iddao qilinishicha, Tuxelga nisbatan chora ko‘rishga asos sifatida Meksikaga qarshi 1/8 final bahsidan (3:2) keyingi bayonotlari xizmat qilishi mumkin. Angliya murabbiyi bosh hakam Alireza Fagani boshqaruvidan, ayniqsa, videotakroridan so‘ng Kuansa maydondan chetlatilganidan qattiq norozi bo‘lgan. Angliya jahon chempionati yarim finaligacha yetib keldi. Chorshanba, 15 iyul kuni Tuxel shogirdlari Argentinga qarshi maydonga tushadi.",Angliya bosh murabbiyi Tomas Tuxel jahon chempionati davomida hakamlarni ochiq tanqid qilgani uchun bir necha o‘yinga diskvalifikatsiya olishi mumkin. FIFA bu jazoni musobaqa tugagandan so‘ng qo‘llashni rejalashtirmoqda. Sabab — Meksikaga qarshi 1/8 final (3:2)dan keyingi bayonotlari.
"Kukurelya noaniq ravishda uzatma berdi, Din’ to‘pni bemalol qabul qildi. U boshi yoki ko‘kragi bilan sherigiga pas berib, to‘pni markazga yo‘naltirishi kerak edi, chunki uni bir paytning o‘zida uch nafar ispanialik bosim ostida qoldirishi mumkin edi. Ammo Din’ na bosh bilan ishonchli o‘ynay oldi, na oyog‘ini to‘g‘ri qo‘lladi – natijada Lamin Yamalning son qismiga tepib yubordi. Yamal o‘yin davomida boshqa deyarli hech narsa bilan ajralib turmagan bo‘lsa-da, aynan o‘sha penalti butun uchrashuvning burilish nuqtasiga aylandi.","Kukurelya noaniq uzatma berdi, Din’ to‘pni yaxshi qabul qila olmadi va Lamin Yamalning oyog‘iga tepib yubordi. Bu holat penaltiga olib keldi va butun uchrashuvning burilish nuqtasiga aylandi."
"Kukurelya: Agar Ispaniya ""JCH-2026""ni yutsa, terma jamoadagi faoliyatimni yakunlayman Ispaniya terma jamoasi himoyachisi Mark Kukurelya jahon chempionati — 2026 yakunlangach, o‘zining keyingi rejalari haqida fikr bildirdi. «Agar Ispaniya jahon chempionatida g‘olib chiqsa, ertasi kuniyoq Luis de la Fuentega (Ispaniya terma jamoasi bosh murabbiyi) qo‘ng‘iroq qilaman va terma jamoadagi faoliyatimni yakunlayman. 2024 yilda Yevropa chempionatida, keyin jahon chempionatida g‘alaba qozongandan keyin bundan ortiq narsa haqida orzu qilish qiyin», — deya futbolchining so‘zlarini keltiradi The Touchline nashri. Eslatib o‘tamiz, JCh-2026 final bahsi Ispaniya va Argentina terma jamoalari o‘rtasida yakshanba, 19 iyul kuni «Metlayf» stadionida (Ist-Raterford, AQSh) bo‘lib o‘tadi. Uchrashuv boshlanish vaqti — soat 00:00.","Ispaniya himoyachisi Mark Kukurelya, agar Ispaniya jahon chempionatida g‘olib chiqsa, terma jamoadagi faoliyatini yakunlashini aytdi. Uning so‘zlariga ko‘ra, Yevropa va jahon chempionatida g‘alaba qozongandan keyin boshqa orzu qolmaydi. Final 19 iyulda «Metlayf» stadionida bo‘lib o‘tadi."
"Tuxel Angliya futbolchilarining aybini ochib tashladi Angliya milliy terma jamoasi bosh murabbiyi Tomas Tuxel jahon chempionati yarim finalida Argentina futbolchilaridan uchralgan mag‘lubiyatda uning jamoasiga “inglizcha DNK” pand berganini aytdi. Angliyaliklar mundial yarim finalida hisobni ochib turib, uchrashuv oxirida Argentinga 1:2 hisobida mag‘lub bo‘ldi. Tomas Tuxel shogirdlari Entoni Gordon 55-daqiqada hisobni ochganidan keyin o‘yin nazoratini butunlay qo‘ldan chiqarib yuborishdi. Tuxelning fikricha, uning taktikasi va amalga oshirgan almashtirishlari ikkinchi darajali ahamiyatga ega bo‘lgan, chunki angliyalik futbolchilar to‘pni nazorat qilishga yetarlicha o‘rganmagan edi. - O‘sha paytda menda dunyodagi hech qanday sxema bizga yordam bera olmasdi, degan hissiyot paydo bo‘ldi. Chunki biz juda passiv edik va jismoniy tayyorgarligimiz yetarli emasdi.","Angliya bosh murabbiyi Tomas Tuxel Argentinaga qarshi yarim finaldagi mag‘lubiyatda ‘inglizcha DNK’ jamoaga pand berganini aytdi. Angliya 55-daqiqada Entoni Gordon goli bilan hisobni ochgan, so‘ng o‘yin nazoratini yo‘qotgan. Tuxelning fikricha, futbolchilar to‘pni nazorat qilishga yetarlicha o‘rganmagani sabab, taktika ikkinchi darajali bo‘lgan."
"Xabib Nurmagomedov Fransiyaga qarshi oʻyinda Ispaniya oʻyinini baholadi UFCning sobiq chempioni, hozirda tashkilotning Shon-shuhrat zali a’zosi bo‘lgan rossiyalik aralash jang san’ati ustasi Xabib Nurmagomedov jamoadoshi va vatandoshi Zubayra Tuhugovni tabrikladi. Tuhugov futbol bo‘yicha Ispaniya terma jamoasi muxlisi hisoblanadi va jamoaning jahon chempionati yarim finalida Frantsiya ustidan qozongan g‘alabasidan so‘ng qutlov yo‘llandi. «Bizning birodarimiz va Ispaniya termasiga muxlislilik qiladigan barcha ishqibozlarni tabriklayman. Ular chin ma’noda yuqori darajadagi futbol namoyish qilishdi», — deb yozdi Nurmagomedov ijtimoiy tarmoqlarda. Eslatib o‘tamiz, 2026 yildgi jahon chempionatida ikkinchi finalchi Argentina va Angliya o‘rtasidagi bahsda aniqlanadi. Uchrashuv 15 iyul kuni soat 23:59 da start oladi. «Chempionat» portali o‘yinni matnli onlayn tarzda yoritib boradi.","UFCning sobiq chempioni Xabib Nurmagomedov jamoadoshi Zubayra Tuhugovni Ispaniya terma jamoasining Fransiya ustidan yarim finaldagi g‘alabasi munosabati bilan tabrikladi. U ijtimoiy tarmoqlarda Ispaniya muxlislarini tabriklab, ularning yuqori darajadagi futbol namoyish qilganini yozdi. Argentina va Angliya o‘rtasidagi ikkinchi finalchi bahsi 15 iyul kuni bo‘lib o‘tadi."
"""Chelsi"" ikki do'stni birlashtirdi Londonning «Chelsi» jamoasi yarim himoyachisi Koul Palmer o‘zining ko‘p yillik do‘sti Morgan Rojersning «Aston Villa»dan rasmаn «Chelsi»ga o‘tishiga munosabat bildirdi. Angliya terma jamoasi a’zosi o‘zining Instagram Stories sahifasida jamoadoshiga aylangan Rojers bilan birgalikda tushgan suratlardan kollaj joylashtirdi. Rasmlarda Palmer va Rojers «Manchester Siti» akademiyasida, turli yosh toifasidagi Angliya terma jamoalarida va maydondan tashqari paytlarda birga tushgani aks etgan. - Hayotimdagi eng yaqin do‘stlarimdan biri bilan «Chelsi»da birga o‘ynash — bu alohida tuyg‘u, — deb yozdi Palmer. Palmer va Rojers yoshlik davridanoq bir-birini yaxshi biladi. Ular uzoq yillar davomida «Manchester Siti» tizimida birga tarbiyalangan, keyinchalik esa Angliyaning yoshlar va asosiy terma jamoalari safida ham birga harakat qilgan.","«Chelsi» yarim himoyachisi Koul Palmer ko‘p yillik do‘sti Morgan Rojersning «Aston Villa»dan «Chelsi»ga o‘tishiga munosabat bildirib, ular birga tushgan suratlar kollajini joylashtirdi. Ular yoshlikdan «Manchester Siti» akademiyasida va Angliya yoshlar terma jamoalarida birga o‘ynagan."
"Zinedin Zidan Fransiya terma jamoasi bilan shartnoma bo‘yicha kelishdi Afsonaviy fransuz futbolchisi Zinedin Zidan Fransiya terma jamoasining yangi bosh murabbiyi etib tayinlanishi kutilmoqda, deb xabar bermoqda Fabrizio Romano. Ma'lumotlarga ko‘ra, 53 yoshli mutaxassis shartnoma shartlarini to‘liq kelishib olgan va o‘z murabbiylar shtabini ham shakllantirib bo‘lgan. Rasmiy e'lon va shartnoma imzolanishi yaqin kunlarda, Didye Desham milliy jamoa bosh murabbiyligi lavozimini tark etganidan so‘ng amalga oshirilishi rejalashtirilgan. Zidan bir necha oy oldinoq aynan Fransiya Futbol federatsiyasidan taklif kutishga qaror qilgani, shu maqsadda boshqa klub va terma jamoalardan kelgan takliflarni rad etgani qayd etilmoqda. Didye Desham 2012 yildan buyon Fransiya termasini boshqarib kelayotgan edi.","Zinedin Zidan Fransiya terma jamoasining yangi bosh murabbiyi bo‘lishi kutilmoqda, deb xabar berdi Fabrizio Romano. 53 yoshli mutaxassis shartnoma shartlarini kelishib olgan. Rasmiy e’lon Didye Deshamning lavozimni tark etishidan so‘ng bo‘ladi. Deshamn 2012 yildan buyon Fransiya terma jamoasini boshqarib kelayotgan edi."
"Olise Mbappe va Chuameniga «Real» haqida savol berdi «Bavariya» va Frantsiya terma jamoasi yarim himoyachisi Maykl Olise termadagi jamoadoshlari Kilian Mbappe va Orelien Tchuameni orqali Madridning «Real» klubi haqida qiziqqan. Frantsiya nashri L'Equipe xabariga ko‘ra, 24 yoshli futbolchi shaxsiy suhbatlarda yozgi transfer oynasidayoq «qirollik klubi» safiga o‘tish istagini yashirmagan. Olise Mbappe va Tchuameniga «Real»dagi muhit, jamoa ichidagi vaziyat va klubning kundalik hayoti haqida ko‘plab savollar bergani aytilmoqda. Matbuotda tarqalayotgan ma’lumotlarga ko‘ra, Maykl Olise bu yozdayoq jamoasini almashtirishni rejalashtirmoqda. Madrid klubi uning transferi uchun taxminan 200 million yevro sarflashga tayyor ekani haqida xabarlar bor. Eslatib o‘tamiz, o‘tgan mavsumda Maykl Olise «Bavariya» tarkibida Germaniya chempionatida 32 o‘yin o‘tkazib, 15 ta gol urdi va 19 ta golli uzatma muallifiga aylandi.","«Bavariya» yarim himoyachisi Maykl Olise jamoadoshlari Kilian Mbappe va Orelien Tchuameniga «Real» haqida savollar bergan. L'Equipe xabariga ko‘ra, u bu yozda jamoa almashtirishni rejalashtirmoqda. «Real» uning transferi uchun taxminan 200 million yevro sarflashga tayyor. O‘tgan mavsumda Olise 32 o‘yinda 15 gol urdi va 19 golli uzatma berdi."
"Kayl Uoker: ""argentinaliklar aqlli o‘ynashdi"" Angliya terma jamoasining sobiq himoyachisi Kayl Uoker 2026 yildgi jahon chempionati yarim finalida Argentinaга qarshi uchrashuv (1:2)dan keyin raqib jamoa o‘yin davomida taktik usullarni juda mohirona qo‘llaganini ta’kidladi. Uning fikricha, Janubiy Amerika vakillarining o‘yin uslubi oldindan o‘ylab qo‘yilgan bo‘lib, uchrashuv taqdirini o‘z foydalariга o‘zgartirishga yordam bergan. «Ular aql bilan o‘ynashdi — mayda qoidalarni buzish, kechikib kirilgan jarimalar, orqadan turib urilishlar. Nima qilayotganini juda yaxshi bilishadi. Maydonda o‘zlarini juda hiylakor tutdilar», — deya Uokernig so‘zlarini keltiradi The Sun nashri. Uchrashuvda hisobni Angliya birinchi bo‘lib ochdi, biroq ikkinchi bo‘limda ikki gol o‘tkazib yubordi va finalga chiqish imkoniyatini qo‘ldan boy berdi.","Angliya terma jamoasining sobiq himoyachisi Kayl Uoker Argentina jamoasi yarim finalda (1:2) juda mohirona va oldindan o‘ylab o‘ynaganini aytdi. Uning fikricha, ular mayda qoidabuzarliklar va hiylakor o‘yin bilan uchrashuv taqdirini o‘zgartirdi. Angliya hisobni birinchi ochgan bo‘lsa-da, ikkinchi bo‘limda ikki gol o‘tkazib, finalga chiqish imkoniyatini boy berdi."
"Tunisni boshqargan murabbiy yana to‘rtta terma jamoadan taklif oldi Erve Renar hozir ham milliy jamoalar bozorida eng talabgir mutaxassislardan biri hisoblanadi. Tunis terma jamoasida qisqa faoliyatdan so‘ng fransuz murabbiyiga bir vaqtning o‘zida bir nechta federatsiyadan takliflar tusha boshlagani haqida Foot Mercato xabar berdi. Manbalarga ko‘ra, Renar uchun asosiy da’vogar sifatida Janubiy Koreya ko‘rilmoqda. Mahalliy ommaviy axborot vositalari uni jamoani Jahon chempionati–2026 guruh bosqichida tark etgach iste’foga chiqqan Xon Myon Bo o‘rniga bosh murabbiy lavozimiga eng asosiy nomzod deb hisoblamoqda. Shuningdek, fransuz mutaxassisi JAR va Senegal terma jamoalari bosh murabbiyligi uchun ham ehtimoliy nomzodlar ro‘yxatiga kiritilgan. Bundan tashqari, Vladimir Petkovich jamoani tark etgan taqdirda, Jazoir futbol federatsiyasi ham Renar nomzodini ko‘rib chiqishi mumkin.","Fransuz murabbiy Erve Renar Tunis terma jamoasidagi qisqa faoliyatidan so‘ng bir nechta federatsiyadan taklif olmoqda. Asosiy da’vogar sifatida Janubiy Koreya ko‘rilmoqda, u yerda guruh bosqichida chiqib ketgach iste’foga chiqqan Xon Myon Bo o‘rniga nomzod deb hisoblanmoqda. Renar shuningdek BAA va Senegal terma jamoalari uchun ham ko‘rilmoqda."
"UEFA rahbari FIFAning mojaroli qarori ortidan mundial finalini boykot qildi Ispaniya va Argentina terma jamoalari oʻrtasidagi jahon chempionati finalida UEFA prezidenti Aleksander Cheferin tribunada koʻrinmadi. The Times nashri yozishicha, Cheferinning finalga bormaslik qarori FIFA atrofida yuzaga kelgan mojaro bilan bogʻliq. Gap shundaki, xalqaro federatsiya AQSh terma jamoasi hujumchisi Folarin Balogunga berilgan diskvalifikatsiyani kutilmaganda toʻxtatib turishga qaror qilgan edi. Qizil kartochka olgan futbolchi reglamentdagi maxsus banddan foydalanganligi sababli keyingi oʻyinda maydonga tushish imkoniyatiga ega boʻldi. Ushbu bandga koʻra, diskvalifikatsiya sinov muddati bilan keyinroqka surilishi mumkin. UEFA bu qarorni ochiq tanqid qilgan va rasmiy bayonot orqali FIFAning Balogun boʻyicha qaroridan norozilik bildirgan edi. Shu orqali ikki tashkilot oʻrtasidagi munosabatlar keskin sovib, amalda uzilib qolgani taʼkidlanmoqda.","UEFA prezidenti Aleksander Cheferin jahon chempionati finaliga bormadi. Sababi — FIFAning AQSh hujumchisi Folarin Balogunga berilgan diskvalifikatsiyani kutilmaganda to‘xtatib turishga qaror qilgani. UEFA bu qarorni ochiq tanqid qilgan, natijada ikki tashkilot o‘rtasidagi munosabatlar keskin sovigan."
"Argentina Jahon chempionati yarim finalida Angliyaning himoyaviy taktikasidan hayratda qoldi 2026 yildgi jahon chempionati yarim finalida Angliyaga qarshi oʻyinda 55-daqiqadagi goldan keyin «albiseleste» jamoasi raqib reaksiyasidan hayratda qolgan, bosh murabbiy Tomas Tuxelning himoyaviy taktik almashinuvlari esa argentinaliklarni yanada koʻproq «shok»ka solgan. Bu haqida The Independent nashri xabar berdi. Manba maʼlumotiga koʻra, Argentina terma jamoasi bosh murabbiyi Lionel Skaloni ikkinchi boʻlimdagi «suv uchun tanaffus»gacha Angliya tezkor hujumchilarni maydonga tushirishini kutgan. Xususan, u Bukayo Saka yoki Noni Madueke oʻyinga qoʻshilishiga tayyorlanayotgan edi. Biroq 72-daqiqadan 82-daqiqagacha boʻlgan oralikda Tuxel ketma-ket uch nafar himoyachini maydonga tushirdi. Shundan soʻng «uch sher» jamoasi yanada chuqurroq himoyalanishga oʻta boshladi.","Angliya 55-daqiqada gol urgandan keyin, Argentina bosh murabbiyi Lionel Skaloni raqibning himoyaviy almashtirishlaridan hayratda qoldi. U Angliya hujumchi kiritishini kutgan edi, ammo Tomas Tuxel 72–82-daqiqalar oralig‘ida uchta himoyachini maydonga tushirdi. Shundan so‘ng Angliya yanada chuqurroq himoyalana boshladi."
"JCh-2026 finalida argentinaliklar ispaniyalik muxlislardan ancha ko‘p bo‘ladi Argentina terma jamoasi muxlislarining taxminan 50 ming nafari Nyu‑York atrofiga yetib keldi. Ular jamoani Ispaniyaga qarshi jahon chempionati finalida qoʻllab‑quvvatlash uchun toʻplanmoqda. Bu muxlislarnig katta qismi toʻgʻridan‑toʻgʻri Argentinandam uchib kelmagan. Ular orasida AQShda doimiy yashaydigan argentinaliklar ham bor. Shu bilan birga, yigʻilganlarning hammasi ham stadionga kira olmaydi: arenaning sigʻimi cheklangan, oʻyinni jonli tomosha qilishni istaganlar soni esa mavjud chiptalardan ancha koʻp. Argentinalik fanatlar oqimi yarim finalda Angliyaga qarshi oʻyindan (2:1) soʻngoqqoʻshyoq sezildi. Atlantada boʻlib oʻtgan oʻsha bahsdan keyin koʻplab muxlislar Nyu‑York tomon yoʻl olgani sababli, mintaqada qisqa muddatli avtomobil ijarasi xizmatlarida mashina tanqisligi kuzatilgani xabar qilindi.","Argentina terma jamoasi muxlislaridan taxminan 50 ming nafari finalga Nyu-Yorkka yetib keldi. Ular Ispaniyaga qarshi finalda jamoani qo'llab-quvvatlaydi, ko'pchiligi AQShda yashovchi argentinaliklar. Stadion sig'imi cheklangani uchun hammasi ham kira olmaydi. Angliya bilan yarim finaldan keyin ham shunday oqim bo'lgan, natijada mintaqada avtomobil ijarasi tanqisligi yuzaga kelgan."
"Yamal yana Mbappeni ""sindirdi"" Ispaniya terma jamoasi 2026 yildgi jahon chempionati yarim finalida Frantsiya futbolchilarini 2:0 hisobida mag‘lub etdi. Statistika ekspertlari darrov har ikki jamoaning yetakchilari - Lamin Yamal va Kilian Mbappening klub va terma jamoalar miqyosdagi o‘zaro to‘qnashuvlari natijalarini hisob-kitob qildi. Ikki yulduzning o‘zaro raqobatiga alohida e’tibor qaratilishiga ular klublar miqyosida ikki ashaddiy raqib - ""Barselona"" va ""Real"" sharafini himoya qilayotgani ham sabab bo‘ldi. Bu galgi yarim finalda g‘alaba Ispaniya terma jamoasi va ""Barselona"" hujumkor futbolchisi Lamin Yamalning ustunligini mustahkamladi. Ispan futbolchisi ""Barsa"" va terma jamoa safida Kilian Mbappe bilan o‘zaro 11 marta to‘qnash kelib, shulardan 9 tasida qo‘li baland kelgan.","Ispaniya terma jamoasi jahon chempionati yarim finalida Fransiyani 2:0 hisobida mag'lub etdi. Statistika Lamin Yamal va Kilian Mbappening klub va terma jamoa darajasidagi o'zaro to'qnashuvlarini ko'rsatdi: ular 11 marta uchrashgan, shundan 9 tasida Yamal ustun kelgan. Ikkalasi ""Barselona"" va ""Real"" safida ham raqib bo'lgani bu raqobatga qiziqishni oshirgan."
"Saybari: ""Allianz Arena"" juda qiziqtiryapti, u yerda avval bo‘lmagan"" Myunxenning «Bavariya» jamoasi yangi futbolchisi Ismaël Saybari klubning Zëbener Shtrassedagi bazasiga ilk bor tashrif buyurib, oʻz taassurotlari bilan oʻrtoqlashdi. 25 yoshli Marokash terma jamoasi aʼzosi yaqin orada «Bavariya»ning uy maydonida rasmiy oʻyinda maydonga tushishni katta hayajon bilan kutayotganini aytdi. «Meni eng koʻp qiziqtirayotgan narsa — bu «Alyants Arena». U yerda haligacha biror marta oʻynamaganman. Birinchi oʻyin albatta oʻziga xos va esda qolarli boʻladi», — deya Saybarining soʻzlarini «Bavariya» matbuot xizmati keltiradi. Futbolchi myunxen klubi bilan shartnomani 2026 yildgi jahon chempionati guruh bosqichi davomidayoq imzolagan, kelishuv «Bavariya»ning Nyu-Yorkdagi ofisida rasmiylashtirilgan edi. Endi esa u oilasi bilan birga klub bazasiga kelib, infratuzilma va xodimlar bilan tanishdi. «Bavariya» sport boʻyicha boshqaruv aʼzosi Maks Eberlning taʼkidlashicha, klub bu transfer ustida mundialdan ancha oldin ish boshlagan: «Eng muhim jihat shundaki, biz unga nisbatan pozitsiyamizni juda erta belgilab oldik.","""Bavariya""ning yangi futbolchisi Ismael Saybari klub bazasiga birinchi bor tashrif buyurdi. 25 yoshli Marokash terma jamoasi a'zosi ""Alyanz Arena""da o'ynashni katta hayajon bilan kutayotganini aytdi: u bu stadionda hali o'ynamagan. Futbolchi Myunxen klubi bilan shartnomani jahon chempionati guruh bosqichida imzolagan. Endi u oilasi bilan klub bazasiga kelib, infratuzilma va xodimlar bilan tanishdi. ""Bavariya"" sport bo'limi rahbari Maks Eberl klub bu transfer ustida mundialdan ancha oldin ish boshlaganini aytdi."
"Mbappe ""Diktator"" haqidagi virusli memga javob berdi Madridning «Real» jamoasi va Fransiya terma jamoasi hujumchisi Kilian Mbappe jahon chempionati-2026 paytida ommalashgan navbatdagi internet-memga munosabat bildirdi. Musobaqa davomida o‘tkazilgan o‘yinlardan birida tribunadagilar orasidagi muxlis qo‘lida Mbappe harbiy formada tasvirlangan plakatni ko‘tarib turgani aks etgan surat tarqaldi. Bu kadr ijtimoiy tarmoqlarda tezda keng yoyilib, ko‘plab kulgili mem va sharhlarga asos bo‘ldi. Fransiya terma jamoasi yulduzi bu holatga befarq qolmadi. «Boshqa bunday qilmang», — deb qisqagina izoh qoldirdi Mbappe. «Diktator Mbappe» (yoki «General Mbappe») memining ildizlari 2024 yil bahoriga borib taqaladi. O‘shanda hujumchining yuristlari Marsel shahridagi kabob do‘koni egasi Mohamed Henniga nisbatan sudga murojaat qilish bilan tahdid qilgan edi.","Fransiya terma jamoasi hujumchisi Kilian Mbappe u haqidagi virusli memga munosabat bildirdi. Bir o'yinda muxlis qo'lida Mbappe harbiy formada tasvirlangan plakat ko'targan surat tarqalib, ko'plab kulgili mem va sharhlarga sabab bo'lgan. Mbappe ""Boshqa bunday qilmang"" deb qisqa izoh qoldirdi. Bu mem 2024 yil bahoridan boshlangan, o'shanda uning yuristlari kabob do'koni egasiga sudga murojaat qilish bilan tahdid qilgan edi."
"""Barsa"" o‘ziniklarni tabrikladi La Liganing amaldagi chempioni «Barselona» klubi Ispaniya terma jamoasi tarkibida jahon chempioni bo‘lgan o‘z futbolchilarini tabriklab, rasmiy sahifalarida alohida xabar e’lon qildi. Klub ushbu nashrda Ferran Torres va Pau Kubarsiga berilgan mukofotlarga ham to‘xtalib o‘tdi. Ferran Torres jahon chempionati finalining eng yaxshi o‘yinchisi, Pau Kubarsi esa musobaqaning eng yaxshi yosh futbolchisi deb topilgani qayd etildi. Shuningdek, «ko‘k-anorranglilar» Lamin Yamalning tarixiy yutug‘ini alohida ta’kidlashdi: u 20 yoshga to‘lmagan holda ham Yevropa chempionati, ham jahon chempionati bosh sovrinini qo‘lga kiritgan ilk futbolchi sifatida tarixga kirdi. Eslatib o‘tamiz, jahon chempionati finalida Ispaniya terma jamoasi Argentina ustidan g‘alaba qozondi.","""Barselona"" Ispaniya terma jamoasi tarkibida jahon chempioni bo'lgan futbolchilarini tabrikladi. Ferran Torres final eng yaxshi o'yinchisi, Pau Kubarsi esa musobaqaning eng yaxshi yosh futbolchisi deb topildi. Lamin Yamal 20 yoshga to'lmasdan ham Yevropa, ham jahon chempioni bo'lgan ilk futbolchi sifatida tarixga kirdi. Finalda Ispaniya Argentinadan g'alaba qozongan edi."
"Unay Simon ""quruq"" darvozabonlar qatoriga qo‘shildi Ispaniya terma jamoasi darvozaboni Unay Simon 2026 yildgi jahon chempionati yarim finalida Frantsiyaga qarshi o‘yinni (2:0) gol o‘tkazmasdan yakunladi. Shu tariqa u jahon chempionatlari tarixida eng ko‘p «quruq» o‘yin o‘tkazgan darvozabonlar orasida uchinchi o‘ringa ko‘tarildi. Bu o‘yin orqali Simon jahon chempionatlaridagi 11 uchrashuvidan sakkizinchisini «quruq» yakunladi. 2026 yildgi mundialning o‘zida esa oltinchi marta raqiblarning barcha zarbalarini bartaraf etdi. Jahon chempionatlari tarixida undan ko‘proq «quruq» o‘yin o‘tkazganlar faqat frantsiyalik Fab’yen Bartez va angliyalik Piter Shilton hisoblanadi. Har ikki darvozabon 17 uchrashuvning 10 tasida gol o‘tkazmagan. Shuningdek, jahon chempionatlari tarixida yana bir qator mashhur darvozabonlar ham sakkiztadan «quruq» o‘yinga ega: fransuz Ugo Lyoris (20 o‘yindan 8 tasi), bel’giyalik Tibo Kurtua (21 o‘yindan 8 tasi), braziliyalik Taffarel (18 o‘yindan 8 tasi) va Emerson Leao (14 o‘yindan 8 tasi), nemis Sepp Mayer (18 o‘yindan 8 tasi), shuningdek, niderlandiyalik Yan Yongblud (12 o‘yindan 8 tasi).","Ispaniya darvozaboni Unay Simon jahon chempionati yarim finalida Fransiyaga qarshi o'yinni (2:0) gol o'tkazmasdan yakunladi. Bu uning jahon chempionatlaridagi 11 o'yinidan 8-tasi ""quruq"" bo'lishi va tarixda uchinchi o'ringa ko'tarilishi demakdir. Undan ko'p faqat fransuz Fab'yen Bartez va angliyalik Piter Shilton ""quruq"" o'yin o'tkazgan - ikkalasi ham 17 o'yindan 10 tasida gol o'tkazmagan."
"Messi: ""Bilishimcha, yarim finalga chiqsak medallar uchun kurashish imkoniyatiga ega bo‘lamiz"" Argentina terma jamoasi yetakchisi Lionel Messi jahon chempionatidagi jamoa oʻyini haqida fikr bildirdi. «Inter Mayami» hujumchisiga koʻra, u musobaqa boshlanishidan oldinoq Argentina kamida yarim finalgacha yetib borajagini his qilgan. Messining taʼkidlashicha, jamoa titul uchun kurashish imkoniyatiga ega boʻlishini oldindan bilgan va bugun yana finalda maydonga tushayotgani ishonish qiyin boʻlgan darajada hayratlanarli holatdir. «Biz yana bir bor jamoamizga koʻp yillardan beri xos boʻlgan jihatlarni namoyish etdik: yuqori saviyadagi futbol, hotirjamlik va oʻyinni toʻgʻri his etib, toʻgʻri oʻqish mahorati», — deya Messining soʻzlarini keltiradi TyC Sports. Eslatib oʻtamiz, jahon chempionati finalida Argentina terma jamoasi Ispaniyaga qarshi maydonga tushadi. Hal qiluvchi bahs yakshanba, 19 iyul kuni boʻlib oʻtadi.","Argentina yetakchisi Lionel Messi jahon chempionatidagi o'yin haqida gapirdi. U musobaqa boshlanishidanoq jamoa kamida yarim finalgacha yetib borishini his qilgani, endi finalda o'ynayotgani hayratlanarli ekanini aytdi. ""Biz yana yuqori saviyadagi futbol, xotirjamlik va o'yinni to'g'ri o'qish mahoratini namoyish etdik"", - dedi Messi TyC Sports'ga. Jahon chempionati finalida Argentina Ispaniyaga qarshi 19 iyul kuni o'ynaydi."
"“Real” Kurtua o‘rniga uch darvozabon topdi Madridning “Real” klubi asosiy darvozabon Tibo Kurtua o‘rnini bosishga qodir yangi golkiper qidirishni boshladi. Bunga belgilaylik darvozabonning 2026 yildgi jahon chempionatida Ispaniyaga qarshi bahsda olgan jarohati sabab bo‘lgan. Hozircha “Real” shoshilinch ravishda yangi darvozabon xarid qilishni rejalashtirmayapti, ammo klub quyidagi futbolchilarni kuzatmoqda: - Bart Verbryuggen (“Brayton”); - Gregor Kobel (“Borussiya” Dortmund); - Diogu Koshta (“Portu”). Klub rahbariyati ayniqsa 23 yoshli niderlandiyalik Verbryuggenni kelajak uchun eng yaxshi variant sifatida ko‘rmoqda. Kobel tajribali va ishonchli variant sifatida baholanmoqda, Diogu Koshta esa bosh murabbiy Joze Mourinyoning shaxsiy tanlovi hisoblanadi. “Real” hali ham Kurtuani jahonning eng yaxshi darvozabonlaridan biri deb hisoblaydi, ammo uning sog‘ligi va jarohatlarga moyilligi klubni xavotirga solmoqda.","Madridning ""Real"" klubi asosiy darvozabon Tibo Kurtua jahon chempionatida jarohat olganidan keyin yangi golkiper qidirmoqda. Klub Bart Verbryuggen (""Brayton""), Gregor Kobel (""Borussiya"" Dortmund) va Diogu Koshtani (""Portu"") kuzatmoqda. Rahbariyat 23 yoshli Verbryuggenni kelajak uchun eng yaxshi variant deb bilsa, Kobel tajribali variant, Koshta esa murabbiy Mourinyoning shaxsiy tanlovi hisoblanadi. ""Real"" hamon Kurtuani dunyoning eng yaxshi darvozabonlaridan biri deb hisoblaydi, ammo uning sog'ligi klubni xavotirga solmoqda."
"Shakira Messining qilgan ishidan hayratga tushdi Lotin Amerikasining mashhur qoʻshiqchisi Shakira 2026 yildgi jahon chempionati yarim finalida Angliyaga qarshi uchrashuvdan soʻng Argentina terma jamoasi sardori va hujumchisi Lionel Messining oʻyinini yuqori baholadi. Messi ushbu bellashuvda ikki golli pas berib, jamoasiga 2:1 hisobida irodali gʻalaba keltirdi. - Messining qilayotgan ishi haqiqatan ham hayratlanarli! Bu oʻz ishiga chuqur sadoqatli, intizomli insonning qadriyatlarini koʻrsatadi. U vaqt va turli qiyinchiliklarga qarshi kurashib, insonni yoshi yoki boshqalarning gapi emas, balki oʻzining kimligi belgilashini isbotlayapti. Va men bilamanki, uning yonida Antonella Rokutso kabi ayolning borligi unga kuch va ilhom bagʻishlab, shularni namoyish etishga yordam beradi, — deb yozgan Shakira ijtimoiy tarmoqdagi sahifasida.","Qo'shiqchi Shakira jahon chempionati yarim finalida Argentina sardori Lionel Messining o'yinini yuqori baholadi. Messi bu bahsda ikki golli pas berib, jamoasiga 2:1 g'alaba keltirgan edi. Shakira ijtimoiy tarmoqda ""Messining qilayotgan ishi hayratlanarli, bu chuqur sadoqat va intizomni ko'rsatadi"" deb yozdi."
"FIFA rasmiy sahifasi O‘zbekiston milliy terma jamoasini e’tirof etdi O‘zbekiston milliy terma jamoasi AQSh, Kanada va Meksika maydonlarida bo‘lib o‘tgan Jahon chempionatida musobaqa doirasidagi debut o‘yinlarini o‘tkazdi. FIFA rasmiy sayti Osiyo jamoalari qatorida milliy jamoamizning mundialdagi tarixiy ishtiroki haqida to‘xtalib o‘tdi. """"Jahon chempionati debutantlaridan biri O‘zbekiston terma jamoasi ketma-ket uchta mag‘lubiyatdan so‘ng guruh bosqichidayoq musobaqani tark etdi. Natijalar ko‘ngildagidek bo‘lmasa-da, “Oq bo‘rilar” uchun ijobiy jihatlar ham topildi. Masalan, Abbosbek Fayzullaev Kolumbiyaga qarshi o‘yinda jamoaning Jahon chempionatidagi ilk golini kiritib, o‘z nomini O‘zbekiston futboli tarixiga yozib qo‘ydi. Eldor Shomurodovning Kongo DR darvozasiga yo‘llagan ajoyib zarbasi esa “Hyundai” tomonidan taqdim etiladigan “Turnirning guruh bosqichidagi eng yaxshi goli” sovrinini qo‘lga kiritdi.","O'zbekiston milliy terma jamoasi AQSh, Kanada va Meksikada o'tgan jahon chempionatida debyut o'yinlarini o'tkazdi. FIFA rasmiy sayti jamoaning tarixiy ishtirokini qayd etdi: uchta mag'lubiyatdan so'ng guruh bosqichida qoldi, ammo ijobiy jihatlar ham bo'ldi. Abbosbek Fayzullaev Kolumbiyaga qarshi jamoaning ilk mundial golini urdi, Eldor Shomurodovning Kongo DR darvozasiga urgan goli esa guruh bosqichining eng yaxshi goli deb topildi."
"Salibaning jarohati kutilganidan ham jiddiyroq bo‘lishi mumkin Londonning «Arsenal» jamoasi va Frantsiya terma jamoasi markaziy himoyachisi Vilyam Saliba jiddiy jarohat tufayli uzoq muddat maydondan chetda qolishi mumkin. Ma'lum bo'lishicha, futbolchi ancha vaqtdan beri umurtqa suyakidagi jarohat bilan o'yinlarga tushib kelgan. Katta yuklama oqibatida uning sog'ligi bunga dosh bermadi va u Jahon chempionati-2026 yarim finalida Ispaniyaga qarshi o'yinning ilk bo'limiyoq maydonni tark etishga majbur bo'ldi. Endi Salibaga jarrohlik amaliyoti zarur. Jurnalist Charlz Uotts ma'lumotiga ko'ra, fransuz himoyachisining tiklanish jarayoni dastlabki hisob-kitoblarga nisbatan ham ko'proq vaqt talab qilishi ehtimoldan xoli emas. Ilk bashoratlarga binoan, u kamida yil oxirigacha maydonga qaytolmaydi, ammo shifokorlar reabilitatsiya yanada cho'zilib ketishidan xavotirda.","""Arsenal"" va Fransiya himoyachisi Vilyam Saliba jiddiy jarohat tufayli uzoq vaqt maydondan chetda qolishi mumkin. U umurtqa suyagidagi jarohat bilan o'ynab kelgan, yuklama ortidan jahon chempionati yarim finalida Ispaniyaga qarshi o'yinning birinchi bo'limidayoq maydonni tark etgan. Endi unga jarrohlik kerak. Jurnalist Charlz Uotts ma'lumotiga ko'ra, tiklanish kutilganidan ko'proq vaqt olishi mumkin - u kamida yil oxirigacha o'ynay olmaydi."
"«Yuventus» Kolo Muani transferi bo‘yicha kelisha olmadi «Yuventus» va «Pari Sen-Jermen» oʻrtasida fransuz hujumchisi Randal Kolo-Muanini transferi boʻyicha olib borilayotgan muzokaralar natijasiz yakunlandi. Il Corriere dello Sport nashrining yozishicha, turinliklar parijliklar talab qilayotgan 55 million yevro miqdorini toʻlashga tayyor emas. Shuningdek, klub rahbariyati bu sharoitda markaziy hujumchi uchun boshqa nomzod izlashga qaror qilgan. Endilikda «Yuventus» diqqatini Londonga qaratmoqda: klub «Tottenxem» hujumchisi Risharlisonni sotib olish boʻyicha kelishuvga erishishga urinadi. Turin jamoasi mutaxassislariga koʻra, braziliyalik forvardning tajribasi, jismoniy kuchi va bir nechta pozitsiyada oʻynay olish qobiliyati Lyuchano Spalletti jamoasi uchun katta foyda keltirishi mumkin. 29 yoshli Risharlison oʻtgan mavsumda «Tottenxem» safida 43 oʻyinda maydonga tushib, 12 ta gol urdi va 5 ta golli uzatma amalga oshirdi. Shunga qaramay, u Braziliya terma jamoasining Jahon chempionati–2026 uchun shakllantirilgan roʻyxatiga kiritilmadi.","""Yuventus"" va ""Pari Sen-Jermen"" o'rtasida Randal Kolo-Muani transferi bo'yicha muzokaralar natijasiz tugadi - turinliklar so'ralgan 55 million yevroni to'lashga tayyor emas. Klub endi boshqa nomzod izlamoqda: ""Tottenxem"" hujumchisi Rishalisonni sotib olishga urinmoqda. Braziliyalik forvard tajribasi va bir necha pozitsiyada o'ynay olishi bilan foydali bo'lishi mumkin. 29 yoshli Rishalison o'tgan mavsum ""Tottenxem""da 43 o'yinda 12 gol urgan va 5 golli pas bergan, biroq Braziliya terma jamoasi mundial ro'yxatiga kiritilmagan."
"Ronaldу FIFAdagi korrupsiya, Messi va Argentina berilgan yordam haqidagi postni layk bosdi Portugaliya terma jamoasi hujumchisi Krishtianu Ronaldu ijtimoiy tarmoqdagi bir postga «layk» bosdi. Ushbu postda Argentina terma jamoasi va FIFA faoliyati keskin tanqid qilingan efir parchasi joylashtirilgan edi. Videoda ispaniyalik jurnalist Pilar Rodriges Losantos 17 iyul kuni efir davomida Argentina terma jamoasining ishtirokini baholab, ular turnirni ancha oldin tark etishi kerakligini aytgan va FIFA faoliyatiga shubha bilan yondashgan. - Argentina taxminan besh o‘yin oldinoq musobaqani tark etishi kerak edi. Jamoa keyingi bosqichlarga FIFA yordamı bilan chiqdi, FIFA esa Yer yuzidagi eng korrupsiyalashgan tashkilotlardən biri. Menimcha, biz Argentınaga emas, balki butun FIFA tashkilotiga qarshi o‘ynayapmiz.","Portugaliya terma jamoasi hujumchisi Krishtianu Ronaldu Argentina va FIFA faoliyatini tanqid qiluvchi bir postga ""layk"" bosdi. Videoda ispaniyalik jurnalist Pilar Rodriges Losantos Argentinaning turnirda FIFA yordamida oldinga chiqqanini va FIFA korrupsiyalashgan tashkilot ekanini aytgan edi. ""Menimcha, biz Argentinaga emas, balki butun FIFAga qarshi o'ynayapmiz"", - degan jurnalist."
"Biz ularga o‘yin tempini belgilashga imkon berib qo‘ydik, kuchlar nisbati ni o‘z foydamizga o‘zgartirishimiz kerak edi, aynan shu yerda yutqazdik. O‘yin boshidanoq bosim, hujumlarimiz shakli tufayli yarim himoyada doimiy ravishda uchga ikki vaziyati yuzaga keldi, Ispaniyaga qarshi esa bu juda qiyin. Fabian Ruiz va Rodri juda ko‘p bo‘sh vaqt va makonga ega bo‘lishdi, pressingda o‘zaro tushunish yetishmadi. Biz yakkama-yakka o‘ynashimiz, ularni biz bilan birga yugurishga majbur qilishimiz kerak edi, chunki bu jamoa to‘psiz yugurishni yoqtirmaydi. Hatto to‘pni qaytarib olgan paytlarimizda ham birinchi paslar, birinchi qabul lar jahon chempionati yarim finali darajasiga mos bo‘lmadi. Mana shu omillarning barchasi yig‘ilib, mag‘lubiyatga olib keldi, — deya Mbappening so‘zlarini M6 manbasiga tayanib RMC Sport keltiradi.","""Biz ularga o'yin tempini belgilashga imkon berdik, aynan shu yerda yutqazdik. Fabian Ruis va Rodri juda ko'p bo'sh joyga ega bo'lishdi, pressingda o'zaro tushunish yetishmadi. Biz yakkama-yakka o'ynab, ularni bizga ergashishga majbur qilishimiz kerak edi. Birinchi paslarimiz ham yarim final darajasiga mos kelmadi. Shu omillar mag'lubiyatga olib keldi"", - dedi Mbappe RMC Sport'ga."
"Mbappe Frantsiya – Ispaniya oʻyinining eng yomon oʻyinchisi boʻldi, gol urgan Porro esa 7,9 ball bilan eng yaxshi boʻldi Frantsiya – Ispaniya (0:2) yarim final uchrashuvidan so‘ng GOL Indeksi bo‘yicha eng yuqori bahoni Ispaniya terma jamoasi himoyachisi Pedro Porro qo‘lga kiritdi. Gol muallifi bo‘lgan futbolchiga 7,9 bahosi qo‘yildi. Frantsiya terma jamoasida eng past bahoni Kilian Mbappe oldi – 5,5. Frantsiya terma jamoasi baholari: – darvozabon: Mayk Menyan (5,6); – himoya: Lyuka Din’ (6,1), Dayo Upamekano (6,6), Jyul’ Kunde (6,5), Vilyam Saliba (5,8); – yarim himoya: Orel’yen Tchuameni (6,8), Adrien Rab’yo (7,3); – hujum: Usman Dembele (6,4), Kilian Mbappe (5,5), Maykl Olise (6,5), Bredli Barkolya (6,1). – zahiradagilar: Teo Ernandes (6,2), Maksans Lakrua (6,6), Kuadio Kone (6,7), Rayan Sherki (6,7), Dezire Du’e (6,2).","Fransiya-Ispaniya (0:2) yarim finalidan so'ng eng yuqori bahoni gol muallifi, ispaniyalik himoyachi Pedro Porro oldi - 7,9 ball. Fransiya terma jamoasida eng past bahoni Kilian Mbappe oldi - 5,5 ball. Boshqa fransuz futbolchilaridan Menyan 5,6, Din' 6,1, Upamekano 6,6, Kunde 6,5, Saliba 5,8, Tchuameni 6,8, Rab'yo 7,3, Dembele 6,4, Olise 6,5, Barkolya 6,1 baho oldi."
"Bellingemning JCh-2026 yarim finalida argentinalik futbolchining boshiga urgani sababi ma'lum bo‘ldi Jurnalistlar ingliz yarim himoyachisi Jud Bellingem nega jahon chempionati — 2026 yarim finalida Angliya – Argentina uchrashuvi yakunlangandan so‘ng argentinalik Valentin Barkoga zarba bergani sabablarini aniqlashdi. As nashri ma’lumotlariga ko‘ra, Enzo Fernandez javob golini urganidan keyin Valentin Barko zahira o‘rindigini tark etib, Angliya terma jamoasi o‘yinchilari oldida juda namoyishkorona tarzda golni nishonlagan. Uchrashuv tugashini bildiruvchi so‘nggi svistokdan so‘ng esa u Bellingemga ispanchada haqoratomuz so‘zlar aytgan. Barko Bellingem ispan tilini tushunmaydi, deb o‘ylagan. Ammo «uch sher» yarim himoyachisi Ispaniya chempionatida to‘p surgani bois aytilgan gaplarni anglab yetgan. Shuning ortidan Jud Bellingem Valentina Barkoga qo‘li bilan bosh orqa qismiga zarba bergan.","Jahon chempionati yarim finalida Angliya-Argentina o'yinidan keyin ingliz yarim himoyachisi Jud Bellingem argentinalik Valentin Barkoning boshiga zarba bergan. As nashriga ko'ra, Enzo Fernandes gol urgani vaqtida Barko golni namoyishkorona nishonlab, o'yin tugagach Bellingemga ispanchada haqorat aytgan - u Bellingem ispan tilini tushunmaydi deb o'ylagan. Ammo Bellingem Ispaniya chempionatida o'ynagani uchun gaplarni tushungan va shu sababdan Barkoning boshiga zarba bergan."
"Jahon chempionatida esa u Frantsiya terma jamoasi tarkibida oltita to‘liq bo‘lmagan uchrashuvda maydonga tushdi, ammo gol yoki golli pas bilan ajralib tura olmadi.","Jahon chempionatida u Fransiya terma jamoasi tarkibida oltita to'liq bo'lmagan o'yinda maydonga tushdi, ammo gol yoki golli pas bilan ajralib turmadi."
"Husanov jahon chempionatida muhim figura bo‘lib chiqdi O‘zbekiston milliy terma jamoasi va Angliyaning «Manchester Siti» klubi himoyachisi Abduqodir Husanov 2026 yildgi jahon chempionatida yuqori statistik ko‘rsatkichlar qayd etdi. Jahon chempionati bosh tashkilotchisi FIFA ma’lumotlariga ko‘ra, o‘zbekistonlik futbolchi musobaqada ishtirok etgan barcha o‘yinchilar orasida uzatmalar soni bo‘yicha oltinchi o‘rinni egalladi. Himoyachilar kesimida esa Abduqodir kuchli uchlikdan joy olgan. Bu ko‘rsatkichlar Husanovning nafaqat himoyani mustahkam ushlashda, balki terma jamoa hujumlarini boshlashda ham muhim figuraga aylanganini ko‘rsatadi. Futbolchi topsiz o‘yin epizodlarida ham faolligi bilan ajralib turdi. 22 yoshli markaziy himoyachi Kolumbiya, Portugaliya va Kongo Demokratik Respublikasi hujumkor futbolchilarini 11 marta xatoga yo‘l qo‘yishga majbur qildi, 23 holatda raqibga sezilarli bosim o‘tkazdi va sakkiz bor to‘pga ega bo‘lgan futbolchiga bevosita pressing qo‘lladi.","O'zbekiston va ""Manchester Siti"" himoyachisi Abduqodir Husanov 2026 jahon chempionatida yuqori statistik ko'rsatkichlar qayd etdi. FIFA ma'lumotiga ko'ra, u uzatmalar soni bo'yicha barcha o'yinchilar orasida oltinchi, himoyachilar orasida esa kuchli uchlikdan joy oldi. Bu uning nafaqat himoyani mustahkam saqlashda, balki hujumni boshlashda ham muhim rol o'ynaganini ko'rsatadi. 22 yoshli himoyachi Kolumbiya, Portugaliya va Kongo DR hujumchilarini 11 marta xatoga majbur qildi, 23 holatda bosim o'tkazdi va 8 marta to'g'ridan-to'g'ri pressing qo'lladi."
"Shomurodov va Fayzullaev jamoasi Markaziy Osiyodan yana bir oʻyinchini soʻradi O‘zbekiston milliy terma jamoasi yetakchilari Eldor Shomurodov va Abbosbek Fayzullaev klublar miqyosida Turkiya Superligasida “Istanbul Boshakshehir” sharafini munosib himoya qilayotganligi bois, Markaziy Osiyodagi futbol ishqibozlari bu jamoa o‘yinlarini kuzatib bormoqda. O‘z navbatida, Istanbul klubi mutasaddilari va skautlari ham ushbu mintaqa futbolchilariga e’tibor qarata boshladi. Qozog‘iston futboli manbalarining ma’lum qilishicha, “Istanbul Boshakshehir” futbol klubi “Ordabasi” jamoasining 19 yoshli hujumchisi Jasulan Amirni sotib olish istagini bildirgan. Iqtidorli o‘yinchi transferi bo‘yicha tushgan takliflar haqida “Ordabasi” prezidenti Darxan Qizaybaev o‘z fikr-mulohazalarini va pozitsiyasini bildirdi. - Jasulan Amir bo‘yicha juda ko‘p takliflar bor. Klubni ham, futbolchini ham qoniqtiradigan taklif kelsa, biz uni albatta qabul qilamiz.","O'zbekiston terma jamoasi yetakchilari Eldor Shomurodov va Abbosbek Fayzullaev o'ynaydigan ""Istanbul Bashakshehir"" Markaziy Osiyodan yana bir futbolchiga qiziqmoqda. Qozog'iston manbalariga ko'ra, klub ""Ordabasi""ning 19 yoshli hujumchisi Jasulan Amirni sotib olishni istamoqda. ""Ordabasi"" prezidenti Darxan Qizaybaev: ""Amir bo'yicha ko'p taklif bor, klub va futbolchini qoniqtiradigan taklif kelsa, qabul qilamiz"", - dedi."
"Agar prognozlar tasdiqlansa va tiklanish to‘rt oy davom etsa, de Yong faqat noyabr oyida maydonga qaytishi mumkin va mavsum boshlanishining katta qismini o‘tkazib yuboradi. Niderlandiya terma jamoasi 2026 yildagi jahon chempionatining 1/16 finalida Marokashga penaltilar seriyasida mag‘lub bo‘lib (1:1, penaltilarda 2:3), musobaqani tark etgan edi.","Agar tiklanish to'rt oy davom etsa, de Yong noyabrgacha maydonga qaytmasligi mumkin. Niderlandiya 2026 jahon chempionati 1/16 finalida Marokashga penaltilarda (1:1, 2:3) mag'lub bo'lib, musobaqani tark etgan edi."
"""So'g'diyona"" 6 nafar futbolchini o'z safiga qo'shib oldi Jizzaxning ""So‘gdiyona"" jamoasi 6 nafar futbolchi bilan shartnoma imzolaganini e’lon qildi. Unga ko‘ra, ""bo‘rilar"" Milan Mitrovich, Shohjahon Sultonmurodov, Behruz Jumatov, Zenan Zaymovich, Behruz Asqarov va Jamshid Boltaboev bilan yil yakuniga qadar bitim tuzdi. Eslatib o‘tamiz, jizzaxliklar 11-turdan so‘ng 9 ochko bilan 15-pog‘onada bormoqda.","Jizzaxning ""So'g'diyona"" jamoasi 6 futbolchi bilan shartnoma imzoladi: Milan Mitrovich, Shohjahon Sultonmurodov, Behruz Jumatov, Zenan Zaymovich, Behruz Asqarov va Jamshid Boltaboev yil oxirigacha bitim tuzdi. Jizzaxliklar 11-turdan so'ng 9 ochko bilan 15-o'rinda turibdi."
"Afsonaviy Totti Shomurodov haqida aniq, lo‘nda va qattiq gapirdi! Italiya futboli afsonasi, butun faoliyatini faqat “Roma”da o‘tkazgan yulduz Franshesko Totti O‘zbekiston milliy terma jamoasi sardori va eng zo‘r to‘purari Eldor Shomurodov haqida fikr bildirdi. Ma’lumki, Eldor O‘zbekistonda “Mash’al” va “Bunyodkor”, Rossiyada “Rostov” klublarida o‘ynaganiidan keyin 2020 yili Italiya chempionatiga yo‘l olgan edi. Debyut mavsumida Italiyaning eng qadimiy klubi “Jenoa” uchun sakkizta gol urgan o‘zbek hujumchisini poytaxtning “Roma” klubi o‘z safiga qo‘shib olgan. Dastlab, rimliklar safida o‘zini ko‘rsata boshlagan Shomurodov jamoaga qimmatbaho hujumchi Temmi Abraham kelganidan keyin zahira o‘yinchisiga aylanib qoldi. O‘sha paytda “Roma”ni boshqargan Joze Mourinyo “Chelsi”dan kelgan yulduzga doimiy o‘yin amaliyotini berib, Shomurodovning ishtiyoqi va tayyorgarligi yuqori bo‘lgan vaqtlarda ham uni faqat bir necha daqiqaga zahiradan maydonga tushirdi xolos.","Italiya futboli afsonasi Franchesko Totti O'zbekiston sardori Eldor Shomurodov haqida fikr bildirdi. Shomurodov O'zbekiston va Rossiya klublaridan so'ng 2020 yilda Italiyaga o'tgan, ""Jenoa""da 8 gol urgandan keyin ""Roma"" uni sotib olgan. Rimliklarda o'zini ko'rsata boshlagan Shomurodov jamoaga Temmi Abraham kelgach zahiraga tushib qolgan - o'sha paytdagi murabbiy Joze Mourinyo unga faqat qisqa vaqt o'yin bergan."
"Angliya 1:2 Argentina: Jahon chempionati yarim finali o'yinchilari bahosi Лионел Месси майдонда яна бир бор ўзининг жозибали ўйинини намойиш этди, Ҳарри Кейн эса учрашувга жиддий таъсир кўрсата олмади. Жордан Пикфорд Иккала голда ҳам дарвозабоннинг айби катта эмас эди. Гонсалеснинг аниқ зарбасини қайтаргани ўйиндаги энг ёрқин эпизодлардан бири бўлди, аммо натижа фонида бу эпизод иккинчи ўринда қолди. 7 Рис Жеймс Ўз қанотини тўлиқ назорат қилди ва жароҳатдан кейин асосий таркибга қайтарилганини тўлиқ оқлади. 7 Жон Стоунз Ўйиннинг сўнгги ўн дақиқасигача ҳимояда ишончли ўйнади, аммо ўйин амалиёти етишмаслиги охирги дақиқаларда сезилди. 7 Марк Гуэҳи Англия ҳимоясининг энг ишончли бўғини яна бир бор хатосиз ўйнади, аммо шунга қарамай мағлуб жамоа таркибида қолди. 7 Жжед Спенс Унга ишонмаганларнинг ўйиндан кейин гапи қолмади.","Angliya 1:2 Argentina jahon chempionati yarim finalidan so'ng o'yinchilar bahosi: Lionel Messi yana ajoyib o'yin ko'rsatdi, Garri Keyn esa jiddiy ta'sir ko'rsata olmadi. Jordan Pikford ikkala golda ham aybdor emasdi. Rays Jeyms - 7, Jon Stouns - 7, Mark Gueyxi - 7, Jjed Spens ham yaxshi o'ynadi."
"""Manchester Siti"" mundial kagfiyoti bilan kelishuvga erishdi «Manchester Siti» «Lill» yarim himoyachisi Ayub Buaddi bilan shartnoma imzolash arafasida turibdi. Italiya nashrlarining yozishicha, angliyalik klub 19 yoshli marokashlik futbolchi bilan 2031 yilgacha mo‘ljallangan shartnoma borasida printsipial kelishuvga erishgan. Endilikda eng asosiy masala – transfer uchun to‘lanadigan miqdor bo‘yicha klublar o‘rtasidagi muzokaralar. «Lill» prezidenti Olivye Letanning ta’kidlashicha, u Buaddi uchun 135 million evrodan ko‘proq mablag‘ olishni kutmoqda. «Agar Andersonning «Manchester Siti»ga taxminan 157 million yevroga o‘tayotganini, Tonalining esa «Tottenxem»ga 135 million atrofidagi summaga transfer qilinganini ko‘rsam, ularning rivojlanish salohiyati Ayubnikidek emasligini inobatga olgan holda, o‘z futbolchim uchun o‘z bahom paydo bo‘ladi», – deya Letanning so‘zlarini keltiradi Onefootball. O‘tgan mavsumda Buaddi 42 ta o‘yinda maydonga tushib, bir bor golli uzatma muallifi bo‘ldi.","""Manchester Siti"" ""Lill"" yarim himoyachisi Ayub Buaddi bilan 2031 yilgacha shartnoma imzolash arafasida. Asosiy masala - transfer summasi. ""Lill"" prezidenti Olivye Letan Buaddi uchun 135 million yevrodan ko'proq kutmoqda, buni Andersonning 157 million va Tonalining 135 million yevroga o'tganini solishtirib asoslaydi. O'tgan mavsum Buaddi 42 o'yinda 1 golli pas bergan."
"O'zbekiston AQSh chempionatida rekord o'rnatadi O‘zbekiston tarixda ilk bor ayollar o‘rtasidagi yakka razryaddagi US Open asosiy to‘rida bir vaqtning o‘zida uch nafar sportchi bilan ishtirok etadi. «Katta dubulğa» turkumiga kiruvchi mavsumdagi so‘nggi musobaqaga to‘g‘ridan-to‘g‘ri yo‘llanmani dunyo reytingining 78-raketkasi Kamilla Rahimova va WTA tasnifi bo‘yicha 84-o‘rinda turgan Mariya Timofeeva qo‘lga kiritdi. Har ikki tennischi ham musobaqaning asosiy to‘ri ishtirokchilari rasmiy ro‘yxatiga kiritilgan. Yana bir o‘zbekistolik tennischi – dunyoda 111-raketka sifatida qayd etilgan Polina Kudermetova ham asosiy to‘rga qo‘shilishi mumkin. Hozircha u zahira ro‘yxatida birinchi o‘rinni egalab turibdi va qayd etilgan ishtirokchilardan biri musobaqani tark etsa, uning o‘rnini egallaydi. Shu tariqa, O‘zbekiston AQSh ochiq chempionatida tarixiy natija qayd etish arafasida turibdi.","O'zbekiston tarixda ilk bor ayollar yakka razryadida US Open asosiy to'riga bir vaqtda uch sportchi bilan chiqadi. Kamilla Rahimova (dunyo reytingida 78-o'rin) va Mariya Timofeeva (84-o'rin) to'g'ridan-to'g'ri yo'llanma oldi. Yana bir o'zbekistonlik Polina Kudermetova (111-o'rin) zahira ro'yxatida birinchi bo'lib, kimdir chiqib qolsa uning o'rniga kiradi. Shu tariqa O'zbekiston US Openda tarixiy natijaga erishish arafasida."
"Ronald ""An-Nasr""ga o‘zi bilan o‘ynagan futbolchini olib keladi Portugaliya terma jamoasi sardori Krishtianu Ronalduning tarkibida to‘p surayotgan Saudiya Arabistonining amaldagi chempioni «An-Nasr» klubi yarim himoya chizig‘idagi yo‘qotish o‘rnini to‘ldirdi. Yozgi transfer oynasida erkin agent sifatida jamoani tark etgan tajribali tayanch yarim himoyachi Marselo Brozovich o‘rniga yangi futbolchi tanlandi. Insayder Fabrizio Romano «X» ijtimoiy tarmog‘ida xabar berishicha, Riyod klubi Ispaniyaning «Malyorka» jamoasi yarim himoyachisi Samu Koshta bilan kelishuvga erishgan. Tomonlar o‘rtasidagi bitim shartlari to‘liq ochiqlanmagan, ammo transfer bo‘yicha barcha asosiy masalalar hal etilgani aytilmoqda. Manbaga ko‘ra, 25 yoshli portugalialik futbolchi garchi unga Germaniyaning «RB Leyptsig» klubidan ham rasmiy taklif bo‘lgan bo‘lsa-da «An-Nasr» taklifini qabul qilgan.","Saudiya Arabistoni chempioni ""An-Nasr"" (Ronaldu o'ynaydigan klub) yarim himoyachi bo'shlig'ini to'ldirdi - Marselo Brozovich ketganidan keyin Ispaniyaning ""Malyorka"" yarim himoyachisi Samu Kostani olishga kelishdi. Fabrizio Romano ma'lumotiga ko'ra, bitim shartlari to'liq oshkor qilinmagan, ammo asosiy masalalar hal bo'lgan. 25 yoshli portugaliyalik futbolchi Germaniyaning ""RB Leyptsig"" taklifiga qaramay ""An-Nasr""ni tanlagan."
"Mamlakatning turli hududlarida odamlar kaltaklash, pichoqlanish ehtimoli bor hujumlar, tok urishi va yo‘l-transport hodisalari oqibatida halok bo‘lgan. Ommaviy axborot vositalari xabariga ko‘ra, Fayaz Tajrian Argentina – Misr o‘yinni tomosha qilish uchun ketar ekan, mototsiklda yo‘l hodisasiga uchrab vafot etgan. Mustafa Qoziy esa futbol yuzasidan kelib chiqqan bahs chog‘ida sovuq qurol bilan o‘ldirilgan. Maxidul Islom esa bayramona nishonlash paytida uning ustiga futbol darvozasi ag‘darilib ketishi natijasida halok bo‘lgan. Xabigandjda mahalliy futbol uchrashuvidan so‘ng Braziliya va Argentina muxlislari o‘rtasidagi to‘qnashuvlarda yana o‘nlab odamlar turli tan jarohatlarini olgan. Tadqiqotlardan birida qayd etilishicha, 2022 yildgi jahon chempionati davrida Bangladeshda muxlislar guruhlari o‘rtasidagi to‘qnashuvlar oqibatida 23 nafar kishi halok bo‘lgan.","Turli mamlakatlarda futbol bilan bog'liq voqealarda odamlar halok bo'lgan: Fayaz Tajrian Argentina-Misr o'yinini tomosha qilgani ketayotib yo'l-transport hodisasida, Mustafa Qoziy futbol yuzasidan chiqqan bahsda, Maxidul Islom esa darvoza ag'darilishi natijasida vafot etgan. Xabigandjda mahalliy o'yindan keyin Braziliya va Argentina muxlislari o'rtasidagi to'qnashuvda ham o'nlab kishi jarohat olgan. 2022 yilgi jahon chempionati davrida Bangladeshda muxlislar to'qnashuvlarida 23 kishi halok bo'lgan."
"Messi «Oltin to‘p» uchun asosiy da’vogarlar ro‘yxatida ikkinchi o‘ringa ko‘tarildi «Oltin to‘p» uchun virtual kurashda vaziyat jahon chempionati davomida ko‘z o‘ngida o‘zgarib bormoqda. Garri Keyn o‘zining ajoyib gollari tufayli hali ham asosiy da’vogar sifatida ko‘rilayotgan bo‘lsa-da, Lionel Messi imkoniyatlari sezilarli oshdi. Eng nufuzli bukmekerlar va tahlilchilar bahosiga ko‘ra, u hozirda ehtimoliy g‘oliblar orasida ikkinchi o‘ringa ko‘tarilgan. Eng kuchli olti nomzod qatorida Ispaniya terma jamoasi yulduzi Lamin Yamal, musobaqani tark etgan Frantsiya terma jamoasi yetakchisi Kilian Mbappe, shuningdek, yarim finalda to‘xtab qolgan Djud Bellingem va Usman Dembele ham bor. Ular uchun jahon chempionati yakunlangan bo‘lsa-da, «Oltin to‘p» uchun umumiy baholashda hali ham asosiy figuralardan biri bo‘lib qolmoqda.","Jahon chempionati davomida ""Oltin to'p"" uchun kurashda vaziyat o'zgardi. Garri Keyn hamon asosiy da'vogar bo'lsa-da, Lionel Messi imkoniyati sezilarli oshib, ikkinchi o'ringa ko'tarildi. Boshqa kuchli nomzodlar - Lamin Yamal, Kilian Mbappe, Jud Bellingem va Usman Dembele, ular musobaqani tark etgan bo'lsa-da hamon asosiy figuralardan hisoblanadi."
"Bundan tashqari, Eldor o‘zi ishtirok etgan musobaqalarning har birida gol urish bo‘yicha o‘z an’anasini davom ettirib, 2026 yildagi jahon chempionatida ham raqib darvozasini ishg‘ol qildi. Shomurodovning Kongo Demokratik Respublikasi terma jamoasi darvozasiga kiritgan to‘pi jahon chempionati guruh bosqichining eng chiroyli goli sifatida e’tirof etildi.","Eldor har doim ishtirok etgan musobaqada gol urish an'anasini davom ettirib, 2026 jahon chempionatida ham raqib darvozasini ishg'ol qildi. Uning Kongo DR darvozasiga urgan goli guruh bosqichining eng chiroyli goli deb topildi."
"Mbappe: Topshiriq bajarildi, Oliseni ""Real""ga o'tishga ko'ndirdim «Real Madrid» hujumchisi Kilian Mbappe klub prezidenti Florentino Peresga «Bavariya» yulduzi Maykl Oliseni madridliklar safiga qo‘shilishga ko‘ndirganini ma’lum qildi, deb xabar bermoqda Bild. Ma’lumotlarga ko‘ra, bu suhbat Jahon chempionati paytida, Mbappe va Olise Fransiya terma jamoasi sharafini himoya qilayotgan bir paytda bo‘lib o‘tgan. Mbappe do‘sti transferi masalasida qat’iy turib olgani aytilmoqda. U musobaqa davomida deyarli har kuni «Bavariya» hujumchisi bilan muloqot qilib, Ispaniya grandiga o‘tishning afzalliklarini tushuntirgan. Manbalarga ko‘ra, Mbappe Olisega «Real» unga muhtoj ekanini ta’kidlagan, shu bilan birga Madriddagi hayotni ham maqtagan — shahar muhiti, restoranlar va iqlim haqida ijobiy fikr bildirgan.","""Real Madrid"" hujumchisi Kilian Mbappe klub prezidenti Florentino Peresga ""Bavariya"" yulduzi Maykl Oliseni madridliklar safiga qo'shilishga ko'ndirganini aytdi, deb yozadi Bild. Bu suhbat jahon chempionati paytida, ikkalasi Fransiya terma jamoasida bo'lganda bo'lib o'tgan. Mbappe deyarli har kuni Olise bilan gaplashib, ""Real"" unga muhtojligini va Madriddagi hayotni maqtagan."
"Uning qo‘l ostida jamoa 2018 yilda jahon chempioni bo‘ldi, Millatlar ligasida g‘alaba qozondi, shuningdek, jahon chempionati-2022 va Yevro-2016 finaligacha yetib bordi. Zidan esa murabbiy sifatida faqat Madriddagi «Real» klubida ishlagan: u yerda jamoa bilan uch marta ketma-ket Chempionlar ligasida zafar quchdi va ikki bor Ispaniya chempioniga aylandi. 14 iyul kuni Arlington shahridagi stadionda Desham boshchiligidagi Fransiya terma jamoasi jahon chempionati-2026 yarim finalida Ispaniyaga 0:2 hisobida mag‘lub bo‘lib, finalga chiqish imkoniyatidan mahrum bo‘ldi.","Deshamp qo'l ostida jamoa 2018 yilda jahon chempioni bo'lgan, Millatlar ligasini yutgan, 2022 jahon chempionati va Yevro-2016 finaliga chiqqan. Zidan esa faqat ""Real""da murabbiylik qilgan - u yerda uch marta ketma-ket Chempionlar ligasini yutgan va ikki marta Ispaniya chempioni bo'lgan. 14 iyulda Fransiya jahon chempionati-2026 yarim finalida Ispaniyaga 0:2 yutqazib, finalga chiqolmadi."
"«Real» UEFAdan «Barselona»ni Negreyra davrida yutilgan sovrinlardan mahrum qilishni so'radi Madridning «Real» klubi rahbariyati Yevropa futbol assotsiatsiyalari ittifoqi (UEFA)ga rasmiy murojaat yo‘llab, «Barselona»ni sobiq Ispaniya Haqamlar texnik qo‘mitasi vitse-prezidenti Xose Mariya Enrikes Negreyrа faoliyat yuritgan davrda qo‘lga kiritgan barcha sovrinlaridan mahrum etishni so‘radi. Bu haqda AS nashri xabar berdi. Ma’lumotlarga ko‘ra, Negreyrа La Liga hakamlar qo‘mitasida 2001 yildan 2018 yilgacha rahbar lavozimida ishlagan. Shu oraliqda «Barselona» 30 dan ortiq sovrinni qo‘lga kiritgan, jumladan to‘qqiz marta Ispaniya chempioni bo‘lgan va to‘rt bor Chempionlar ligasida g‘olib chiqqan. Eslatib o‘tamiz, 2023 yilda «Barselona»ga pora olish va pora berish bilan bog‘liq ayblovlar qo‘yilgan edi.","Madridning ""Real"" klubi UEFAga rasmiy murojaat qilib, ""Barselona""ni sobiq hakamlar qo'mitasi rahbari Xose Mariya Enrikes Negreyra faoliyat yuritgan davrda (2001-2018) yutgan sovrinlaridan mahrum qilishni so'radi. Shu davrda ""Barselona"" 30 dan ortiq sovrin, jumladan 9 marta Ispaniya chempionligi va 4 marta Chempionlar ligasini yutgan. 2023 yilda ""Barselona""ga pora berish ayblovi qo'yilgan edi."
"Agar yaqin vaqt ichida kelishuvga erishilmasa, Rossiya klublari yozgi transfer oynasi davomida yangi futbolchilarni ro‘yxatdan o‘tkaza olmaslik xavfiga duch keladi. Mamlakatdagi yozgi transfer oynasi 11 sentyabrga qadar amal qiladi. Oxirgi paytda Rossiya Premier-ligasi vakili O‘zbekiston milliy terma jamoasi markaziy himoyachisi Jahongir O‘rozovning transferi ustida ishlayotgani haqida ma’lumotlar chiqqan edi. Ayni paytda qozonliklar futbolchiga egalik qiluvchi Samarqandning ""Dinamo"" jamoasi bilan muzokara o‘tkazmoqda. Rossiya klublariga yangi o‘yinchilarni ro‘yxatdan o‘tkazish taqiqi qo‘yilsa, bu O‘rozovning transferiga ta’sir qilishi mumkinmi? Bu masalaga Rossiya futbol ittifoqining (RFI) futbol subyektlarini ro‘yxatdan o‘tkazish, litsenziyalash va faoliyatini nazorat qilish departamenti direktori Roman Dyakov izoh berdi. - Rossiya klublariga futbolchilarni ro‘yxatdan o‘tkazish bo‘yicha ommaviy taqiqalar qo‘llanilishi mumkinligi haqidagi ma’lumotlar paydo bo‘lgani munosabati bilan FIFA mexanizmi aslida qanday ishlashi va nega chempionatimiz uchun tizimli xavflar mavjud emasligini tushuntirib o‘tamiz.","Agar yaqin vaqtda kelishuvga erishilmasa, Rossiya klublari yozgi transfer oynasida (11 sentyabrgacha) yangi futbolchi ro'yxatga ololmay qolishi mumkin. Rossiya klubi O'zbekiston himoyachisi Jahongir Orozovni Samarqandning ""Dinamo""sidan sotib olish ustida ishlamoqda. Rossiya Futbol Ittifoqi vakili Roman Dyakov bu taqiq Orozov transferiga ta'sir qilishi mumkinligi haqidagi savolga FIFA mexanizmi qanday ishlashini tushuntirib javob berdi."
"Argentinaда барча футбол ўйинлари бекор қилинди Argentina futbol assotsiatsiyasi mamlakatda 20 va 21 iyul kunlari o‘tkazilishi rejalashtirilgan barcha uchrashuvlarni bekor qildi. Bu qaror terma jamoaning 2026 yildgi jahon chempionatida ishtirok etgach, vataniqa qaytishi munosabati bilan qabul qilindi. AFA rasmiy saytida ma’lum qilinishicha, Superkubok uchrashuvlari, mamlakat chempionatining ikkinchi bosqichi hisoblanuvchi «Primera Nasionál», to‘rtinchi divizion – «Primera S» bellashuvlari, zahira tarkiblar chempionati, ayollar o‘rtasidagi milliy birinchilik, shuningdek, havaskorlar musobaqalari va futzal bo‘yicha AFA qo‘shidagi barcha turnirlar keyinroq muddatga ko‘chirilgan. Eslatib o‘tamiz, jahon chempionati finalida Ispaniya va Argentina terma jamoalari to‘qnash keladi. Bellashuv 19 iyul kuni N’yu-York shahrida bo‘lib o‘tadi.","Argentina futbol assotsiatsiyasi 20-21 iyul kunlaridagi barcha o'yinlarni terma jamoaning jahon chempionatidan qaytishi munosabati bilan bekor qildi. Superkubok, ""Primera Nasional"", ""Primera S"", zahira tarkiblar, ayollar birinchiligi va havaskorlar musobaqalari keyinga qoldirildi. Jahon chempionati finalida Ispaniya va Argentina 19 iyulda Nyu-Yorkda o'ynaydi."
"Sun'iy intellekt JCh-2026 finalida Ispaniya — Argentina oʻyini gʻolibini bashorat qildi Сунъий интеллект ChatGPT 2026 йилги жаҳон чемпионати финалидаги Испания терма жамоаси ва Аргентина жамоаси ўртасидаги баҳс юзасидан ўз прогнози билан ўртоқлашди. «Жамоаларнинг ҳозирги ҳолати Испания финалга турнирнинг энг барқарор жамоаларидан бири сифатида етиб келди. Луис де ла Фуэнте шогирдлари плей-офф босқичида Португалияни (1:0), Бельгияни (2:1) ва Францияни (2:0) мағлуб этди, шу уч ўйинда фақат битта гол ўтказиб юборди. Шу билан бирга, испанлар асосий ва қўшимча вақтни инобатга олганда 37 та ўйиндан бери мағлубиятга учрамаяпти. Аргентина эса яна бир бор чемпионга хос характерини намоён қилмоқда. Амалдаги жаҳон чемпиони плей-оффда Мисрни (3:2), Швейцарияни (3:1) ва Англияни (2:1) орқада қолдирди.","Sun'iy intellekt ChatGPT jahon chempionati finali - Ispaniya va Argentina o'yini bo'yicha prognoz qildi. Ispaniya barqaror holatda finalga keldi: de la Fuente shogirdlari pley-offda Portugaliya (1:0), Belgiya (2:1) va Fransiyani (2:0) mag'lub etib, faqat bitta gol o'tkazib yuborgan, 37 o'yindan beri mag'lub bo'lmagan. Argentina esa pley-offda Misr (3:2), Shveytsariya (3:1) va Angliyani (2:1) mag'lub etib, chempionga xos xarakter ko'rsatgan."
"“Arsenal” mundialda Angliya sharafini himoya qilgan futbolchiga taklif beradi Angliyaning amaldagi chempionm “Arsenal” mamlakat milliy terma jamoasi va “Aston Villa” klubi himoyachisi Ezri Konsani sotib olish bo‘yicha o‘z taklifini tayyorlamoqda. Bu haqida Daily Mail xabar berdi. Konsa mundialda o‘zini eng yaxshi tomondan ko‘rsatdi, ammo “Arsenal”ni nafaqat uning mundialdagi o‘yini, balki 28 yoshli himoyachining shartnoma bilan bog‘liq vaziyati ham qiziqtirmoqda. Konsa amaldagi shartnomasi yakunlanish arafasida, ammo “Aston Villa”ning yetakchi futbolchini yangi bitimga ko‘ndirishga qaratilgan barcha urinishlari hozircha samara bermayapti. Fransiya terma jamoasida Vilyam Saliba belidagi muammolarni yanada kuchaytirib olgani va bir necha oy maydondan chetda qolishi mumkinligi sababli, “Arsenal” Konsaga bo‘lgan qiziqishini kuchaytirdi va yaqin kunlarda rasmiy taklif bilan chiqishi kutilmoqda.","Angliya chempioni ""Arsenal"" ""Aston Villa"" himoyachisi Ezri Konsani sotib olish taklifini tayyorlamoqda, deb yozadi Daily Mail. Konsa mundialda yaxshi o'ynagan, uning shartnomasi ham tugash arafasida, ""Aston Villa""ning yangi bitim uchun urinishlari samara bermayapti. Fransiya himoyachisi Vilyam Salibaning jarohati tufayli bir necha oy o'ynay olmasligi ""Arsenal""ning Konsaga qiziqishini kuchaytirdi, yaqinda rasmiy taklif kutilmoqda."
"Argentina to'rtinchi jahon chempionati finalida mag'lub bo'lib, Germaniyaning antirekordini takrorladi Argentina jahon chempionati finallarida mag‘lubiyatlar soni bo‘yicha Germaniyaning antirekordini takrorladi. ChM-2026 musobaqasining hal qiluvchi bahsida Ispaniyaga qarshi uchrashuvda (0:1) qayd etilgan mag‘lubiyat argentinaliklar uchun jahon chempionati finallaridagi to‘rtinchi yo‘qotish bo‘ldi. Bundan oldin Argentina ilk bor ChM-1930 finalida Urugvayga (2:4) yutqazgan, keyinchalik esa ikki marta Germaniyaga mag‘lub bo‘lgan: ChM-1990 finalida (0:1) va ChM-2014 hal qiluvchi o‘yinida (0:1).","Argentina jahon chempionati finallaridagi mag'lubiyatlar bo'yicha Germaniyaning antirekordini takrorladi. ChM-2026 finalida Ispaniyaga (0:1) yutqazish argentinaliklar uchun to'rtinchi final mag'lubiyati bo'ldi - bundan oldin ular Urugvayga (1930, 2:4) va Germaniyaga ikki marta (1990, 0:1; 2014, 0:1) yutqazgan edi."
"Jahon chempionatidan so‘ng ikki o‘zbek futbolchining keskin narxi oshdi Transfermarkt портали экспертлари 2026 йилги жаҳон чемпионати якунланганидан кейин энг нуфузли мусобақада иштирок этган футболчиларнинг бозор қийматини янгилади. Янги баҳолаш натижасида Ўзбекистон терма жамоасининг икки ёш ҳимоячиси — Жаҳонгир Ўрозов ва Беҳруз Каримовнинг трансфер қиймати сезиларли даражада кўтарилди. 22 ёшли Ўрозовнинг баҳоси бир зумда 600 минг еврога кўтарилиб, 1,2 миллион еврога етди. Каримов трансфер қийматига эса 650 минг евро қўшиб, 1 миллион евро чегарасини забт этди. Жами ҳисобда икки футболчининг умумий қиймати 1,25 миллион еврога ошгани қайд этилган. Мутахассислар Жаҳонгир Ўрозовни ўзбек футболидаги янги авлоднинг энг истиқболли вакилларидан бири сифатида кўришмоқда. 190 сантиметр бўйга эга ҳимоячи ҳаводаги курашларда ишончли ўйнайди, позиция танлашда хато қилмайди ва майдоннинг чуқур қисмидан аниқ узатмалар билан ҳужумни бошлаб бериш қобилияти билан ажралиб туради.","Transfermarkt jahon chempionatidan keyin futbolchilar bozor qiymatini yangiladi. O'zbekiston terma jamoasining ikki yosh himoyachisi - Jahongir Orozov va Behruz Karimovning transfer qiymati sezilarli oshdi: Orozovniki 600 ming yevroga oshib 1,2 million yevroga, Karimovniki 650 ming yevroga oshib 1 million yevroga yetdi. Jami ikkovining qiymati 1,25 million yevroga ko'tarildi. Mutaxassislar 190 sm bo'yli Orozovni o'zbek futbolining eng istiqbolli vakillaridan biri deb bilishadi - u havo kurashlarida ishonchli va aniq uzatmalar bilan hujumni boshlaydi."
"Uchrashuvlarda Abduqodirning o‘ziga nisbatan raqibar tomonidan olti marta qoida buzildi, shiddatli o‘ynagan himoyachining o‘zi esa ikki marta sariq kartochka oldi. Ochilishlar (bo‘sh zonaga harakatlanish) bo‘yicha statistika ham Husanovning to‘pni o‘yinga kiritishda qay darajada faol bo‘lganini namoyon etadi. Turnir davomida Abduqodir jamoadoshlaridan uzatma qabul qilish uchun 16 marta o‘zini taklif etgan: 13 epizodda to‘pdan oldinda joylashgan, ikki marta raqib ortiga ochilish qilgan va bir marta chiziqlar orasidagi bo‘sh hududni topgan. Shunday ochilishlarning yettitasi jamoaning taktik tuzilmasi doirasida, to‘qqiztasi esa undan tashqarida amalga oshirilgan. Bu raqamlar Husanov doimiy ravishda bo‘sh zonalarga siljib, O‘zbekiston terma jamoasiga raqib bosimi ostida to‘pni maydondan chiqarib olishda yordam berganini tasdiqlaydi.","Uchrashuvlarda Husanovga qarshi olti marta qoida buzilgan, o'zi esa ikki marta sariq kartochka olgan. Turnir davomida u uzatma qabul qilish uchun 16 marta o'zini taklif etgan: 13 marta to'pdan oldinda, ikki marta raqib ortiga, bir marta chiziqlar orasidagi bo'sh hududda. Bularning yettitasi jamoa taktikasi doirasida, to'qqiztasi undan tashqarida bo'lgan - bu Husanovning bo'sh zonalarga siljib, jamoaga to'pni bosim ostida chiqarishda yordam berganini ko'rsatadi."
"Mourin'yo “Real” tarkibidagi oltita “temir futbolchi”ni belgiladi Madridning “Real” klubi yangi bosh murabbiyi Joze Mourinyo kelasi mavsumda jamoaning asosiy o‘zagini qaysi yulduzlar tashkil etishini allaqachon belgilab olgan. Diario AS ma'lumotiga ko‘ra, quyidagi olti nafar futbolchining portugaliyalik mutaxassis qo‘l ostida asosiy tarkibdan joy olishi kafolatlangan: - Kilian Mbappe; - Vinisius Zhunior; - Jud Bellingem; - Federiko Valverde; - Tibo Kurtua; - jamoaning yangi futbolchisi Mark Kukurelya. Joze Mourinyo “Real” bosh murabbiyi lavozimini iyun oyi boshida egallagan. Jamoa o‘tgan mavsumni sovrinsiz yakunlaganidan keyin klubni tark etgan Alvaro Arbeloa o‘rniga aynan portugaliyalik mutaxassis olib kelindi va 2029 yilning yoziga davom etadigan shartnoma berildi.","""Real"" murabbiyi Joze Mourinyo kelasi mavsum jamoaning asosiy o'zagini belgiladi, deb yozadi Diario AS: Kilian Mbappe, Vinisius Junior, Jud Bellingem, Federiko Valverde, Tibo Kurtua va yangi futbolchi Mark Kukurelya asosiy tarkibda o'ynashi kafolatlangan. Mourinyo ""Real""ni iyun boshida qabul qilgan va 2029 yozigacha shartnoma imzolagan - jamoa o'tgan mavsumni sovrinsiz yakunlagach, Alvaro Arbeloa o'rniga kelgan."
"Opta superkompyuteri mundial finali favoritini aniqladi Opta superkompyuteri Ispaniya milliy terma jamoasini Argentina futbolchilariga qarshi bo‘lib o‘tadigan 2026 yildgi jahon chempionati finalida favorit, deb hisoblamoqda. Sun’iy intellekt tomonidan murakkab algoritmlar asosida o‘tkazilgan tadqiqot natijasiga ko‘ra, Ispaniyaning g‘alaba qozonish ehtimoli 56,31 foizga baholangan bo‘lsa, amaldagi chempion Argentinaga 43,69 foiz imkoniyat berilgan. Uchrashuv 19 iyul kuni AQSHning Nyu-Jersi shtati, Ist-Raterford shahrida joylashgan «Metlayf Stedium» arenasida bo‘lib o‘tadi. Mundial yarim finalida Argentina futbolchilari Tomas Tuxel boshqaruvidagi Angliyani 2:1 hisobida mag‘lub etgan bo‘lsa, Ispaniya o‘z qit’adoshi Fransiyadan 2:0 hisobida ustun kelgan.","Opta superkompyuteri Ispaniyani Argentinaga qarshi jahon chempionati finalida g'olib deb hisoblamoqda - Ispaniyaga 56,31%, Argentinaga 43,69% imkoniyat berilgan. Uchrashuv 19 iyulda Nyu-Jersidagi ""Metlayf Stedium""da bo'ladi. Argentina yarim finalda Angliyani 2:1, Ispaniya esa Fransiyani 2:0 mag'lub etgan edi."
"Yamalning uyini Ispaniya–Fransiya o‘yinidan so‘ng o‘g‘irlashga urinishdi, qochib ketgan o‘g‘rilarni politsiya qidirmoqda Ispaniyada Lamin Yamal yashaydigan uyni oʻmarishga urinish boʻldi. Hodisa Esplugues-de-Llobregat shahrida jahon chempionati-2026 doirasida Ispaniya va Fransiya terma jamoalari oʻrtasidagi oʻyin (2:0) yakunlangach, taxminan soat toʻrtlarda sodir boʻlgan. La Vanguardia nashri xabariga koʻra, futbolchi tomonidan yollangan qoʻriqchilardan biri videokuzatuv kameralari orqali uy devoriga chiqib olgan ikki nafar shaxsni payqagan. Ular balaklava kiygan boʻlib, birining kiyimi butunlay qora, ikkinchisinki esa kulrang rangda boʻlgan. Qoʻriqchilar tomonidan kuzatilayotganini anglab yetgan nomaʼlum shaxslar tezda devordan tushib, hodisa joyini tark etgan. Xususiy qoʻriqlash xizmati bu haqida politsiyaga xabar bergan, huquq-tartibot idoralari tekshiruvni boshlagan.","Ispaniya-Fransiya o'yinidan (2:0) keyin Lamin Yamal yashaydigan uyni o'g'irlashga urinish bo'ldi - voqea Esplugues-de-Llobregat shahrida sodir bo'lgan. La Vanguardia yozishicha, qo'riqchilar videokuzatuv orqali devorga chiqqan ikki balaklavali shaxsni payqagan, ular kuzatilayotganini bilib tezda qochib ketgan. Xavfsizlik xizmati politsiyaga xabar bergan, tekshiruv boshlangan."
"“Siti” 25 nafar futbolchi bilan xayrlashadi. Xaridorlar uchrashuvga taklif etildi “Манчестер Сити” раҳбарияти сешанба куни ўтказиладиган ўзига хос кўргазмали учрашувга бир нечта клублар вакилларини таклиф қилди. Унда тахминан 25 нафар футболчи иштирок этади ва Англия Чемпионшипи ҳамда Европа клублари ушбу ўйиндан сўнг ўзларига маъқул келган ўйинчилар ижараси ёки доимий трансфери бўйича музокаралар олиб бориш имкониятига эга бўлади. Ҳозирча Жек Грилиш ва Калвин Филлипс ижарадан қайтганидан кейин ушбу ўйинда иштирок этиши маълум эмас, уларнинг келажаги ҳозирча мавҳум бўлиб турибди. “Этиҳод”да 10 йил фаолият юритган Хосеп Гвардиола клубдан кетганидан кейин “шаҳарликлар”нинг келажаги қандай бўлиши ҳаммани қизиқтириб турибди. Янги бош мураббий Энцо Мареска эса, ўзининг дебют мавсумига ҳозирлик кўриш баробарида жамоани янги мавсумга пухта тайёрлашга бел боғлаган.","""Manchester Siti"" seshanba kuni bo'ladigan ko'rgazmali o'yinga bir nechta klub vakillarini taklif qildi - unda taxminan 25 futbolchi ishtirok etadi, Angliya Chempionshipi va Yevropa klublari ijaraga olish yoki transfer bo'yicha muzokara olib borishlari mumkin. Jek Grilish va Kalvin Filliksning ijaradan qaytgach ishtirok etishi hali noma'lum. Gvardiola ketganidan keyin klubning kelajagi hammani qiziqtirmoqda, yangi murabbiy Enzo Mareska esa jamoani yangi mavsumga tayyorlamoqda."
"Argentina futboli rahbari AQSh tomonidan qo‘lga olindi AQSh Federal tergov byurosi (FBR) jahon chempionati finali yakunlangach, Nyu-York aeroportida Argentina futbol assotsiatsiyasi (AFA) prezidenti Klaudio Tapiani hibsga oldi. Bu haqida argentinalik TN telekanali xabar berdi. Ma'lumotlarga ko‘ra, Tapia va assotsiatsiyaning boshqa vakillaridan noutbuklar hamda mobil telefonlar olib qo‘yilgan. Hujjatlarda qayd etilishicha, Klaudio Tapia, AFA g‘aznachisi Pablo Tovigino va tashkilot rahbariga yaqin tadbirkor sifatida tilga olinayotgan Xavyer Faroni 30 iyul kuni Florida shtati Janubiy okrugi sudida ko‘rsatma berishi kerak. Bu voqea AFA bilan bog‘liq moliyaviy va tijorat bitimlari yuzasidan olib borilayotgan tekshiruvlar fonida sodir bo‘ldi. Oxirgi haftalarda ayniqsa Faroni va uning rafiqasi tomonidan Janubiy Floridada kamida to‘rtta lyuks ko‘chmas mulk xarid qilinishi bo‘yicha surishtiruv faollashgan.","AQSh FTB jahon chempionati finalidan keyin Nyu-York aeroportida Argentina futbol assotsiatsiyasi (AFA) prezidenti Klaudio Tapiani hibsga oldi, deb yozadi TN telekanali. Tapia va boshqa vakillardan noutbuk va telefonlar olib qo'yilgan. Tapia, AFA g'aznachisi Pablo Tovilino va tadbirkor Xavyer Faroni 30 iyulda Florida sudida ko'rsatma berishi kerak. Voqea AFA bilan bog'liq moliyaviy tekshiruv fonida sodir bo'ldi - Faroni va rafiqasining Janubiy Floridada to'rtta luks ko'chmas mulk sotib olishi ham surishtirilmoqda."
"Barcha hamkorlarimizga ularning tajribasi va ishga sadoqati uchun minnatdorchilik bildiramiz va kelgusi FIFA turnirlarida ham bu hamkorlikni yanada rivojlantirishni rejalashtirganmiz, — dedi FIFAning musobaqalar adolati masalalari boʻyicha katta menejeri Liam Rich. Shu tariqa, FIFA Ispaniya terma jamoasi gʻolib chiqqan jahon chempionati natijalarini shubha ostiga qoʻyish uchun asos topmadi. Endi shu kabi monitoring tizimi kelgusi musobaqalarda, jumladan, 2027 yildagi ayollar oʻrtasidagi jahon chempionatida ham qoʻllaniladi.","""Barcha hamkorlarimizga tajribasi va sadoqati uchun minnatdorchilik bildiramiz, kelgusi FIFA turnirlarida ham hamkorlikni davom ettiramiz"", - dedi FIFA vakili Liam Rich. FIFA Ispaniya g'olib chiqqan jahon chempionati natijalarini shubha ostiga qo'yish uchun asos topmadi. Xuddi shu monitoring tizimi 2027 yilgi ayollar jahon chempionatida ham qo'llaniladi."
"Shuningdek, kontsert dasturiga nigeriyalik qo‘shiqchi Burna Boy, mashhur dirijyor Gustavo Dudamel, maktab xori PS22 Chorus, shuningdek, bolalar uchun mo‘ljallangan «Ulitsa Sezam» va «Mappet-shou» loyihalari qahramonlarining chiqishlari ham kiritilgan. Bundan tashqari, final o‘yini boshlanishidan taxminan bir yarim soat oldin chempionatning yopilish marosimi o‘tkaziladi. Unda Robbi Uilyams, Nikol Sherzinger va gollivud aktyori Tom Kruz ishtirok etishi rejalashtirilgan. Tadbir Global Citizen xayriya tashkiloti hamkorligida o‘tkaziladi. Undan tushadigan mablag‘lar bolalarning ta’lim va sportga bo‘lgan imkoniyatlarini kengaytirishga qaratilgan maxsus jamg‘armani qo‘llab-quvvatlashga yo‘naltiriladi.","Konsert dasturida Burna Boy, dirijyor Gustavo Dudamel, PS22 Chorus xori va bolalar uchun ""Ulitsa Sezam"" hamda ""Mappet-shou"" qahramonlari ham chiqadi. Final boshlanishidan bir yarim soat oldin yopilish marosimi bo'ladi, unda Robbi Uilyams, Nikol Sherzinger va Tom Kruz ishtirok etadi. Tadbir Global Citizen tashkiloti bilan hamkorlikda o'tkaziladi, mablag'lar bolalar ta'limi va sportini qo'llab-quvvatlashga yo'naltiriladi."
"Qator manbalarning ta'kidlashicha, aynan Misr futbol federatsiyasining bosimi Frantsiyalik hakamni jahon chempionatining qolgan o‘yinlarida ishlaydigan referilar ro‘yxatidan chiqarish to‘g‘risidagi qarorga ta'sir ko‘rsatgan bo‘lishi mumkin. Eslatib o‘tamiz, Leteksye 2024 yildgi Yevropa chempionati finali — Ispaniya va Angliya o‘rtasidagi bellashuvda bosh hakam sifatida ishlagan va Yevro tarixida hal qiluvchi o‘yinni boshqargan eng yosh bosh hakam sifatida qayd etilgan edi. 2026 yildgi jahon chempionatida esa u musobaqaning eng nufuzli referilaridan biri sifatida ko‘rilayotgandi.","Bir qator manbalarga ko'ra, Misr futbol federatsiyasining bosimi fransuz hakami Letekseyeni jahon chempionatining qolgan o'yinlari ro'yxatidan chiqarishga ta'sir qilgan bo'lishi mumkin. Letekseye 2024 Yevro finalida (Ispaniya-Angliya) bosh hakam bo'lgan va Yevro tarixidagi eng yosh final hakami edi, mundialda ham eng nufuzli referilardan biri hisoblanardi."
"Sabab — menyudagi burgerni hazilomuz tarzda «yumaloq bulka, Mbappe boshiga o‘xshaydi» deb ta’riflagani. Shundan so‘ng bloger futbolchini «diktatura»da aybladi. Internetdagi bu hazil tez orada yirik trendga aylandi: Kilianni klub va terma jamoada barcha hokimiyatni qo‘lga olgan, avtoritar rahbar sifatida tasvirlash odatga aylandi. Unga «keraksiz» murabbiylarni (masalan, Xabi Alonso) chetlash, transfer siyosatiga qattiq aralashish va jamoadoshlari ustidan qattiq nazorat o‘rnatish kabi «huquqlar» nisbat berilmoqda. Jahon chempionati-2026 paytida mem yana bir bor avj oldi: ijtimoiy tarmoqlarda fransuz yulduzini general kiyimida tasvirlovchi neyrotarmoq rasmlari ommaviy ravishda yaratilmoqda, stadionlarga harbiy formada kelayotgan muxlislar ko‘paydi, Mbappe hatto Kongo hukmdori Mobutu bilan ham qiyoslana boshlandi.","Voqea sababi - blogerning menyudagi burgerni hazil bilan ""Mbappe boshiga o'xshaydi"" deb ta'riflashi bo'lgan, shundan keyin u Mbappeni ""diktatura""da aybladi. Bu hazil katta trendga aylanib, Mbappe klub va terma jamoada hokimiyatni qo'lga olgan avtoritar rahbar sifatida tasvirlana boshladi - unga murabbiylarni chetlashtirish, transferga aralashish kabi ""huquqlar"" nisbat berilmoqda. 2026 mundial paytida mem yana avj oldi: ijtimoiy tarmoqlarda uni general kiyimida tasvirlagan rasmlar tarqaldi, harbiy formada muxlislar ko'paydi."
"Qiziqi shundaki, 2024 yilda Ispaniya terma jamoasi Yevropa chempionatida g‘olib chiqqanidan so‘ng ham shu an’ana takrorlangan edi: o‘shanda Navasga 64,7 kilogramm, Ruizga esa 83,2 kilogramm pomidor berilgan.","Qiziqarlisi, 2024 yilda Ispaniya Yevro chempioni bo'lganda ham shu an'ana takrorlangan: Navasga 64,7 kg, Ruizga 83,2 kg pomidor berilgan."
"Eslatib o‘tamiz, Erve Renar o‘z faoliyati davomida ikki marta Afrika millatlar kubogida g‘olib chiqqan: 2012 yilda Zambiya, 2015 yilda esa Kot-d’Ivuar terma jamoasi bilan qit’a chempioni bo‘lgan.","Erve Renar ikki marta Afrika millatlar kubogida g'olib chiqqan: 2012 yilda Zambiya, 2015 yilda Kot-d'Ivuar terma jamoasi bilan."
"O‘zbekistonning jahon chempionatlaridagi birinchi goliga Abbosbek Fayzullaev mualliflik qilgan bo‘lsa, Eldor Shomurodovning Kongo darvozasiga kiritgan to‘pi guruh bosqichining eng chiroyli goli sifatida e’tirof etildi.","O'zbekistonning jahon chempionatlaridagi birinchi goli Abbosbek Fayzullaevga tegishli, Eldor Shomurodovning Kongoga urgan goli esa guruh bosqichining eng chiroyli goli deb topildi."
"Argentina jahon chempionatidagi mag‘lubiyatdan keyin sud da’vosini tayyorlamoqda Argentina futbol assotsiatsiyasi (AFA) 2026 yilgı jahon chempionati paytida Argentina terma jamoasi va uning futbolchilari haqida yoyilgan, assotsiatsiya fikricha, soxta ma’lumotlar uchun ommaviy axborot vositalari hamda ijtimoiy tarmoq foydalanuvchilariga qarshi keng ko‘lamli yuridik kampaniya boshlashga tayyorlanmoqda. Argentina nashri La Nación ma’lumotiga ko‘ra, AFA tuhmat bo‘yicha sud da’volarini tayyorlamoqda. Da’volar soxta ayblovlar, montaj qilingan tasvirlar, tekshirilmagan bayonotlar va asoslanmagan nashrlar bilan bog‘liq bo‘ladi. Assotsiatsiya yuristlari allaqachon dalillar to‘plashni boshlagan: skrinshotlar, maqolalar, ijtimoiy tarmoqdagi postlar va boshqa materiallar yig‘ilmoqda. Xabar qilinishicha, AFA e’tibor markazida yirik ommaviy axborot vositalari, X ijtimoiy tarmog‘idagi akkauntlar, Instagram sahifalari va boshqa platformadagi manbalar bo‘ladi.","Argentina futbol assotsiatsiyasi (AFA) jahon chempionati paytida terma jamoa haqida tarqatilgan soxta ma'lumotlar uchun ommaviy axborot vositalari va ijtimoiy tarmoq foydalanuvchilariga qarshi sud da'volari tayyorlamoqda, deb yozadi La Nación. Da'volar soxta ayblovlar, montaj qilingan tasvirlar va asossiz nashrlar bilan bog'liq bo'ladi. AFA yuristlari skrinshotlar, maqolalar va ijtimoiy tarmoq postlarini dalil sifatida to'plamoqda, e'tibor markazida yirik OAV va ijtimoiy tarmoq akkauntlari bo'ladi."
"O'zbekistonning guruhdagi raqiblari ma'lum bo'ldi Yaponiya’da bo‘lib o‘tadigan 2026 yildgi XX Osiyo o‘yinlarining futbol musobaqalariga qur’a tashlash marosimi bo‘lib o‘tdi. Qur’a natijalariga ko‘ra, Ravshan Haydarov boshqaruvidagi O‘zbekiston U-23 terma jamoasi nufuzli musobaqaning “S” guruhida Vyetnam, Filippin, Kuvayt bilan kuch sinashadigan bo‘ldi. Osiyo o‘yinlarining futbol turniri 15 sentabr kuni boshlanadi va 3 oktyabr kuni yakunlanadi. Qur’aning umumiy natijalari quyidagicha ko‘rinish oldi: A guruhi Yaponiya Tailand Qirg‘iz Respublikasi Gonkong B guruhi Xitoy BAA Eron KXDR C guruhi Vyetnam O‘zbekiston Filippin Kuvayt D guruhi Koreya Respublikasi Saudiya Arabistoni Qatar","Yaponiyada bo'ladigan 2026 Osiyo o'yinlari futbol turniri qur'a tashlash marosimi bo'lib o'tdi. Ravshan Haydarov boshqaruvidagi O'zbekiston U-23 terma jamoasi ""S"" guruhida Vyetnam, Filippin va Kuvayt bilan kuch sinashadi. Turnir 15 sentyabrda boshlanib, 3 oktyabrda yakunlanadi."
"Ushbu reytingdan jami 12 ta gol joy oldi. Eng yaxshi gol muxlislar ovozi orqali aniqlanadi, ovoz berish 48 soat davom etadi. Nominantlar orasida Ispaniya terma jamoasi hujumchisi Ferran Torresning Argentinaга qarshi finalda urgan (qo‘shimcha daqiqalarda 1:0) g‘alaba goli ham bor. Da’vogarlar to‘liq ro‘yxati quyidagicha: Karim Alaybegovich (Bosniya va Gertsegovina, Qatarga qarshi), Xulian Al’vares (Argentina, Shveytsariyaga qarshi), Jud Bellingem (Angliya, Fransiyaga qarshi), Sidni Kabral (Kabo-Verde, Argentinalga qarshi), Erling Xoland (Norvegiya, Braziliyaga qarshi), Vilson Izidor (Gaiti, Marokashga qarshi), Elayidja Djast (Yangi Zelandiya, Eronga qarshi), Dayzen Maeda (Yaponiya, Shvetsiyaga qarshi), Kilian Mbappe (Fransiya, Senegalga qarshi), Lionel Messi (Argentina, Jazoirga qarshi), shuningdek, yuqorida keltirilganidek Eldor Shomurodov va Ferran Torres nomzodi ham bor.","Eng yaxshi gol reytingiga 12 ta gol kiritildi, g'olib muxlislar ovozi bilan 48 soat ichida aniqlanadi. Nomzodlar orasida Ferran Torresning finalda Argentinaga urgan g'alaba goli (qo'shimcha vaqtda, 1:0) ham bor. Boshqa nomzodlar: Karim Alaybegovich, Xulian Alvares, Jud Bellingem, Sidni Kabral, Erling Xoland, Vilson Izidor, Elayidja Djast, Dayzen Maeda, Kilian Mbappe, Lionel Messi, Eldor Shomurodov."
Taqdirlash marosimi davomida Donald Tramp Ispaniya terma jamoasining g‘alaba lahzalaridan ham faol ko‘rindi: u jahon kubogini g‘oliblarga shaxsan topshirdi va ispan futbolchilari chempionlik suratga tishayotganda ham sahnadan uzoq vaqt ketmay turdi.,Taqdirlash marosimida Donald Tramp ham faol ko'rindi - u jahon kubogini g'oliblarga shaxsan topshirdi va ispan futbolchilari surat olayotganda ham sahnada uzoq turdi.
"Superliga klubi yozgi transferda 10 nafarcha yangi futbolchini musobaqaga qo‘shishi mumkin Суперлига регламентининг 11.4-бандида клуб ёзги трансфер ойнасида беш нафар футболчи ва бир нафар дарвозабонни мусобақа учун рўйхатдан ўтказиши мумкинлиги қайд этилган. Бугунга келиб Суперлига футбол клублари Ўзбекистон Республикаси Президентининг 2026 йил 24 мартдаги “Спорт соҳасини молиялаштириш механизмларини такомиллаштириш ва соҳага тадбиркорлик субектларини жалб қилишни кенгайтириш чора-тадбирлари тўғрисида”ги 107-сонли қарори асосида молиялаштирилмоқда. Айни вақтда профессионал футбол клубларининг фаолият юритиш тартиби, бунда уларнинг маҳаллий, чет эллик футболчилари, ходимларига иш ҳақи ва бошқа тўловларни мутаносиб миқдорларда тўланишини кўзда тутувчи норматив-ҳуқуқий ҳужжат лойиҳаси, шунингдек, Спорт соҳасида ташаббусларни қўллаб-қувватлаш жамғармасининг фаолият юритиш тартиби ишлаб чиқилмоқда.","Superliga reglamentining 11.4-bandiga ko'ra, klub yozgi transfer oynasida 5 futbolchi va 1 darvozabonni ro'yxatga olishi mumkin edi. Hozir klublar O'zbekiston Prezidentining 2026 yil 24 martdagi 107-son qarori asosida moliyalashtirilmoqda. Bunda mahalliy va xorijiy futbolchilar, xodimlarga maosh to'lovlari tartibini belgilaydigan hujjat, shuningdek sport sohasini qo'llab-quvvatlash jamg'armasi faoliyat tartibi ishlab chiqilmoqda."
