text,text_simplified
"Bu davrda Xorazmda oʻzgarishlar boʻlib, Maʼmun vafot etib, uning oʻrniga Ali ibn Maʼmun taxtga chiqqan edi. 997-yilda mashhur tabib Abu Ali Ibn Sino ham Urganchga keladi. 998-yil Beruniy Jurjonga keldi. U Jurjonda 1004-yilgacha yashaydi. Oʻzining oʻn beshga yaqin asarini shu yerda yaratdi. Jumladan, olimning „Qadimgi xalqlardan qolgan yodgorliklar“ asari 1000-yil atrofida shu yerda yozilgan. 1004-yilning bahorida Beruniy Xorazmga qaytdi. Bu vaqtda Xorazmning poytaxti Urganj edi. Urganchda u Oy tutilishini kuzatdi. Saroyda al-Masihiy, tabib al-Hammar, Ibn Iroq va boshqalar ishlar edilar. Urganjda Beruniy matematika, astronomiya bilan bir qatorda fizika va mineralogiyaning baʼzi masalalari bilan shugʻullandi. Minerallarni aniqlash, ularni tizimga solishda solishtirma ogʻirliklardan foydalanish gʻoyasi ham mana shu yerda tugʻildi. 1017-yilning yozida turkiy podsho Mahmud Gʻaznaviyning buyrugʻiga koʻra Beruniy asir sifatida Gʻaznaga olib ketildi.","Bu davrda Xorazmda Ma'mun vafot etib, o'rniga Ali ibn Ma'mun kelgan. Beruniy Jurjonga borib, u yerda o'n besh ga yaqin asar yozgan, jumladan ""Qadimgi xalqlardan qolgan yodgorliklar"". 1004-yilda Xorazmga qaytib, Urganchda ilmiy ish olib borgan. 1017-yilda u Mahmud G'aznaviy tomonidan asir sifatida G'aznaga olib ketilgan."
"Oʻsha paytda Xorazmdagi hukmron Afrigʻiylarga xayrixoh edi, 995-yil Katni, Xorazmning ikkinchi poytaxti, Gurganj (Urganch)ning amiri Maʼmun ibn Muhammad bosib oladi va Afrigʻiylar sulolasini taxtdan agʻdardi va natijada Beruniy vatanini tashlab Buxoroga ketdi. U yerda u Ibn Sino bilan yozishmalar olib borgan va bu ikki olim oʻrtasida fikr almashilgan. U oʻzining „Geodeziya“ asarida 990-yil Kat shahrining geografik kengligini aniqlaganini yozadi. Maʼlumki, geografik kenglikni aniqlash uchun geografiya, matematika va astronomiyadan yetarlicha bilimga ega boʻlish lozim. Ray shahriga (hozirgi Tehron yaqinida) keladi. U Rayda mashhur olim — matematik va astronom al-Xoʻjandiy, tabib va faylasuf ar-Roziylar bilan tanishadi. Beruniy Rayda oʻzining „Al-Faxriy sekstanti“ risolasini yozadi. 997-yil Beruniy Katga qaytdi.","995-yilda Ma'mun ibn Muhammad Xorazmning hukmron sulolasini ag'darib tashlagan, shu sabab Beruniy Buxoroga ketib, u yerda Ibn Sino bilan yozishgan. Keyin Ray shahriga borib, u yerdagi olimlar bilan tanishgan va ""Al-Faxriy sekstanti"" asarini yozgan. 997-yilda Beruniy Katga qaytgan."
"Abu Rayhon Muhammad ibn Ahmad Al-Beruniy (4-sentyabr, 973-yil, Kat (hozirgi Qoraqalpogʻistonning Beruniy tumani), Xorazm, — 13-dekabr, 1048-yil, Gʻazna) — Islom oltin davrining zabardast Xorazmlik qomusiy allomalaridan biri. Turkiy olim sifatida ilmiy jihatdan muhim hisoblangan koʻplab asarlar yozib qoldirgan. Gʻarb mamlakatlarida uning ismi Aliboron deb ham atalgan. Al-Beruniy nomi forscha „birun“ („chet“ degan maʼnoni anglatadi) soʻzidan olingan boʻlib, u Afrigʻiy Xorazmshohlar poytaxti Kat shahrining chekka tumanida tugʻilgan. Beruniy oʻz hovlisida turli gullarni parvarishlashni yoqtirgani uchun unga „Rayhon“ laqabini ham berishadi. Al-Beruniy hayotining dastlabki 25 yilini Xorazmda oʻtkazdi, u yerda islom, fiqh, ilohiyot, grammatika, riyoziyot, falakiyot, tibbiyot va falsafa, fizika va boshqa ilmlar bilan ham shugʻullandi.","Abu Rayhon Beruniy (973–1048) — Islom oltin davrining zabardast xorazmlik qomusiy olimi. U Kat shahrida tug'ilgan va hayotining dastlabki 25 yilini Xorazmda islom, matematika, falakiyot va boshqa fanlarni o'rganishga bag'ishlagan."
"0,(9) yoki 0,999… („nol va davrda toʻqqiz“) matematikada oʻnli davriy kasr boʻlib, 1ga tengdir. Yaʼni „0,999…“ ham, „1“ ham aynan bir sondir. Ushbu ayniyatni isbotlovchi bir necha matematik isbot mavjud. Masalan: 1 3 0,333 … 0 , ( 3 ) ""; 1 3 ⋅ 1 3 0,999 … 0 , ( 9 ) . yoki x 0 , ( 9 ) ; 10 x 9 , ( 9 ) ; 10 x − x 9 , ( 9 ) − 0 , ( 9 ) ; 9 x 9 , 0 ;"" x 1.","0,(9), ya'ni 0,999... matematikada 1 ga teng bo'lgan o'nli davriy kasr hisoblanadi. Bu ayniyatni bir necha matematik usul bilan isbotlash mumkin."
"Qolganlarini quyidagicha taqsimlash mumkin: matematikaga doirlari — 22 ta""; astronomik asboblar haqida — 10 ta; astrologiklari — 21 ta; turli fanlar (fizika, mineralogiya, adabiyot, tarix va boshqalar) — 38 ta;"" turli tillardan tarjima asarlar — 21 ta. Beruniyning bu asarlaridan atigi 30 ga yaqini bizning kunlargacha yetib kelgan. Beruniy yoshligidayoq koʻp vaqtini turli kuzatishlar bilan oʻtkazgan. U bolaliastronomik asbob yasagan. Xorazmning turli joylari koordinatalarini aniqlash bilan shugʻullangan va 995–996-yillarda Kat shahrida diametri 15 ziroʻ (Ziroʻ — qadimgi oʻlchov birligi, 49 santimetr chamasida) boʻlgan doira va boshqa asboblar bilan astronomik oʻlchash ishlarini olib borgan. Beruniyning 152 asari maʼlum boʻlib, bizgacha uning faqat 30 tasi yetib kelgan.","Beruniyning asarlari matematika, astronomiya, astrologiya va boshqa fanlarga oid bo'lib, ulardan atigi 30 tasi bizgacha yetib kelgan. U yoshligidayoq astronomik asboblar yasab, Xorazmning turli joylarida o'lchash ishlarini olib borgan. Beruniyning 152 asari ma'lum, lekin faqat 30 tasi saqlanib qolgan."
"16S rRNK — prokaryotik organizmlar ribosomalarning asosini tashkil etuvchi rRNKning uchta asosiy turidan biri hisoblanadi. Prokaryotik mikroorganizmlarda jami uch xil rRNK topilgan: 23S va 5S ribosomaning katta boʻlinmasida (50S), 16S esa ribosomaning kichik boʻlinmasida (30S) joylashgan. Bu ribosomal RNKdagi S ning manosi shuki — makromolekulalarning choʻkish tezligini bildiradi. Qancha makromolekula katta boʻlsa raqamham shuncha kattalashib boradi. Bu uchta tur ribosomalar eukaryotik organizmlarda ham uchraydi faqat 16S rrnk oʻrniga analogi 18S rrnk boʻladi. Bugungi kunga qadar 16S rRNK va 18S rRNKdagi nukleotidlar ketma-ketligi turli yovvoyi tabiatning 400 dan ortiq turlarida oʻrganilgan. 16S rRNK gen ketma-ketligi asosan bakteriyalar va arxeyalarning filogenetikasini oʻrganishda qoʻllanadi. 2010-yildan buyon ushbu mavzu boʻyicha tadqiqotlarni birlashtirgan Earth Microbiome loyihasi ishga tushirildi.","16S rRNK — prokaryotik organizmlar ribosomasining asosiy qismlaridan biri bo'lib, kichik ribosoma bo'linmasida joylashadi. Eukaryotlarda uning o'rniga 18S rRNK bo'ladi. 16S rRNK ketma-ketligi bakteriya va arxeylarning kelib chiqishini o'rganishda ishlatiladi."
"Shuningdek, 16S rRNK gen ketma-ketligi patogen bakteriyalar boʻyicha tibbiy tadqiqotlar uchun ishlatiladi.. 16S rRNK birinchi boʻlib 1959-yilda Eyzenberg va Litaur Escherichia coli bakteriyaning RNKsining fizik xususiyatlarini oʻrganish boʻyicha tajribalar davomida ajratib olingan. RNK va DNK eritmalarining qovushqoqliklarini solishtirishga asoslanib, ular RNKni bir zanjirli molekula ekanligini aniqladi. Bakterial hujayralardan ajratilgan RNK molekulalarini ajratishda choʻkma koeffitsientlari qiymatlarida farq qiluvchi ikkita RNK fraktsiyasi aniqlandi. Engil fraktsiya uchun koeffitsient 16S ga, ogʻirroq fraktsiya uchun esa 25S ga teng boʻLgan. Keyinchalik, 1960-yillarda A. Belozerskiy va A. Spirin rRNK barcha hujayra RNKsining 80-90 % ni tashkil etishini aniqladilar. Shuningdek, ular birinchi marta prokaryotik va eukaryotik organizmlarda rRNKning tuzilishi va tarkibidagi farqni tasvirlab berdilar.",16S rRNK gen ketma-ketligi patogen bakteriyalarni tibbiy tadqiq qilishda ham ishlatiladi. Uni birinchi bo'lib 1959-yilda olimlar E. coli bakteriyasidan ajratib olishgan. Keyinchalik rRNK hujayra RNKsining aksariyat qismini tashkil etishi aniqlangan.
"Yoqut Al-Xamaviyning fikricha „Masʼud qonuni“ kitobi matematika va astronomiya boʻyicha ungacha yozilgan barcha kitoblarning izini oʻchirib yuborgan. Olim Sulton Masʼudning oʻgʻli Mavdudning hukumronlik yillarida (1041–1049) oʻzining „Mineralogiya“ va „Farmakognoziya“ deb atalgan ikki asarini yozadi. Ularning har biri mazkur sohalardagi betakror asarlardan boʻlib, jahon madaniyatiing noyob durdonalaridan hisoblanadi. Abu Rayxon Beruniy 1048-yili Gʻaznada vafot etadi. Olim yozib qoldirgan 150 ga yaqin asarlari bilan astronomiya, astrologiya, matematika, geodeziya, geologiya, mineralogiya, geografiya, arifmetika, tabobat, farmokognoziya, tarix, filologiya va boshqa fanlarning rivojiga noyob xissa qoʻsha oldi. Beruniyning betakror ijodi uning vatani Oʻzbekistonda alohida eʼtibor qozongan. Al-Beruniyning aksariyat asarlari arab tilida boʻlsa-da, u „Kitob at-Tafhim“ni fors va arab tillarida yozib, bu ikkala tilda ham yoza olish mahoratini koʻrsatgan.","Yoqut Al-Xamaviyning fikricha, ""Mas'ud qonuni"" kitobi undan oldingi barcha ilmiy kitoblarni ortda qoldirgan. Beruniy ""Mineralogiya"" va ""Farmakognoziya"" asarlarini ham yozgan. U 1048-yilda G'aznada vafot etib, 150 ga yaqin asar bilan ko'p fanning rivojiga hissa qo'shgan."
"Beruniyning 65-qamariy/63-shamsiy yilgacha (427/1036-yil oxiri) yozilgan adabiy asarlari roʻyxatida 12 toifaga boʻlingan 103 ta nom keltirilgan: astronomiya, matematik geografiya, matematika, astrologiya xususiyatlari va tranzitlar, astronomik asboblar, xronologiya, kometalar, nomsiz turkum, astrologiya, latifalar, dinga oid va boshqa kitoblar. Takhqīq mā li-l-Hind (Hindistondagi voqealarning tanqidiy tadqiqoti, qabul qilish yoki rad etish sababi""; تحقيق ما للهند من مقولة معقولة في العقل أو مرذولة), xalq orasida Kitāb al-Hind (Hindiston haqida kitob) nomi bilan mashhur); Ingliz tilidagi tarjimalarida Indica yoki Al-Beruniyning Hindistoni deb ataladi. Bu asar Hindiston dini va falsafasining toʻplamidir. Kitob at-tafhim li avoili sinoat al-tanjim (Astrologiya sanʼati elementlari boʻyicha koʻrsatmalar kitobi);"" Forscha. Qadimgi xalqlardan qolgan yodgorliklar (الآثار الباقية عن القرون الخالية), madaniyatlar va sivilizatsiyalar taqvimlarining qiyosiy tadqiqi (xristian diniga oid bir qancha boblarni oʻz ichiga oladi), unda matematik, astronomik va tarixiy maʼlumotlar keltirilgan.","Beruniyning 1036-yilgacha yozilgan asarlari ro'yxatida 12 toifaga bo'lingan 103 nom bor. Uning eng mashhur asari ""Hindiston haqida kitob"" bo'lib, unda Hindiston dini va falsafasi to'plangan. ""Qadimgi xalqlardan qolgan yodgorliklar"" asarida esa turli xalqlarning taqvimlari qiyoslangan."
"Aerodinamik kuch — suyuqlik (gaz)da harakat qilayotgan jism sirtiga taʼsir etuvchi kuch. Quyidagi formuladan aniqlanadi: bunda: suyuqlik (gaz)ning jismdan uzoqdagi zichligi, v — jism tezligi; S—aerodinamik koeffisient; S — jismning kesim yuzi. Harakatdagi jism sirtining har bir unsuriga taʼsir etuvchi Aerodinamik kuchlarni bitta teng taʼsir etuvchi kuch bilan almashtirish mumkin (toʻla Aerodinamik kuch va bosh moment — aerodinamik moment). Aerodinamik kuchni uchta proeksiyaga ajratish mumkin: Harakat yoʻnalishiga qarshi boʻlgan kuch — aerodinamik qarshilik X\ Tezlik yoʻnalishiga perpendikulyar boʻlgan koʻtarish kuchi U;"" Yon kuch — A va Y kuchlarga perpendikulyar kuch. Tula Aerodinamik kuch baʼzan toʻla aerodinamik qarshilik deb ataladi.""","Aerodinamik kuch — suyuqlik yoki gazda harakatlanayotgan jismga taʼsir qiluvchi kuch. U jismning tezligi va shakliga bogʻliq formula bilan hisoblanadi. Jism sirtining turli qismlariga taʼsir etuvchi kuchlarni bitta umumiy kuch bilan almashtirish mumkin — bu toʻla aerodinamik kuch deyiladi. Uni uchga ajratish mumkin: harakatga qarshi qarshilik kuchi, tezlikka perpendikulyar koʻtarish kuchi va ularga perpendikulyar yon kuch. Toʻla aerodinamik kuch baʼzan toʻla aerodinamik qarshilik deb ham ataladi."
"Bu ish koʻp vaqt, katta mablagʻ va puxta tayyorgarlik talab qilardi. Bu haqda Beruniy: „Yer aylanasi uzunligini sahroni kezib yurmasdan quyidagicha aniqlash mumkin. Buning uchun dengiz sohilidagi yoki tekis joyda qad koʻtarib turgan baland toqqa koʻtarilib quyosh chiqishi yoki botishi oldidan quyosh gardishining yarmi ufq orasida boʻlgan vaqtda doirali armillyar asbob bilan uning pasayish burchagi oʻlchanadi“ deydi. Ufq pasayishini oʻlchash usulini chizma va formulalar yordamida tushuntiradi. Bunda, togʻ tepasida quyosh chiqishi yoki botishiga qarab koʻrish nurining togʻ tepasidan oʻtgan gorizontal chiziq bilan hosil qilgan burchak oʻlchanadi. Abu Rayhon Beruniy Yerning kattaligini oʻlchashda yangi usul qoʻllab, bir gradus meridian yoyning uzunligi 111,16 kilometr ekanligini hisoblab chiqargan.","Bu ish koʻp vaqt, mablagʻ va tayyorgarlik talab qilgan. Beruniy Yer aylanasini choʻlni kezmasdan ham hisoblash mumkinligini aytgan: dengiz boʻyidagi baland togʻga chiqib, quyosh chiqishi yoki botishida uning pasayish burchagini asbob bilan oʻlchash kerak. U bu usulni chizma va formulalar bilan tushuntirgan. Shu usul bilan Beruniy bir gradus meridian yoy uzunligini 111,16 kilometr deb hisoblagan."
"SSSR Vazirlar Kengashining Mehnat va ish haqi masalalari boʻyicha Davlat qoʻmitasida ishlagan (1955-1961): iqtisodchi, katta iqtisodchi, sektor boshligʻi, boʻlim boshligʻi oʻrinbosari sifatida. 1958-1960-yillarda Moskva davlat universitetining siyosiy iqtisod kafedrasida dars bergan. 1961-yilda u Fanlar akademiyasining Sibir boʻlimining Iqtisodiyot va sanoat ishlab chiqarishini tashkil etish institutida sektor mudiri boʻldi, ikki yildan soʻng iqtisod fanlari doktori darajasini oldi, yana bir yildan soʻng — SSSR Fanlar akademiyasining muxbir aʼzosi unvoniga sazovor boʻldi. IEOPP (1962-1965) va Novosibirsk davlat universiteti (1965-1966) iqtisodiy-matematik tadqiqotlar laboratoriyasi mudiri, iqtisodiyotda statistik va matematik usullarni qoʻllash laboratoriyasi direktori (1966). 1966-yilda 33 yoshida IEOPP direktori boʻldi va 1984-yilgacha shu lavozimda qoldi.","1955-1961-yillarda SSSR Vazirlar Kengashi qoʻmitasida iqtisodchi boʻlib ishlagan, keyin Moskva universitetida dars bergan. 1961-yilda Sibir boʻlimi iqtisodiyot institutida sektor mudiri boʻlib, tez orada fan doktori va akademiya muxbir aʼzosi unvonlarini olgan. Bir necha ilmiy laboratoriya va institutga rahbarlik qilgan, 1966-yilda 33 yoshida IEOPP institutiga direktor boʻlib, 1984-yilgacha shu lavozimda ishlagan."
"NDU iqtisodiyot fakultetining asoschilaridan biri, u yerda dotsent (1962-1963), professor (1963-1985), siyosiy iqtisod kafedrasi mudiri (1963-1970) lavozimlarida ishlagan. Prezidium aʼzosi, SSSR Fanlar akademiyasi qoʻmitasining Iqtisodiy fanlar boʻyicha birlashgan ilmiy kengashi raisi (1966-1985), BAM muammolari boʻyicha ilmiy kengash raisi (1974-1987), SSSR Fanlar akademiyasi qoʻmitasining Sibirning tabiiy resurslarini kompleks oʻzlashtirish va ishlab chiqarish kuchlarini rivojlantirish muammolari boʻyicha ilmiy kengashi raisining oʻrinbosari („Sibir“ dasturi) (1979-1981). 1985-yildan yana Moskvada: SSSR Fanlar akademiyasining ishlab chiqarish kuchlari va tabiiy resurslarni oʻrganish komissiyasi raisi (1985-1989), Iqtisodiyot boʻlimi akademik-kotibi va SSSR Fanlar akademiyasi Prezidiumi aʼzosi (1986-1989). SSSR Vazirlar Kengashi / Rossiya Federatsiyasi hukumati huzuridagi Xalq xoʻjaligi akademiyasi rektori (1989 — 2002), 2002-yildan — u yerda „Iqtisodiyot nazariyasi va siyosati“ kafedrasi mudiri.","U Novosibirsk universiteti iqtisodiyot fakultetining asoschilaridan biri boʻlib, u yerda dotsent, professor va kafedra mudiri boʻlib ishlagan. Bir necha ilmiy kengash va qoʻmitalarga rahbarlik qilgan. 1985-yildan Moskvada Fanlar akademiyasining turli boʻlimlarida ishlagan, 1989-2002-yillarda Xalq xoʻjaligi akademiyasi rektori boʻlgan, keyin shu yerda kafedra mudiri sifatida faoliyatini davom ettirgan."
"Bunday hollarda ultratovush, kompyuter tomografiyasini qoʻllash bilan sinov punksiyasi yordamida diagnoz qoʻyish mumkin boʻladi. Abssessning keyinchalik avj olishida bemorning umumiy ahvoli sezilarli ravishda ogʻirlashadi. Harorat 39 °C gacha koʻtariladi (bemorning ertalab ahvoli yaxshilanib turganida). Leykotsitoz 15-20x10 litr ga yetadi, formulaning chapga siljigani maʼlum boʻladi, ECHT koʻtariladi. Ichki organlarda (jigarda, oʻpkada) yoki yirik qon tomirlari bilan yonma-yon joylashgan boʻlsa, abssess ayniqsa xatarlidir. Ular qorin yoki koʻkrak boʻshligʻini teshib oʻtgan hollarda yiringli peritonit yoki plevrit yuz beradi. Jarayon vena devoriga oʻtgudek boʻlsa, u holda progressiv tromboflebit avj oladi. Abssessni flegmonadan, gidradenitdan, gematomadan, churra tushishidan, anevrizmadan, xavfli oʻsmadan, shuningdek, sovuq abssess deb ataluvchidan farqlay bilish kerak.","Bunday holda kasallikni ultratovush, kompyuter tomografiya yoki punksiya yordamida aniqlash mumkin. Abssess kuchaygan sari bemor ahvoli ogʻirlashadi: harorat 39°C gacha koʻtariladi, qonda leykotsitlar oshadi. Abssess ichki organlarda yoki yirik tomirlar yonida boʻlsa, xavfliroq — u qorin yoki koʻkrak boʻshligʻiga yorilib peritonit yoki plevritga olib kelishi mumkin. Abssessni boshqa shishlar va oʻsmalardan farqlash muhim."
"Molekulyar genetika sohasida erishilgan muvaffaqiyatlar DNK kodining kashf etilishi (James D. Watson va Francis Crick, 1953)""; oqsil molekulalari tarkibiga kiruvchi aminokislotalarning biosintez jarayonida oqsil hosil boʻlishidagi ishtirokini taʼmin etuvchi irsiy axborot (kod) birligi boʻlgan nukleotidlar tripletining aniqlanishi (Marshall Nirenberg, G. Mattey, Severo Ochoa va Francis Crick, 1961—62); genning molekulyar-genetik taʼrifi izohlanishi (George Wells Beadle va Edward Lawrie Tatum); laboratoriya sharoitida DNK molekulasining sunʼiy sintez kilinishi (A. Kornberg, 1958);"" gen funksiyasi, yaʼni oqsil sintez qilinishi regulyatsiyasi molekulyar mexanizmining ochib berilishi (Francois Jacob, J. Mono, 1961-62) bilan bogʻliq. Bu sohada nazariy tadqiqotlarning rivojlanishi natijasida genetikaning amaliy sohasi — gen injeneriyasi va biotexnologiya paydo boʻldi.","Molekulyar genetikadagi muhim kashfiyotlar qatoriga quyidagilar kiradi: DNK kodining kashf etilishi (Watson va Krik, 1953), oqsil sintezida ishtirok etuvchi nukleotidlar tripleti — genetik kodning aniqlanishi (1961-62), genning molekulyar taʼrifi (Bidl va Teytum), DNKning laboratoriyada sunʼiy sintez qilinishi (Kornberg, 1958) hamda gen funksiyasini boshqaruvchi mexanizmning ochilishi (Jakob va Mono, 1961-62). Bu kashfiyotlar genetikaning amaliy sohasi — gen injeneriyasi va biotexnologiyaning paydo boʻlishiga olib keldi."
"Vodorod bilan birikib, ammiak, gidrazin va boshqa birikmalar, kislorod bilan oksidlar, metallar bilan nitridlar hosil qiladi. Azot oʻsimliklar uchun asosiy „oziq“lardan biridir. Mineral va organik birikmalari tuproqqa yogʻin-sochin bilan yoki oʻgʻit sifatida tushadi. Erkin azot ammiak sintezida, baʼzi kimyoviy reaksiyalarda inert muhit hosil qiluvchi sifatida, simobli termometrlardagi boʻshliqni toʻldirishda, yonuvchan suyuqliklarni bir idishdan ikkinchi idishga haydashda va boshqa maqsadlarda ishlatiladi. Suyuq azotdan past temperatura bilan bogʻliq boʻlgan ishlarda (kriostatlar, vakuum qurilmalar va boshqalarda) foydalaniladi. Azotning tabiiy birikmalari ammoniy xlorid va turli nitratlar (selitralar)dan iborat. Oʻrta Osiyoning quruq choʻl iqlimida koʻp miqdorda selitra toʻplanadi. Azot oqsillar, nuklein kislota,xlorofill va fermentlarning ajralmas tarkibiy qismi boʻlganligidan oʻsimliklar hayot faoliyatida asosiy ahamiyatga ega.","Azot vodorod bilan ammiak va boshqa birikmalar, kislorod bilan oksidlar, metallar bilan nitridlar hosil qiladi. U oʻsimliklar uchun muhim oziq modda hisoblanadi va tuproqqa yogʻin yoki oʻgʻit orqali tushadi. Erkin azot ammiak ishlab chiqarishda, kimyoviy jarayonlarda va past haroratli ishlarda (masalan suyuq azot sifatida) qoʻllaniladi. Azot oqsil, nuklein kislota, xlorofill va fermentlar tarkibiga kirgani uchun oʻsimliklar hayotida asosiy ahamiyatga ega."
"Aerob nafas olish vaqtida organik birikmalar oksidlanib, karbonat angidrid ajralib chiqadi. Anaerob sharoitda organik birikmalarning parchalanishi va bunda energiya ajralib chiqishi bijgʻish deyiladi. Tabiatda va xalq xoʻjaligida bakteriyalarning ahamiyati juda katta. Bakteriyalar tirik xujayralar tarkibiga kiradigan hamma kimyoviy elementlarning tabiatda aniqlanishida ishtirok etadi. Oʻsimlik va hayvon qoldiqlari sellyuloza, pentozalar, kraxmal, pektin moddalar va boshqalarni oʻzlashtira oladigan mikroorganizmlar ishtirokida parchalanib, pirovardida karbonat angidrid bilan suvga aylanadi. Tabiatda azot aylanishida ham mikroorganizmlarning roli katta. Hayvonlar oʻziga zarur azotli birikmalarni oʻsimlik oqsillaridan hosil qiladi. Hayvon va oʻsimlik oqsillari Bakteriya taʼsirida minerallashib, avval ammiakka, keyin nitrit va nitratlarga aylanadi. Ammoniyli tuzlar ham, nitratlar ham yuksak oʻsimliklar uchun oziq boʻladi, ular shu tuzlardan foydalanib, oʻz tanasida oqsil hosil qiladi.","Aerob nafas olishda organik moddalar oksidlanib karbonat angidrid ajraladi, kislorodsiz sharoitda esa bijgʻish jarayoni yuz beradi. Bakteriyalar tabiat va xoʻjalikda katta ahamiyatga ega — ular oʻsimlik-hayvon qoldiqlarini parchalab, azot aylanishida ishtirok etadi. Hayvon va oʻsimlik oqsillari bakteriyalar taʼsirida ammiakka, keyin nitrat va nitritlarga aylanadi, bular esa oʻsimliklar uchun oziq boʻladi."
"Bakteriya yuqori temperaturaga, odatda, chidamsiz, quritish, oftob, har xil kimyoviy moddalar bakteriyani oʻldiradi (dezinfeksiya, sterillash). Bakteriya sovuqqa juda chidamli, shu tufayli tuproqda qishlab chiqa oladi. Bakteriyaning koʻpi oval yoki yumaloq shaklli sporalar hosil qiladi. Bakteriya sporalari yuqori temperatura va zaharli moddalar taʼsiriga juda bardoshli. Sporalar qulay muhitga tushganda ulardan tayoqchasimon yoki vegetativ hujayralar paydo boʻladi. Bakteriyaning rivojlanish sikli har xil. Masalan: mikobakteriyalar boʻlinish yoʻli bilan ham, kurtaklanish yoʻli bilan ham koʻpayadi. Miksobakteriyalarning vegetativ hujayralari qisqaradi va kichrayib, yumaloq yoki oval shaklli mikrotsistalar hosil qiladi. Koʻpchilik bakteriyalar organik moddalarni, baʼzilari anorganik moddalarni oksidlash yoʻli bilan energiya oladi. Faqat kislorodli muhitda yashay oladigan bakteriyalar aeroblar, kislorodsiz muhitda yashaydigan bakteriyalar anaeroblar deyiladi.","Bakteriyalar yuqori haroratga chidamsiz — quritish, quyosh nuri va kimyoviy moddalar ularni oʻldiradi, lekin sovuqqa chidamli. Koʻpchiligi noqulay sharoitda spora hosil qilib, qulay muhitga tushganda qayta faollashadi. Bakteriyalarning koʻpayish usullari har xil boʻlib, ular organik yoki anorganik moddalarni oksidlash orqali energiya oladi. Kislorodli muhitda yashovchilar aeroblar, kislorodsiz muhitda yashovchilar anaeroblar deyiladi."
"Bakteriyalar (yunoncha soʻzdan olinganbasevara hisoblanib ular 2 xil guruhga boʻlinadi eukariot va prokariotlar. Bakteriyada hujayra pardasi, koʻp miqdorda dezoksiribonuklein kislota (DNK) va sodda yadro mavjud. Mitoxondriy va xloroplastlar odatda, boʻlmaydi, yadroning xromosomalari va qobigʻi koʻzga koʻrinmaydi. Bakteriyalar koʻndalangiga boʻlinish (baʼzan choʻzilish yoki kurtaklanish) yoʻli bilan koʻpayadi. Bakteriyalarning koʻp turi tayoqcha shaklida boʻladi. Biroq sharsimon, ipsimon yoki buralgan shaklli mikroorganizmlar uchraydi. Bakteriyaningning fiziologik xususiyatlari nihoyatda xilma-xil, ular biokimyoviy jihatdan juda faol. Bakteriyalar suvda, suv havzalari zaminida va boshqa joylarda tarqalgan. Ular yagona bir guruh boʻlmay, har xil yoʻllar bilan vujudga kelgan organizmlardir. Baʼzi bakteriyalar (masalan, ipsimon, azotobakter va boshqalar) koʻk-yashil suvoʻtlarga yaqin, ayrim bakteriyalar esa nursimon zamburugʻlar yoki aktinomitsetlar bilan urugʻdosh;"" spiroxetalar va boshqa baʼzi bakteriyalar bir hujayrali sodda hayvonlarga oʻxshaydi.""","Bakteriyalar eukariot va prokariot guruhlarga boʻlinadi. Ularda hujayra pardasi, DNK va sodda yadro bor, lekin mitoxondriy va xloroplast yoʻq. Bakteriyalar asosan koʻndalang boʻlinish yoʻli bilan koʻpayadi va shakli jihatidan tayoqcha, shar, ip yoki spiralsimon boʻlishi mumkin. Ular biokimyoviy jihatdan juda faol boʻlib, suv va tuproqda keng tarqalgan hamda kelib chiqishi har xil organizmlardir."
"Sanoatda suyultirilgan havoni parchalab olinadi. Azot turmushda ham juda kerakli hisoblanadi. Azot boshqa olisdagi sayyoralarda ham qattiq holatda uchraydi masalan,Uran sayyorasi sirtida qattiq holatda Azot(N) uchraydi. Azot(N) vodorod bilan bir necha xil moddalarni hosil qiladi. Azotning vodorodli birikmalari ichida eng muhimi va amaliyahamiyatga ega bõlgani ammiakdir. Uning molekularformulasi NH³ kõrinishda bõladi. Azot vodorodga nisbatan elektro-manfiy elementligi uchun ammiak molekulasiqutbli hisoblanadi. Azot — rangsiz, hidsiz gaz""; qaynash temperaturasi — 195,8°, suyuqlanish temperaturasi — 209,86°, 1 l azot 1,2506 g; 1 l suvda (0° da) 23,3 ml eriydi. Odatdagi sharoitda azot nihoyatda passiv, faqat litiy bilan birikishi mumkin;"" boshqa elementlar bilan qizdirilganda, bosim taʼsirida va katalizatorlar ishtirokidagina birika oladi.","Sanoatda azot suyultirilgan havodan ajratib olinadi. U kundalik hayotda ham muhim, hatto Uran sayyorasida qattiq holda uchraydi. Azotning eng muhim vodorodli birikmasi ammiak (NH3) boʻlib, molekulasi qutbli hisoblanadi. Azot — rangsiz, hidsiz gaz boʻlib, oddiy sharoitda juda passiv, faqat litiy bilan birikadi, boshqa elementlar bilan esa faqat qizdirilganda yoki katalizator ishtirokida birikadi."
"Misol „erkin tana“ atamasining kontekstga sezgirligini koʻrsatadi. Silindr erkin jismning bir qismi boʻlishi mumkin, u oʻz-oʻzidan erkin jism boʻlishi mumkin va u qismlardan iborat boʻlganligi sababli, bu qismlarning har biri oʻz-oʻzidan erkin tana boʻlishi mumkin. Eʼtibor bering, 1 va 2-rasm hali erkin tana diagrammasi emas. Toʻldirilgan erkin jism diagrammasida erkin jism unga taʼsir qiluvchi kuchlar bilan koʻrsatilgan. Erkin jismni erkin tushadigan jismdan ham farqlash kerak. Nyuton fizikasida oxirgi atama boshqa barcha kuchlar nolga teng boʻlgan sof tortishish taʼsiriga tushadigan jismni anglatadi. Eynshteynning umumiy nisbiylik nazariyasida tortishish fazo -vaqt egriligiga aylanadi, erkin tushayotgan jism hech qanday kuchga boʻysunmaydi va geodeziya boʻylab harakatlanuvchi jismdir.","""Erkin tana"" atamasi kontekstga bogʻliq boʻlib, bir butun jism ham, uning har bir qismi ham alohida erkin tana sifatida qaralishi mumkin. Erkin jism diagrammasida unga taʼsir qiluvchi barcha kuchlar koʻrsatiladi. Nyuton fizikasida erkin tushayotgan jism faqat tortishish kuchi taʼsirida boʻladi, Eynshteyn nazariyasida esa u fazo-vaqt egriligi boʻylab, hech qanday kuchsiz harakatlanadi."
"Sitologik tadqiqotlar tufayli irsiyatning moddiy asosi hisoblangan xromosomalar mavjudligi, ular soni har bir turning barcha individlari uchun bir xil boʻlishi aniqlandi. Genetika tarixida amerikalik genetik Thomas Hunt Morgan (1911) va uning xodimlari (K. Brijes, Alfred Sturtevant va Gregor Meller) tomonidan asoslab berilgan irsiyatning xromosoma nazariyasi alohida oʻrin tutadi. Bu nazariyaning ochilishida Morgan va xodimlarining jins genetikasi va belgilarning jins bilan bogʻliq holda hamda ularning birikkan holda irsiylanishini oʻrganish natijalari katta ahamiyat kasb etdi. Mazkur nazariyaga binoan organizmlar belgi va xususiyatlarining irsiylanishi irsiyat birligi — genlar orqali amalga oshadi;"" genlar xromosomalarda koʻp miqdorda hamda tegishli tarkibda chiziq-chiziq boʻlib joylashadi. Bitta xromosomada joylashgan genlar birgalikda irsiylanadi va ular birikkan genlar deb ataladi.""","Sitologik tadqiqotlar xromosomalarning irsiyat asosi ekanligini va ularning soni har bir turda bir xil boʻlishini aniqladi. Amerikalik olim Tomas Morgan va uning hamkorlari 1911-yilda irsiyatning xromosoma nazariyasini yaratgan. Bu nazariyaga koʻra, belgilar genlar orqali irsiylanadi, genlar esa xromosomalarda tartib bilan joylashadi. Bitta xromosomadagi genlar birga irsiylanib, birikkan genlar deb ataladi."
"Fosfolipidlar, fosfatidlar — murakkab lipidlar, molekulalarida fosfat kislota qoldiqlari boʻladi. Fosfolipid tarkibiga glitserin, yogʻ kislotalari, aldegidlar va azotli birikmalar (xolin, etanolamin, serii) kiradi. Glitserofosfatidlar [fosfatidilxolin (letsitin), fosfatidiletanolamin (kefalin), fosfatidilserin, fosfatidilinozit, kardiolipin] va fosfosfingolipidlar — fingomiyelinlar Fosfolipidning muhim vakillari. Fosfolipid tabiatda keng tarqalgan. Asosiy struktura komponentlari sifatida hayvonlar, oʻsimliklar va mikroorganizmlar xujayra membranalari tarkibiga kiradi. Oqsillar bilan lipoprotein komplekslar hosil qiladi. Fosfolipid dan tashqari fosfonolipidl a r ham maʼlum, bularda fosfor atomi azot asosiga (xolin va etanolaminga) R—S kovalent bogʻ orqali birikkan. Bu birikmalar mollyuskalar va bakteriyalarda topilgan.","Fosfolipidlar — tarkibida fosfat kislota qoldigʻi boʻlgan murakkab lipidlar boʻlib, glitserin, yogʻ kislotalari va azotli birikmalardan iborat. Ular hayvon, oʻsimlik va mikroorganizmlarning hujayra membranasi tarkibiga kiradi hamda oqsillar bilan lipoprotein komplekslar hosil qiladi. Shunga oʻxshash fosfonolipidlar mollyuska va bakteriyalarda uchraydi."
"U oʻz davri uchun hayratlanarli darajada xolis yozuvchi edi. Turli xalqlarning urf-odatlari va eʼtiqodlari, uning ilmiy ob’ektivligi XI asr boshlarida Hindistonni ajoyib tasvirlagani uchun unga al-Ustad („Ustoz“) unvonini berdi. 1030-yilda Mahmud Gʻaznaviy vafot etdi va uning oʻrniga oʻgʻli Masʼud taxtga chiqdi. Masʼud Beruniyga koʻp iltifotlar koʻrsatdi. Shu sababli, Beruniy oʻzining shoh asarini Masʼudga bagʻishlab „Qonuni Masʼudiy“ deb atadi. Bu asar asosan astronomiyaga oid boʻlsa ham Beruniyning matematikaga oid, yaʼni trigonometriya va sferik trigonometriyada qilgan anchagina kashfiyotlari shu asarda bayon etilgan. Beruniyning matematikaga va fanning boshqa sohalariga qoʻshgan hissasini yozib qoldirgan 100 dan ortiq asaridan ham koʻrish mumkin. Ulardan eng yiriklari — „Hindiston“, „Yodgorliklar“, „Qonuni Masʼudiy“, „Geodeziya“, „Mineralogiya“ va „Astronomiya“.","Beruniy oʻz davri uchun juda xolis yozuvchi boʻlgan, shu sabab unga ""al-Ustad"" unvoni berilgan. 1030-yilda Mahmud Gʻaznaviy vafotidan soʻng taxtga oʻgʻli Masʼud chiqqan va Beruniyga iltifot koʻrsatgan, shu sabab Beruniy unga bagʻishlab ""Qonuni Masʼudiy"" asarini yozgan. Bu asosan astronomiyaga oid boʻlib, unda matematika va trigonometriyadagi kashfiyotlari ham bayon etilgan. Beruniy 100 dan ortiq asar yozgan, ulardan eng yiriklari ""Hindiston"", ""Yodgorliklar"", ""Qonuni Masʼudiy"" va ""Geodeziya""."
"Neft va gaz quduqlarini burgʻulash Neft, gaz va gaz kondensat konlarini oʻzlashtirish Geologik va geofizik qidiruv texnologiyalari Quvur transporti tizimlarini loyihalash, qurish va ulardan foydalanish Neft va gaz iqtisodiyoti Matematika va informatika Fizika, elektrotexnika va issiqlik texnikasi Umumiy kimyo va neft va gaz kimyosi Umumiy kasbiy fanlar Xorijiy tillar Ijtimoiy-gumanitar fanlar Jismoniy tarbiya va sport Dekanat Idora Kadrlar boʻlimi Monitoring va ichki nazorat sektori Taʼlim sifatini nazorat qilish boshqarmasi Buyurtmalar portfelini yigʻish, bitiruvchilarni ishga taqsimlash va monitoring boʻlimi „Maʼnaviyat m maʼrifat“ va yoshlar bilan ishlash boʻlimi Ilmiy tadqiqot va ilmiy-pedagogik kadrlar tayyorlash sektori Axborot resurs markazi Raqamli taʼlim texnologiyalari markazi Moliya-iqtisodiyot boʻlimi Buxgalteriya hisobi Operatsion-texnik va iqtisodiy boʻlim Kasaba uyushmasi qoʻmitasi Mashgʻulot kurslari Asosiy oʻquv markazi Rossiyaning rus tili, madaniyati va tarixi markazi Hududiy tayyorgarlik boʻlimi (Qarshi) I.","Bu matn universitet boʻlim va kafedralarining roʻyxati boʻlib (burgʻulash, geologiya, kimyo, iqtisodiyot va boshqa yoʻnalishlar hamda maʼmuriy boʻlimlar), aniq mazmunli maʼlumot bermaydi."
"Stress tensor komponentlari va deformatsiya tensor komponentlari oʻrtasidagi termodinamik aloqani qayd etib: σ i j = ( ∂ f ∂ ε i j ) T , Bu yerda T pastki belgisi haroratning doimiyligini bildiradi, u holda biz Guk qonuni oʻrinli boʻlsa, elastik energiya zichligini quyidagicha yozishimiz mumkinligini aniqlaymiz. f = 1 2 ε i j σ i j . Ommaviy materiya turli yoʻllar bilan buzilishi mumkin: choʻzish, kesish, egilish, burish va boshqalar. Har bir buzilish turi deformatsiyalangan materialning elastik energiyasiga hissa qoʻshadi. Ortogonal koordinatalarda deformatsiyadan kelib chiqadigan hajm birligiga toʻgʻri keladigan elastik energiya shunday hissalar yigʻindisidir: U = 1 2 C i j k l ε i j ε k l , bu yerda C i j k l 4- darajali tensor boʻlib, elastik tensor yoki qattiqlik tenzori deb ataladi, bu mexanik tizimlarning elastik modullarining umumlashtirilishi va ε i j deformatsiya tenzoridir (Eynshteyn yigʻindisi yozuvi takrorlangan indekslar ustidan yigʻindini bildirish uchun ishlatilgan).","Bu qism kuchlanish va deformatsiya tensorlari orasidagi termodinamik bogʻlanishni koʻrsatadi. Guk qonuniga koʻra, materialning elastik energiyasi deformatsiya va kuchlanish tensorlari koʻpaytmasi orqali hisoblanadi, bu formula moddaning choʻzilish, kesilish, egilish kabi turli buzilishlaridagi energiyani umumlashtiradi."
"Goldbax muammosi — sonlar nazariyasining hali toʻla yechimini topmagan muammolaridan biri. X.Goldbax 1742-yil 7-iyunda L.Eylerga yozgan xatida „Menimcha har qanday n > 5 natural son uchta tub son yigʻindisidan iborat“ degan fikrni bayon qilgan. Eyler oʻzining javob xatida: „Har qanday n > 2 juft son ikkita tub son yigʻindisidan iboratligiga aminman, lekin afsuski, juda koʻp uringan boʻlsamda, men buni isbot qilolmayapman“ deb yozgan. Bu gipotezalar birgalikda Goldbax-Eyler gipotezalari yoki Goldbax-Eyler muammosi deb yuritiladi. Agar Goldbax gipotezasini juft sonlar va toq sonlar uchun alohida yozilsa, u holda Goldbax-Eyler gipotezalarini quyidagicha bayon qilish mumkin: Goldbaxning kuchli binar gipotezasi (yoki Eyler gipotezasi): „Har qanday n > 2 juft son ikkita tub son yigʻindisidan iborat“.","Goldbax muammosi — sonlar nazariyasidagi hali yechilmagan muammo. 1742-yilda Goldbax Eylerga xat yozib, har qanday 5 dan katta natural son uch tub sonning yigʻindisi ekanligini taxmin qilgan. Eyler esa har qanday 2 dan katta juft son ikki tub sonning yigʻindisi degan gipotezani aytgan, ammo buni isbotlay olmagan. Bu ikkala taxmin birgalikda Goldbax-Eyler gipotezasi deb ataladi."
"Irsiylanishning bu xili birikkan holda irsiylanish deyiladi. Birikkan genlarning irsiylanishi Mendelning uchinchi qonuniga mos kelmaydi. Bitta xromosomada joylashgan genlarning birikkan holda irsiylanishi haqidagi Morgan kashf etgan qonuniyat genetikaning toʻrtinchi fundamental qonuni hisoblanadi. Biroq birikkan holda irsiylanish mutlaq boʻlmasdan, bir qancha hollarda avlodda ota-ona belgilariga nisbatan ajralish roʻy beradi. Bu hodisa gomologik xromosomalarning chalkashuvi (krossingover), yaʼni ikkita xromosoma ayrim qismlarining oʻzaro oʻrin almashinishi natijasida sodir boʻladi. Bu sohadagi ilmiy tadqiqotlar tufayli xromosomalarda genlarning joylashish tartiblari aniqlandi, yaʼni xromosomalarning genetik haritalari tuzildi. Morgan va xodimlarining tadqiqotlari genetikaning bir tarmogʻi boʻlgan sitogenetikaning paydo boʻlishiga asos soldi. Genlarning tuzilishi va faoliyatining molekulyar asoslarini kimyoviy, fizik, kibernetik metodlar va matematik modellashtirish orqali tadqiq qilish molekulyar genetikaning rivojlanishiga olib keldi.","Bitta xromosomadagi genlarning birga irsiylanishi ""birikkan irsiylanish"" deb ataladi va bu Morgan kashf etgan genetikaning toʻrtinchi qonuni hisoblanadi. Bu bogʻlanish mutlaq emas — xromosomalarning qismlari almashinishi (krossingover) natijasida genlar ajralishi mumkin. Shu tadqiqotlar orqali genlarning xromosomadagi joylashish tartibi — genetik xaritalar tuzilgan, bu esa sitogenetika va molekulyar genetika fanlarining rivojlanishiga olib kelgan."
"Elastik energiya — bu material yoki jismoniy tizim konfiguratsiyasida saqlanadigan mexanik potentsial energiya, chunki u bajarilgan ish tufayli elastik deformatsiyaga uchraydi. Elastik energiya jismlar doimiy ravishda siqilgan, choʻzilgan yoki umuman deformatsiyalanganida paydo boʻladi. Elastiklik nazariyasi birinchi navbatda qattiq jismlar va materiallar mexanikasi uchun formalizmlarni ishlab chiqadi. (Eʼtibor bering, choʻzilgan kauchuk tasma tomonidan bajarilgan ish elastik energiyaga misol emas. Bu entropik elastiklikning namunasidir) Elastik potentsial energiya tenglamasi mexanik muvozanat pozitsiyalarini hisoblashda qoʻllanadi. Energiya potentsialdir, chunki u obyekt egiluvchanligi bilan asl shakliga (islohotga) qaytishga ruxsat berilganda, kinetik energiya va tovush energiyasi kabi energiyaning boshqa shakllariga aylanadi. U = 1 2 k Δ x 2 Elastiklikning mohiyati qaytuvchanlikdir.","Elastik energiya — jism deformatsiyalanganda (siqilganda, choʻzilganda) unda saqlanadigan mexanik potentsial energiya. U jism asl shakliga qaytganda boshqa energiya turlariga aylanadi. Elastiklikning asosiy xususiyati — qaytuvchanlik."
"F a ⋅ x = F a x . Har bir cheksiz kichik joy oʻzgartirish dx uchun, qoʻllanadigan kuch oddiygina kx boʻladi va bularning mahsuloti energiyaning bahorga cheksiz kichik oʻtkazilishidir dU . Nol siljishdan oxirgi uzunlik L gacha boʻlgan prujinaga joylashtirilgan umumiy elastik energiya demak, integraldir. U ∫ 0 L − L o k x d x 1 2 k ( L − L o ) 2 Yang modulli material uchun, Y (elastiklik moduli bilan bir xil l), koʻndalang kesim maydoni, A0, boshlangʻich uzunlik, Δ l uzunlikka choʻzilgan l0 : U e ∫ Y A 0 Δ l l 0 d ( Δ l ) Y A 0 Δ l 2 2 l 0 bu yerda Ue — elastik potentsial energiya.","Prujinaga toʻplangan umumiy elastik energiya siljish kattaligiga bogʻliq formula orqali hisoblanadi, xuddi shunga oʻxshash formula choʻzilgan material uchun ham qoʻllaniladi (Yang moduli asosida)."
"Aksincha, siqiladigan suyuqliklarning va ayniqsa gazlarning xatti-harakati eʼtiborsiz boʻlgan murakkablik bilan elastik energiyaning mohiyatini koʻrsatadi. Oddiy termodinamik formula: d U = − P d V , Bu yerda dU — qayta tiklanadigan ichki energiyaning cheksiz kichik oʻzgarishi U, P — qaraladigan material namunasiga qoʻllanadigan bir xil bosim (birlik maydoni uchun kuch), va dV — ichki energiyaning oʻzgarishiga mos keladigan hajmning cheksiz oʻzgarishi. Minus belgisi paydo boʻladi, chunki dV musbat qoʻllanadigan bosim bilan siqilish ostida salbiy boʻlib, ichki energiyani ham oshiradi. Orqaga qaytgandan soʻng, tizim tomonidan bajariladigan ish uning ichki energiyasining ortib borayotgan hajmning musbat dV ga mos keladigan oʻzgarishining salbiy qismidir.",Siqiladigan suyuqlik va gazlarda elastik energiya oddiy termodinamik formula orqali ifodalanadi: bosim ostida hajm kamayganda ichki energiya ortadi. Tizim asl holatiga qaytganda bajarilgan ish hajmning oʻzgarishiga mos keladi.
"Boshqacha qilib aytadigan boʻlsak, tizim atrofdagi ishlarni bajarayotganda toʻplangan ichki energiyani yoʻqotadi. Bosim — bu stress va hajm oʻzgarishi material ichidagi nuqtalarning nisbiy masofasini oʻzgartirishga mos keladi. Yuqoridagi formulaning kuchlanish-deformatsiya-ichki energiya munosabatlari murakkab kristalli tuzilishga ega qattiq materiallarning elastik energiyasi uchun formulalarda takrorlanadi. Mexanik tizimlarning tarkibiy qismlari, agar tizimga kuchlar taʼsirida deformatsiyalangan boʻlsa , elastik potentsial energiyani saqlaydi. Tashqi kuch obyektni siljitganda yoki deformatsiya qilganda energiya obyektga ish orqali uzatiladi. Oʻtkazilgan energiya miqdori kuch va obyektning siljishining vektor nuqta mahsulotidir . Tizimga kuchlar qoʻllanilganda, ular uning tarkibiy qismlariga ichki taqsimlanadi. Oʻtkazilgan energiyaning bir qismi orttirilgan tezlikning kinetik energiyasi sifatida toʻplanishi mumkin boʻlsa-da, tarkibiy qismlarning deformatsiyasi elastik energiyaning toʻplanishiga olib keladi.","Tizim tashqi kuchlar taʼsirida ish bajarganda ichki energiyasini yoʻqotadi. Bosim material ichidagi zarrachalar orasidagi masofani oʻzgartiradi. Tashqi kuch jismni siljitganda yoki deformatsiya qilganda, energiya unga uzatiladi — bu energiyaning bir qismi harakat energiyasiga, bir qismi esa elastik energiyaga aylanadi."
"L < Lo sifatida siljish qisqartirilsa L − L o x , u holda Guk qonuni odatiy shaklda yozilishi mumkin: F r − k x . Deformatsiyalangan va ushlab turilgan energiya qayta tiklanadigan kuchni qoʻllanadigan kuchning oʻlchovi sifatida hisoblash uchun Guk qonuni yordamida olinishi mumkin. Bu koʻp hollarda etarlicha toʻgʻri boʻlgan taxminni talab qiladi, maʼlum bir momentda qoʻllanadigan kuchning kattaligi F a natijaviy tiklovchi kuchning kattaligiga teng, lekin uning yoʻnalishi va shuning uchun belgisi boshqacha. Boshqacha qilib aytganda, siljishning har bir nuqtasida Fa = kx deb faraz qilaylik, bu yerda Fa x yoʻnalishi boʻyicha qoʻllanadigan kuchning tarkibiy qismidir.","Guk qonuniga koʻra, prujinadagi tiklovchi kuch siljishga proportsional (F = -kx). Bu qonun qoʻllanadigan kuch va siljish orqali elastik energiyani hisoblash imkonini beradi."
"Jami asarlarining 70 tasi astronomiyaga, 20 tasi matematikaga, 12 tasi geografiya va geodeziyaga, 4 tasi mineralogiyaga, 1 tasi fizikaga, 1 tasi dorishunoslikka, 15 tasi tarix va etnografiyaga, 4 tasi falsafaga, 18 tasi adabiyotga bagʻishlangan. Beruniyning boy ilmiy merosi hali toʻla oʻrganilmagan. Beruniy yirik olim Abu Nosir ibn Iroqdan Evklid geometriyasi, Ptolemeyning astronomik taʼlimotlari boʻyicha dars olgan. 995-yilgacha u astronomiya, geografiya, geodeziya amaliy masalalarini hal etish bilan birga Yer va osmon globusini yasadi hamda astronomiyaga oid bir necha kitoblar yozdi. Olimning ana shunday asarlaridan biri „Geodeziya“ 1025-yilda yozib tugatilgan. Bu asar „shaharlar orasidagi masofalarni aniqlash uchun joylarning chegaralarini belgilash“ga doirdir. Kitobning 4-bobi oxirida Beruniy Yer aylanasining kattaligini oʻlchash haqida fikr yuritgan.","Beruniyning ilmiy merosi hali toʻliq oʻrganilmagan. U astronomiya, matematika, geografiya, tarix, falsafa, adabiyot va boshqa sohalarda koʻplab asarlar yozgan. U Abu Nosir ibn Iroqdan geometriya va astronomiya sirlarini oʻrgangan, Yer va osmon globusini yasagan. 1025-yilda yozilgan „Geodeziya“ asarida shaharlar orasidagi masofalarni aniqlash usullarini bayon qilgan, shuningdek Yer aylanasi kattaligini oʻlchash haqida fikr yuritgan."
"Masalan, inson boʻyini faqatgina genlar emas, balki uning bolaligida olgan ozuqa va sogʻligʻi ham belgilaydi. Genetikaning asosiy vazifasi irsiyatning moddiy asoslari hisoblanadigan xromosoma, genlar va nuklein kislotalar (DNK, RNK) tuzilishi hamda funksiyalarini tadqiq qilish orqali organizmlar belgi va xususiyatlarining rivojlanishi va kelgusi avlodlarga oʻtishini ochib berishdan iborat. Har xil fizik va kimyoviy omillar taʼsirida organizmlarda irsiy oʻzgaruvchanlikning paydo boʻlishi va uning organizmlar evolyutsiyasidagi ahamiyatini tadqiq qilish ham genetikaning vazifalari qatoriga kiradi. Madaniy oʻsimliklarning serhosil navlari, hayvonlar va mikroorganizmlarning mahsuldor zotlari va shtamplarini yaratish""; irsiy kasalliklarning paydo boʻlish sabablarini oʻrganish asosida ularning oldini olish va davolash usullarini ishlab chiqish;"" ekologik muhitning irsiyatga salbiy taʼsir etuvchi omillarini oʻrganib, genofondni saqlab qolishni genetik jihatdan asoslab berish genetika tadqiqotlarining amaliy muammolarini ifodalaydi.","Masalan, inson boʻyini nafaqat genlar, balki bolalikdagi ozuqa va sogʻlik ham belgilaydi. Genetikaning vazifasi — xromosoma, gen va nuklein kislotalarni oʻrganib, belgilarning avlodga oʻtishini tushuntirish. U shuningdek irsiy oʻzgaruvchanlik va uning evolyutsiyadagi rolini, serhosil navlar va zotlar yaratishni, irsiy kasalliklarning oldini olish yoʻllarini oʻrganadi."
"Genetika jonli organizmlardagi nasldorlik va turlanishni oʻrganuvchi fandir. Hayvon va oʻsimliklarning baʼzi xususiyatlari nasldan naslga oʻtishi mumkinligi ibtidoiy jamiyat davridayoq maʼlum edi va bu bilimdan chorvachilik va dehqonchilikda tanlanma koʻpaytirish orqali qoʻllanilar edi. Biroq, zamonaviy genetika nasldorlik mexanizmlarini tushunadigan fan sifatida Gregor Mendel (XIX asr) mehnatlaridan keyingina rivojlana boshladi. Mendel nasldorlik mustaqil funksiyalarga ega fundamental diskret jarayon ekanligini kashf etdi. Nasldorlikning ushbu asosiy birliklari hozir „genlar“ deb ataladi. Organizm hujayralarida genlar jisman DNK molekulalarida joylashgan boʻlib, oʻzida hujayra komponentlarini qurish va boshqarish uchun kerakli axborot tashiydi. Genetika organizmning koʻrinishi va xatti-harakatini belgilashda katta rol oʻynasa ham, umumiy natija nafaqat genlarga, balki organizmni oʻrab turgan atrof-muhitga ham bogʻliq boʻladi.","Genetika — nasldorlik va turlanishni oʻrganuvchi fan. Hayvon va oʻsimlik belgilarining nasldan-naslga oʻtishi qadimdan maʼlum boʻlib, chorvachilik va dehqonchilikda qoʻllanilgan. Ammo zamonaviy genetika XIX asrda Gregor Mendeldan keyin rivojlandi. U nasldorlik mustaqil, diskret jarayon ekanini kashf etdi — bu birliklar hozir „genlar“ deb ataladi. Genlar DNKda joylashgan boʻlib, hujayrani qurish uchun axborot tashiydi. Organizmning koʻrinishi va xatti-harakati nafaqat genlarga, balki atrof-muhitga ham bogʻliq."
"Bulardan 53 tasi tibbiyot va farmakologiya, 4 tasi zoologiya, 4 tasi botanika, 22 tasi mantiq, 18 tasi falsafa, 13 tasi nahv, 8 tasi hadis, 2 tasi tafsir, 2 tasi fiqh, 2 tasi kalom, 10 tasi metodologiya va tarix, 4 tasi axloq va siyosat mavzulariga bag‘ishlangan. Qolganlari esa til, adabiy tanqid, matematika, sayohat xotiralari, minerologiya kabi sohalarga oiddir. Bizgacha bu asarlardan bir nechtasigina yetib kelgan, xolos. Ular ichida Abdullatif al-Bag‘dodiyning Gʻarb va Islom ola­mida mashhur bo‘lgan „Al-Ifāda va-l-­­i’tibār“ asari ham bor. Misrdalik chog‘ida yozilgan, hajm jihatidan kichik, biroq mohiyatan boy bo‘lgan mazkur asar o‘sha davr­dagi Misrning geografiya­si, topografiyasi, ijtimoiy va iqtisodiy ahvoli haqida qimmatli maʼlumotlar beruvchi muhim manbadir.","Abdullatif al-Bagʻdodiy tibbiyot, mantiq, falsafa, til va boshqa sohalarga oid koʻplab asarlar yozgan, lekin ulardan ozgina qismi bizgacha yetib kelgan. Shulardan biri — Gʻarb va Islom olamida mashhur boʻlgan „Al-Ifāda va-l-i’tibār“ asari. Bu kichik, lekin mazmunli asar oʻsha davrdagi Misrning geografiyasi va ijtimoiy-iqtisodiy ahvoli haqida qimmatli maʼlumot beradi."
"U, shuningdek, Ibn Sinoning baʼzi nazariyalariga raddiyalar bergan. Bizgacha yetib kelgan ""Fӣ mā baʼd at-tabӣ’a"" nomli asarini ham Aristotelga nisbat berilgan, O‘rta asr nasroniy va Islom dunyosida mashhur bo‘lgan ""Al-Xayr al-mahz"" asari taʼsirida yozgan. Bularning barchasi Abdullatif al-Bag‘dodiyning al-Forobiy-Ibn Sino maktabiga bog‘liq mashshoiy faylasuf bo‘lganini ko‘rsatadi. (Mashshoiylik yoki mashshoiy maktabi — tabiiy falsafaning taʼsiridan so‘ng, Islom falsafasida boshlangan rasionalistik falsafiy tendensiyaning tizimlashuvidan hosil bo‘lgan maktab. Yunoncha peripatetizmning arabcha atamasi va aris­totelizmning Islom falsafasiga taʼsiri ostida bo‘lgan falsafiy harakat). Manbalarda Abdullatif al-Bag‘dodiy qalamiga mansub asarlarning keng ro‘yxati mavjud. Uning tibbiyot, falsafa, mantiq va boshqa fanlarga oid 160 dan ortiq asarlari bor.","Abdullatif al-Bagʻdodiy Ibn Sinoning baʼzi nazariyalariga qarshi chiqqan. Uning „Fī mā baʼd at-tabī’a“ asari Aristotelga bagʻishlangan mashhur „Al-Xayr al-mahz“ asari taʼsirida yozilgan. Bu uning al-Forobiy — Ibn Sino maktabiga bogʻliq faylasuf ekanini koʻrsatadi. Uning tibbiyot, falsafa va mantiqqa oid 160 dan ortiq asari bor."
"Uning Shomdagi darslari, asosan, tibbiyot bilan bog‘liq bo‘lgan. Zero, uning tib ilmi bilan bog‘liq muhim asarlarini shu yerda yozganligi haqida taxminlar mavjud. Abdullatif al-Bag‘dodiyning hayoti qizg‘in ilmiy faoliyat bilan kechgan. 629/1230-yilda haj ibodatini ado qilish uchun safarga chiqib, vatani Bag‘dodga boradi va mazkur yilda vafot etadi. Baʼzi mualliflar Abdullatif al-Bag‘dodiyni Islom falsafasining hech bir maktabini tan olmagan faylasuf, deb eʼtirof qilsalar-da, uni Aristotel anʼanasining Islom olamidagi davomchisi, deb hisoblash mumkin. Chunki u Aristotelning fizika, metafizika, psixologiya va tabiiy fanlar sohasiga taalluqli asarlari ustida tadqiqot olib borgan, baʼzida ularni izohlagan, baʼzan esa hoshiyalar yozish bilan tushuntirishga harakat qilgan. Al-Forobiyning mantiq kulliyotiga ham sharh va hoshiyalar yozgan.","Abdullatif al-Bagʻdodiy Shomda asosan tibbiyot bilan shugʻullangan, u yerda muhim asarlarini yozgan. U 1230-yilda haj safarida Bagʻdodga borib, oʻsha yili vafot etgan. Uni koʻpincha Aristotel anʼanasining Islom olamidagi davomchisi deb hisoblashadi, chunki u Aristotelning fizika, metafizika va psixologiyaga oid asarlariga sharh va hoshiyalar yozgan, shuningdek al-Forobiyning mantiq asarlarini ham izohlagan."
"Interval — bir vaqtda yoki birin-ketin eshitilgan ikki tovush oraligʻi. Tovushqatorning qamragan pogʻonalariga qarab, lotincha tartib sonlarining nomi bilan (prima, sekunda, tersiya, kvarta va hokazo) ataladi. Ketma-ketiga sadolanuvchi tovushlardan melodik interval, baravariga (qoʻshalogʻiga) sadolangan tovushlardan garmonik interval tarkib topadi. Musiqa nazariyasida intervallar hajmi (pogʻonalar soni) va tonlar miqdori bilan oʻlchanadi. Bir oktava doirasidagi intervallar oddiy, bir oktavadan keng intervallar (nona, detsima, undetsima va hokazo) tarkibiy intervallar deyiladi. Hamohanglik yoki ohangsizlik jihatidan garmonik intervallar konsonans va dissonanslarga boʻlinadi. Interval duana-zoʻning oʻlchov birligidir. Sharq musiqa nazariyasida interval boʻd deb yuritilgan. Primadan oktavaga qadar kenglikda boʻlgan invervallar oddiy interval yoki asosiy intervallar deb ataladi. Ular qatoriga prima, sekunda, tertsiya, kvarta, kvinta, seksta, septima va oktavalar kiradi.","Interval — bir vaqtda yoki birin-ketin eshitilgan ikki tovush oraligʻi boʻlib, lotincha tartib sonlar bilan ataladi (prima, sekunda, tersiya va h.k.). Ketma-ket tovushlardan melodik, bir vaqtda sadolanganidan garmonik interval hosil boʻladi. Bir oktava ichidagi intervallar oddiy, undan kengi esa tarkibiy interval deyiladi. Garmonik intervallar konsonans va dissonanslarga boʻlinadi. Sharq musiqasida interval „boʻd“ deb yuritilgan."
"Iqlim o'zgarishi — Yer atmosferasi va okeanlarining o'rtacha harorati uzoq muddatli davr mobaynida sezilarli darajada oshishi bilan tavsiflanuvchi global jarayondir. Ushbu hodisaning asosiy sababi issiqxona gazlarining, xususan uglerod dioksidi va metanning inson faoliyati natijasida atmosferaga chiqarilishi hisoblanadi. Sanoat inqilobidan buyon fosil yoqilg'ilarni yoqish, o'rmonlarni kesish va qishloq xo'jaligi faoliyati atmosferadagi issiqxona gazlari kontsentratsiyasining keskin oshishiga olib keldi. Iqlim o'zgarishining oqibatlari orasida muzliklarning erishi, dengiz sathining ko'tarilishi, ekstremal ob-havo hodisalarining kuchayishi va ekotizimlarning izdan chiqishi kabi jarayonlar mavjud. Xalqaro hamjamiyat ushbu muammoni hal qilish maqsadida Parij kelishuvi kabi bir qator xalqaro shartnomalarni imzoladi, ularning asosiy maqsadi global haroratning oshishini sanoatgacha bo'lgan darajaga nisbatan 1,5 daraja Selsiygacha cheklashdir. Qayta tiklanuvchi energiya manbalariga o'tish ushbu muammoni yumshatishning muhim vositalaridan biri sifatida qaraladi.","Iqlim oʻzgarishi — Yer atmosferasi va okeanlari haroratining uzoq muddat davomida sezilarli koʻtarilishi. Uning asosiy sababi — inson faoliyati natijasida chiqarilayotgan issiqxona gazlari, ayniqsa uglerod dioksidi va metan. Bu muzliklarning erishi, dengiz sathining koʻtarilishi va ekstremal ob-havoga olib kelmoqda. Xalqaro hamjamiyat Parij kelishuvi kabi shartnomalar orqali haroratning oshishini 1,5 daraja bilan cheklashga harakat qilmoqda."
"Iqtisodiy satistika mustaqil fan boʻlishi bilan birga iqtisodiy nazariya va boshqa amaliy iqtisodiy fanlarga chambarchas bogʻliq. Masalan, nazariyotchilar tomonidan oʻrtaga tashlangan muayyan qarashlar statistik koʻrsatkichlar yordamida asoslanadi yoki iqtisodiy jarayonga tegishli statistik koʻrsatkichlarni tahlil qilish orqali iqtisodiy qonuniyatlar, tendensiyalar ifodalab beriladi. Iqtisodiy statistikada, iqtisodiyotni oʻrganishga tizimli yondoshiladi"";"" muayyan iqtisodiy jarayon oʻrganilayotganda bir nechta koʻrsatkichlardan foydalaniladi. Birjarayenning turli jihatlarini aks ettiradigan koʻrsatkichlarning oʻzaro bir-biriga muvofiq kelishi muhim ahamiyatga ega. I.s.da tadqiq etiladigan hodisalarning oʻziga xos tomonlarini hisobga olgan holda ommaviy (yalpi) kuzatish, tanlab kuzatish, statistik guruhlash, indeks usuli, kor-relyasion tahlil, balans va geografik usullar, xalqaro qiyosiy usullar kabi statistika usullari qoʻllanadi.","Iqtisodiy statistika mustaqil fan boʻlsada, iqtisodiy nazariya bilan chambarchas bogʻliq — nazariy qarashlar statistik koʻrsatkichlar yordamida asoslanadi. Bunda iqtisodiyotga tizimli yondashilib, bir nechta koʻrsatkichdan foydalaniladi. Bu sohada ommaviy kuzatish, tanlab kuzatish, statistik guruhlash va indeks usuli kabi metodlar qoʻllanadi."
"Masʼudiy qonuni (قانون مسعودي), Gʻaznaviylar sultonining oʻgʻli Masʼudga bagʻishlangan astronomiya, geografiya va muhandislik ensiklopediyasi Mahmud Gʻaznaviy. Astrologiyani tushunish (التفهيم لصناعة التنجيم), arab va fors tillarida matematika va astronomiyaga oid savol-javob uslubidagi kitob. Dorixona, dori vositalari va ularning taʼsiri toʻgʻrisidagi qoʻllanma. Qimmatbaho toshlar (الجماهر في معرفة الجواهر), minerallar va qimmatbaho toshlar haqida geologiya boʻyicha qoʻllanma. Mas’ud oʻgʻli Mavdudga bagʻishlanadi. Mahmud Gʻaznaviy va otasining tarixi. Xorazm tarixi. Kitab al-Āthār al-Bāqīyah ‘an al-Qurūn al-Khālīyah. Risālah li-al-Bīrūnī (Epître de Berūni). Beruniy asarlarining aksariyat qismini oʻz davrining ilmiy tili boʻlgan arab tilida yozgan, ammo at-Tafhim uning ilm-fanga bagʻishlangan fors tilidagi dastlabki asarlarining eng muhimlaridan biri boʻlib, fors nasri va lugʻatshunosligi uchun boy manba hisoblanadi.","Beruniyning „Masʼudiy qonuni“ — Gʻaznaviylar sultoni oʻgʻliga bagʻishlangan astronomiya va geografiya ensiklopediyasi. „Astrologiyani tushunish“ — matematika va astronomiyaga oid kitob. Boshqa asarlarida u dorivor vositalar, minerallar, Mahmud Gʻaznaviy tarixi va Xorazm tarixi haqida yozgan. Beruniy koʻp asarlarini arab tilida yozgan boʻlsa-da, „at-Tafhim“ uning fors tilidagi eng muhim asarlaridan biri hisoblanadi."
"Maqom (arabcha: joy,o'rin anglatadi) — musulmon Sharqi musiqasidagi asosiy tushunchalardan biri hisoblanadi. Dastlab bu tushuncha torli cholg‘u asbobida muayyan balandlikdagi tovushni hosil etish uchun bosiladigan joy yoki pardani anglatgan. Vaqt o‘tishi bilan Sharq musiqa nazariyasining rivojlanishi jarayonida maqomning ma’nosi kengayib, muayyan lad tuzilmasi, tizimi, shakl, janr, musiqiy yo‘nalishlar va ijro uslublarini o‘z ichiga oluvchi tushunchaga aylangan. Musulmon Sharqi mumtoz musiqa nazariyasining yetuk namoyandalari Abu Yusuf al-Kindiy, Forobiy, Ibn Sino, Ibn Zayla, Safiuddin al-Urmaviy, Mahmud ash-Sheroziy, Abdulqodir Marog‘iy va boshqa olimlar maqomning musiqiy va estetik jihatlarini chuqur o‘rganib, nazariy izohlarini taqdim etganlar. Maqomlar soni va tizimi Yaqin va O‘rta Sharq mumtoz musiqasida XIII asrgacha aniq belgilanmagan edi.","Maqom — musulmon Sharqi musiqasidagi asosiy tushunchalardan biri. Avval bu torli asbobda tovush hosil qilinadigan joyni anglatgan, keyinchalik lad tuzilmasi, shakl, janr va ijro uslublarini o‘z ichiga oluvchi keng tushunchaga aylangan. Forobiy, Ibn Sino va boshqa olimlar maqomning musiqiy jihatlarini o‘rgangan. Maqomlar soni va tizimi XIII asrgacha aniq belgilanmagan edi."
"Sharqiy kampusdan markaziy kampusga olib boradigan asosiy yo'l """"Freshman tepaligi"""" deb nomlanuvchi tik ko'tarilishdir. 2007-yil 8-martda Jorjiya shtati universiteti qishlog'idagi sobiq kvartiralar Georgia Tech kompaniyasiga o'tkazildi. Institut tomonidan North Avenue Apartments nomini o'zgartirdi, ular 2007-yilning kuz semestrida talabalarni joylashtirishni boshladilar. Markaziy kampusda asosan akademik, ilmiy va maʼmuriy binolarning aksariyati joylashgan. Markaziy kampus, jumladan, quyidagilarni o'z ichiga oladi: Howey Fizika binosi""; Boggs kimyo binosi, Hisoblash qurilish kolleji, Klaus Advanced Computing Building, Bino dizayn kolleji, Matematika maktabi va Adabiyot, ommaviy axborot vositalari va madaniyat maktablari joylashgan Skiles sinf binosi; Davlat siyosati maktabi joylashgan DM Smit binosi;"" va Ford Environmental Science & Technology Building. 2005-yilda Zamonaviy tillar maktabi Swann binosiga qaytdi, 100 yillik sobiq yotoqxonada hozirda kampusdagi eng texnologiya bilan jihozlangan sinf xonalari joylashgan.","Sharqiy kampusdan markaziy kampusga olib boradigan tik yoʻlak ""Freshman tepaligi"" deb ataladi. 2007-yilda sobiq talabalar turar joyi Georgia Techga oʻtkazilib, North Avenue Apartments deb nomlangan. Markaziy kampusda asosiy oʻquv va ilmiy binolar joylashgan: fizika, kimyo, hisoblash texnologiyalari, dizayn va matematika binolari shular jumlasidan."
"Tergov tafsilotlariga oid boshqa maʼlumotlar haqida ham taxminlar bor. Masalan, samolyotda qora quti oʻrnatilgan boʻlishiga qaramay, u halokatdan keyin topilmagan. Bugungi kungacha samolyot halokatining sababi nomaʼlum boʻlib qolmoqda va bu koʻplab fitna nazariyalariga sabab boʻlgan. Akhtar Abdur Rahman 1951-yilda Rashida Akhtar Khan ismli ayol bilan turmush quradi. Ularning Akbar Akhtar Khan (1953), Humayun Akhtar Khan (1955), Haroon Akhtar Khan (1957) va Ghazi Akhtar Khan (1959) ismli farzandlari bor. The New York Times tomonidan olib borilgan surishtiruvlardan birida general Akhtar Abdur Rahman, Pokiston razvedka agentligi rahbari sifatida afgʻon mujohidlarini Sovet Ittifoqiga qarshi kurashishlarini qoʻllab-quvvatlash maqsadida AQSh hamda boshqa mamlakatlardan milliardlab dollar mablagʻ va boshqa yordamlarni oʻtkazishga yordam bergani aytilgan.","Tergov tafsilotlari haqida hali koʻp taxminlar bor — masalan, samolyotdagi qora quti halokatdan keyin topilmagan, shu sabab halokat sababi hozirgacha nomaʼlum va koʻplab fitna nazariyalariga sabab boʻlgan. Akhtar Abdur Rahmon 1951-yilda uylanib, toʻrtta oʻgʻil koʻrgan. The New York Times maʼlumotiga koʻra, u Pokiston razvedkasi rahbari sifatida afgʻon mujohidlariga AQSh va boshqa davlatlardan millard dollarlik yordam oʻtkazishga koʻmaklashgan."
"Agrokimyo, agronomik kimyo— tuproq va oʻsimliklardagi kimyoviy jarayonlar, oʻsimliklarning mineral oziqlanishi, oʻgʻitlar va tuproqni kimyoviy melioratsiyalash vositalarini qoʻllash toʻgʻrisidagi fan. Agrokimyo qishloq xoʻjaligini kimyolashtirishning ilmiy asosini tashkil etadi. Agrokimyo oʻsimlik, tuproq va oʻgʻitlar oʻrtasidagi munosabatni, dala sharoitida oʻsimliklar oziqlanishini oʻrganadi, oʻsimliklarning oziqlanishiga eng qulay sharoit yaratish, tuproq va oʻgʻitlar tarkibidagi oziq moddalarning oʻzlashtirilish koeffitsentini oshirish maqsadida ushbu sharoitlarni oʻzgartirish yoʻllarini, shuningdek, hosildorlikni oshirishning boshqa vositalari — pestitsidlar, oʻsish stimulyatorlarini qoʻllash, tuproq unumdorligini yaxshilash va hosildorligini oshirish maqsadida kimyoviy melioratsiya vositalarini qidirib topadi. Agrokimyo fani tuproqshunoslik, dehqonchilik, oʻsimliklar fiziologiyasi va biokimyosi, qishloq xoʻjaligi mikrobiologiyasi, kimyo va fizika fanlari bilan bevosita bogʻlangan.","Agrokimyo — tuproq va oʻsimliklardagi kimyoviy jarayonlarni, oʻsimliklarning oziqlanishini, oʻgʻit va tuproqni yaxshilash usullarini oʻrganadigan fan. U qishloq xoʻjaligini kimyolashtirishning ilmiy asosi hisoblanadi va oʻsimlik hosildorligini oshirish yoʻllarini, jumladan oʻgʻit va pestitsidlardan foydalanishni tadqiq qiladi. Bu fan tuproqshunoslik, dehqonchilik, biokimyo va boshqa fanlar bilan bogʻliq."
"Agrokimyo oʻsimliklarning oziqlanishini oʻrganishi tufayli oʻsimliklar fiziologiyasi va biokimyosi bilan bogʻlangan. Oʻgʻitlarni bir shakldan ikkinchi shaklga oʻtishi tuproqning xususiyatlariga, tuproqshunoslar, kimyogarlar va mikrobiologlar oʻrganadigan kimyoviy va mikrobiologik jarayonlarga bogʻliq. Agrokimyo fan sifatida XIX asrning 40-yillarida shakllandi. Uning shakllanishida nemis kimyogari Yu. Libix (1803-1873)ning oʻsimliklarning mineral oziqlanishi haqidagi taʼlimoti muhim ahamiyatga ega boʻldi. Oʻzbekistonda, garchi dehqonchilikda goʻng, kul, loyqa, qum, paxsa kesaklaridan oʻgʻit sifatida qadimdan foydalanib kelingan boʻlsada, Agrokimyo fani tarixi XX asrdan boshlanadi. Birinchi agrokimyoviy tajribalarda ekinlarda oʻgʻitlarni qoʻllash masalalari R. R. Shreder, M. M., Bushuyev, I. K. Negodnoye tomonidan oʻrganilgan (1906 -1928 yillarda 121 ta tajriba oʻtkazilgan). Respublikada Agrokimyo fanini rivojlantirishda Oʻzbekiston paxtachilik instituti, Oʻzbekiston Fanlar Akademiyasi Tuproqshunoslik va agrokimyo instituti (1977) katta rol oʻynadi.","Agrokimyo XIX asrning 40-yillarida fan sifatida shakllangan, buning uchun nemis olimi Yu. Libixning oʻsimlik oziqlanishi haqidagi taʼlimoti muhim boʻlgan. Oʻzbekistonda esa bu fan XX asrdan rivojlangan — birinchi tajribalar 1906-1928-yillarda R. Shreder va boshqalar tomonidan oʻtkazilgan. Oʻzbekiston paxtachilik instituti va Tuproqshunoslik-agrokimyo instituti (1977) bu sohaning rivojiga katta hissa qoʻshgan."
"Masalan, fizika fani fizik narsalar bilan, biologiya esa tirik mavjudotlar bilan bogʻliq. Tabiiy fanlarda narsalarni tasniflash uchun turli tushunchalardan foydalaniladi. Bu tushunchalar tabiiy turlar deb atalib, ular protonlar, oltin va fillar kabi toifalarni oʻz ichiga oladi. Realist olimlarning taʼkidlashicha, bu mavjudotlar ongdan mustaqil ravishda mavjud"";"" antirealistlar esa bu mavjudotlar va toifalarning borligi insonning idroki, nazariyalari va ijtimoiy tuzilmalariga asoslangan deb hisoblaydilar. Shunga oʻxshash masala ijtimoiy fanlarda qoʻllaniluvchi irq, jins, nogironlik, pul va davlat kabi asosiy tushunchalar hisoblangan ijtimoiy turlarning mavjudligi bilan bogʻliq. Ijtimoiy turlar koʻpincha inson ijtimoiy hayotining murakkabliklarini tasvirlash uchun qulay boʻlgan ijtimoiy tuzilmalar sifatida tasvirlanadi. Sapir-Whorf gipotezasiga koʻra, til ijtimoiy hodisa sifatida insonlarning dunyoni idrok etishi va tushunishiga taʼsir koʻrsatadi yoki uni butunlay belgilab beradi.","Fizika jismlar, biologiya esa tirik mavjudotlar bilan shugʻullanadi. Fanlar narsalarni ""tabiiy turlar"" deb ataladigan toifalarga ajratadi. Realistlar bu toifalar ongdan mustaqil mavjud deb hisoblasa, antirealistlar ularni inson idroki va jamiyat yaratgan tushunchalar deb biladi. Xuddi shu bahs irq, jins, pul kabi ""ijtimoiy turlar""ga ham tegishli. Sapir-Whorf gipotezasiga koʻra, til insonning dunyoni idrok etishiga taʼsir qiladi."
"Kimyoviy bogʻ yoki kimyoviy bogʻlanish — ikki yoki undan koʻp atomlarning oʻzaro taʼsiri natijasida kimyoviy barqaror sistemalar (molekulalar, radikallar, molekulyar ionlar, komplekslar, kristallar va b.) hosil boʻlishi. Asosan, 2 xil boʻladi: Atom (kovalent) bogʻ — kimyoviy xossalari jihatidan bir-biriga oʻxshash yoki xossalari bir-biriga yaqin boʻlgan atomlar oʻrtasidagi bogʻ. Bu bogʻ har qaysi atomdan bittadan elektron oʻzaro taʼsir etib, shu atomlarga tegishli birlashtiruvchi elektron juftligini hosil qilishi natijasida yuzaga keladi. Bu bogʻ oddiy moddalarning (H2, O2 va b.), murakkab moddalarning (CH4, H2O, NH4Cl va b.) va organik birikmalarning molekulalariga xos. Kovalent bogʻlar 2 atom uchun umumiy boʻlgan elektronlarning 2 jufti bilan yuzaga kelsa — qoʻshaloq, 3 jufti bilan yuzaga kelsa — uchlik kovalent bogʻ deb ataladi;"" Struktura formulalarda ular 2 ta yoki 3 ta chiziqcha bilan koʻrsatiladi.""","Kimyoviy bogʻ — atomlar oʻzaro taʼsirlashib barqaror birikmalar (molekula, kristall va h.k.) hosil qilishi. Asosiy turi — kovalent bogʻ, u atomlar orasida umumiy elektron juftligi hosil boʻlishi orqali yuzaga keladi. Bu bogʻ oddiy va murakkab moddalar hamda organik birikmalar molekulalarida uchraydi; ikki juft elektron bilan hosil boʻlsa qoʻshaloq, uch juft bilan hosil boʻlsa uchlik bogʻ deyiladi."
"Turkmaniston universiteti, Mahtumquli nomidagi Turkmaniston davlat universiteti – ilmiy va pedagog kadrlar tayyorlaydigan oliy oʻquv yurti. 1950-yil Ashxobodda pedagogika instituti asosida tashkil etilgan. Matematika, fizika, biologiya, kimyo, geografiya, tarix, filologiya, huquq, pedagogika va boshqa ixtisosliklar boʻyicha mutaxassislar tayyorlaydi. 10 mingga yaqin talaba taʼlim oladi. Kutubxonasida 500 mingdan ortiq asar saqlanadi. „Ilmiy axborotlar“ nashr etadi (1954-yildan).","Mahtumquli nomidagi Turkmaniston davlat universiteti — 1950-yilda Ashxobodda tashkil etilgan oliy oʻquv yurti. U matematika, fizika, tarix, huquq va boshqa yoʻnalishlar boʻyicha mutaxassislar tayyorlaydi, unda 10 mingga yaqin talaba taʼlim oladi."
"Bu qurilma maʼlumotlarni avtonom ravishda 5-yilga qadar saqlaydi. Eng yaxshi namunalari uzogʻi bilan 10-yil ishlashi mumkin. USB-interfeysning uchta standarti mavjud: USB 1.0, USB 1.1 USB 2.0. Asosiy farqi — maʼlumotlarni uzatish tezligida. USB 1.1 da oʻqish tezligi 600-800 Kb/s, yozish tezligi esa, 500-700 Kb/s ni tashkil qiladi. Yaʼni, bunday fleshkaga 32 Mb li axborotni yozishga taxminan 45-55 sekund, 512 Mbli multfilmni yozish uchun esa, 19-20 daqiqa vaqt ketadi. Hozirda kompyuterlarda asosan USB 2.0 interfeysi mavjud, ularda maʼlumotuzatish tezligi ancha yuqori. Fleshkalar — aslida sodda tuzilishga ega qurilma. Ular quyidagi qismlardan iborat boʻladi: - PCB platasi; - USB-raz’yom; - kontroller va flesh ozuqasi stabilizatori; - kontroller mikrosxemasi; - energiya talab qilmaydigan NAND-xotira mikrosxemasi;"" — kvarsli rezonator.""","Fleshka maʼlumotni 5 yilgacha, eng yaxshi namunalari esa 10 yilgacha saqlaydi. USB 1.0, 1.1 va 2.0 standartlari maʼlumot uzatish tezligi bilan farqlanadi — USB 2.0 ancha tezroq. Fleshka PCB plata, USB raz'yom, kontroller va NAND-xotira kabi oddiy qismlardan iborat."
"Gustav Ludwig Hertz (talaffuzi: Gustav Lyudvig Xertz) (1887.22.7, Gamburg -1975) - nemis fizigi, Myunxen va Berlin universitetlarida oʻqigan. 1954-yildan Leypsigdagi fizika instituti direktori. Ilmiy ishlari spektroskopiyaga oid. J. Frank bilan hamkorlikda elektronlarning atomlar bilan toʻqnashuviga doir tajribalar (Frank—Gers tajribasi, 1913)oʻtkazgan. Rentgen nurlarining yutilish spektrini oʻrgangan, diffuziya, elektron emissiya, gazlardagi razryadlar, plazma fizikasi, ultratovush, yarimoʻtkazgichlarga oid qator tadqiqotlar olib borgan. Nobel mukofoti laureati (1925, J. Frank bilan hamkorlikda).","Gustav Hertz (1887-1975) — nemis fiziki, spektroskopiya sohasida ishlagan. J. Frank bilan birga elektronlarning atomlar bilan toʻqnashuvi boʻyicha mashhur tajriba (1913) oʻtkazgan va shu ishi uchun 1925-yilda Nobel mukofotiga sazovor boʻlgan."
"Nazariy fizikada Gamilton maydon nazariyasi klassik Gamilton mexanikasining maydon-nazariy analogidir. Bu Lagrangian maydon nazariyasi bilan bir qatorda klassik maydon nazariyasidagi formalizmdir. Bundan tashqari , kvant maydon nazariyasida ilovalar mavjud. Diskret zarrachalar sistemasi uchun Gamiltonian ularning umumiy koordinatalari va koʻpaytma impulslari va, ehtimol, vaqtning funksiyasidir. Continua va maydonlar uchun Gamilton mexanikasi mos emas, lekin koʻp sonli nuqta massalarini hisobga olgan holda va uzluksiz chegarani, yaʼni doimiylik yoki maydonni tashkil etuvchi cheksiz koʻp zarralarni hisobga olgan holda kengaytirilishi mumkin. Har bir nuqta massasi bir yoki bir nechta erkinlik darajasiga ega boʻlgani sababli, maydon formulasi cheksiz koʻp erkinlik darajasiga ega. Gamilton zichligi maydonlar uchun uzluksiz analog hisoblanadi"";"" bu maydonlarning funksiyasi, koʻpaytma „impuls“ maydonlari va, ehtimol, makon va vaqtning oʻzlarini muvofiqlashtiradi.","Gamilton maydon nazariyasi — klassik Gamilton mexanikasining maydon nazariyasidagi analogi boʻlib, kvant maydon nazariyasida ham qoʻllaniladi. U diskret zarralar sistemasi uchun ishlatilgan formulani cheksiz koʻp zarralar (maydon)ga kengaytiradi."
"Tegishli oʻlcham [energiya][uzunlik] −3, SI birliklarida kubometr uchun Joul, J m −3 . Yuqoridagi tenglamalar va taʼriflar vektor maydonlariga va umuman tensor maydonlariga va spinor maydonlariga kengaytirilishi mumkin. Fizikada tenzor maydonlari bozonlarni, spinor maydonlari esa fermionlarni tavsiflaydi. Maydonlar uchun harakat tenglamalari diskret zarralar uchun Gamilton tenglamalariga oʻxshaydi. Har qanday miqdordagi maydonlar uchun: ϕ ˙ i = + δ H δ π i , π ˙ i = − δ H δ ϕ i , {\displaystyle {\dot {\phi }}_{i}=+{\frac {\delta {\mathcal {H}}}{\delta \pi _{i}}}\,,\quad {\dot {\pi }}_{i}=-{\frac {\delta {\mathcal {H}}}{\delta \phi _{i}}}\,,} bu yerda yana ortiqcha nuqtalar qisman vaqt hosilalari, maydonlarga nisbatan variatsion hosila. δ δ ϕ i = ∂ ∂ ϕ i − ∇ ⋅ ∂ ∂ ( ∇ ϕ i ) , {\displaystyle {\frac {\delta }{\delta \phi _{i}}}={\frac {\partial }{\partial \phi _{i}}}-\nabla \cdot {\frac {\partial }{\partial (\nabla \phi _{i})}}\,,} bilan · nuqta mahsuloti, shunchaki qisman hosilalar oʻrniga ishlatilishi kerak.","Bu tenglamalar vektor, tensor va spinor maydonlariga ham qoʻllaniladi — fizikada tensor maydonlari bozonlarni, spinor maydonlari esa fermionlarni tavsiflaydi. Maydonlar uchun harakat tenglamalari diskret zarralar uchun Gamilton tenglamalariga oʻxshaydi."
"Sohani gegemonlashtirish uchun oqilona tanlov nazariyasi daʼvosining tugashi Birlashtiruvchi metateoriyaning yoʻqligi Nedensel xulosaga koʻproq eʼtibor berish va eksperimental usullardan foydalanishni koʻpaytirish. Kuzatish usullaridan, shu jumladan sifat usullaridan foydalanishni davom ettirish. „Usullar gegemoniyasi“ bilan bogʻliq yangi burilish, chunki nazariyaga unchalik eʼtibor berilmaydi. Baʼzi taʼriflarga koʻra, qiyosiy siyosatni yunon falsafasiga, yaʼni Platonning respublikasi va Aristotelning „ Siyosat“iga olib borish mumkin. Zamonaviy kichik intizom sifatida qiyosiy siyosat bir qator mazmunli sohalardagi tadqiqotlardan iborat boʻlib, jumladan: Demokratik davlatlar siyosati Avtoritar davlatlar siyosati Jamoat tovarlarini taʼminlash va taqsimlash siyosati Siyosiy zoʻravonlik Siyosiy oʻziga xoslik, shu jumladan etnik va diniy siyosat Demokratlashtirish va rejim oʻzgarishi Saylovlar va partiya tizimlari Rivojlanishning siyosiy iqtisodiyoti Kollektiv harakat Ovoz berish harakati Davlatning kelib chiqishi Qiyosiy siyosiy institutlar Qiyosiy siyosiy tadqiqot metodologiyalari Koʻpgina tadqiqotchilar, tadqiqot rejimlari va tadqiqot institutlari yuqoridagi toifalar yoki fokuslar boʻyicha aniqlangan boʻlsa-da, geografik yoki mamlakat ixtisosligini farqlovchi kategoriya sifatida daʼvo qilish odatiy hol emas.","Qiyosiy siyosatshunoslikda yagona nazariya yoʻq, koʻproq eksperimental va sifat usullariga eʼtibor qaratiladi. Bu soha yunon falsafasiga borib taqaladi va hozirda demokratiya, avtoritarizm, siyosiy zoʻravonlik, saylovlar va davlat kelib chiqishi kabi koʻplab yoʻnalishlarni oʻrganadi."
"USB Flash Drive („fleshka“) — kompyuter uchun tashqi axborot va maʼlumotlarni tashuvchi qurilma turi. Fleshka turli koʻrinishda boʻlib, asosiy farqi dizayni, sigʻimi, interfeys turi va qoʻshimcha imkoniyatlarida koʻrinadi. Sigʻim jihatdan — fleshkalar xilma-xil. Hozirgi kunda 1 Gbdan, 32 Gb va undan katta sigʻimli fleshkalar mavjud. Flesh-xotirani (inglizcha Flash-Memory) „Toshiba“ kompaniyasi mutaxassisi Fudzi Masuoka. 1984-yilda yaratgan. Uning nomini hamkasbi Syodzi Ariizumi oʻylab topgan — u fleshkadagi axborotni oʻchirish jarayoni unga fotoapparat chaqnagichini eslatgani uchun „chaqmoq“ — „flesh“ nomini taklif etgan. Hozirda „A-DATA“, „Kingston“, „Transcend“ fleshkalari mashhur boʻlsa, oʻz vaqtida „Intel“, „Samsung“ va „Toshiba“ bu qurilmaning yetakchi ishlab chiqaruvchilari boʻlgan. Asosan fleshka sigʻimining kattaligi, ixchamligi, elektr energiyasi talab qilmasligi, yuqori tezlikda axborot uzatishi, mexanik va elektromagnit taʼsirlardan himoyalanganligi va universalligi, har qanday kompyuterga, televizor, audio-videopleyerga tushaveradi bilan tavsiflanadi.","USB Fleshka — kompyuter uchun tashqi axborot tashuvchi qurilma, sigʻimi va dizayni boʻyicha xilma-xil. Flesh-xotirani 1984-yilda ""Toshiba"" mutaxassisi Fudzi Masuoka yaratgan. Bugun ""Kingston"", ""Transcend"" kabi kompaniyalar mashhur. Fleshkaning afzalligi — kichik oʻlchami, energiya talab qilmasligi va yuqori tezligi."
"Masalan, H2C=CH2 — etilen, HC≡CH — atsetilen, H—C≡N — vodorod sianid va hokazo. Ion (elektrovalent yoki geteropolyar) bogʻ — elementlarning atomlaridan biri elektron berib (yoʻqotib), musbat ionga aylanadi. Ikkinchi element atomi esa bu elektronni qabul qilib, manfiy ionga aylanadi"";"" Soʻngra bu musbat va manfiy ionlar oʻzaro bog'lanib molekula hosil qiladi. Bunday molekulaning musbat va manfiy qutbi boʻlgani uchun u, geteropolyar yoki ion bogʻlanishli molekula deyiladi. Ion bogʻ xossalari bir-biridan katta farq qiladigan elementlar — asl metallar bilan metallmaslarning atomlari orasida (masalan: natriy xlorid NaCl yoki kalsiy ftorid CaF2 molekulasida) yuzaga keladi. Mendeleyev davriy sistemasining 1-guruh metallari 1 zaryadli (ion valentligi +1), 2-guruh metallari 2 zaryadli (ion valentligi +2) ionlar hosil qiladi.","Ion bogʻ — bir atom elektron berib musbat ion, ikkinchisi elektron olib manfiy ionga aylanishi va bu ionlarning oʻzaro tortishishi orqali hosil boʻladigan bogʻ turi (masalan, natriy xlorid NaCl). Bu bogʻ metall va metallmas atomlari orasida yuzaga keladi."
"Lagranj va Gamilton zichligi aniq vaqtga bogʻliq boʻlmasa, quyidagi natijalar toʻgʻri boʻladi (ular maydonlar va ularning hosilalari orqali aniq vaqtga bogʻliq boʻlishi mumkin), Gamilton zichligi — umumiy energiya zichligi, kinetik energiya zichligi yigʻindisi ( T {\displaystyle {\mathcal {T}}} ) va potensial energiya zichligi ( V {\displaystyle {\mathcal {V}}} ), H = T + V . {\displaystyle {\mathcal {H}}={\mathcal {T}}+{\mathcal {V}}\,.} Yuqoridagi Gamilton zichligi taʼrifining qisman vaqt hosilasini olib, yashirin differensiatsiya va koʻpaytma impuls maydonini aniqlash uchun zanjir qoidasidan foydalanib, uzluksizlik tenglamasini beradi: ∂ H ∂ t + ∇ ⋅ S = 0 {\displaystyle {\frac {\partial {\mathcal {H}}}{\partial t}}+\nabla \cdot \mathbf {S} =0} bunda Gamilton zichligi energiya zichligi sifatida talqin qilinishi mumkin, va S = ∂ L ∂ ( ∇ ϕ ) ∂ ϕ ∂ t {\displaystyle \mathbf {S} ={\frac {\partial {\mathcal {L}}}{\partial (\nabla \phi )}}{\frac {\partial \phi }{\partial t}}} energiya oqimi yoki birlik sirt maydoniga vaqt birligidagi energiya oqimi.","Agar Lagranj va Gamilton zichligi vaqtga bevosita bogʻliq boʻlmasa, Gamilton zichligi umumiy energiya zichligi (kinetik va potensial energiya yigʻindisi)ga teng boʻladi va uzluksizlik tenglamasini qanoatlantiradi, bu esa energiya saqlanish qonunini ifodalaydi."
"Gamiltonning avtonom boʻlmagan mexanikasi vaqt oʻqi boʻyicha tolalar toʻplamlarida, yaʼni haqiqiy chiziq ℝ boʻyicha kovariant Gamilton maydon nazariyasi sifatida tuzilgan.",Gamiltonning avtonom bo'lmagan mexanikasi vaqt bo'yicha kovariant Gamilton maydon nazariyasi sifatida tuziladi.
"Kovariant Gamilton maydon nazariyasi Gamilton maydon nazariyasining relyativistik formulasidir. Gamilton maydon nazariyasi odatda klassik maydon nazariyasiga qoʻllanganda simplektik Gamilton formalizmini anglatadi, bu cheksiz oʻlchovli fazali fazoda bir lahzali Gamilton formalizmi shaklini oladi va kanonik koordinatalar vaqtning bir lahzasida maydon funktsiyalari hisoblanadi. Bu Gamilton formalizmi maydonlarni kvantlashda, masalan, kvant oʻlchov nazariyasida qoʻllanadi. Kovariant Gamilton maydon nazariyasida kanonik moment pmi barcha dunyo koordinatalariga nisbatan maydonlarning hosilalariga mos keladi xm. Kovariant Gamilton tenglamalari giperregular Lagranjlar holatida Eyler-Lagranj tenglamalariga ekvivalentdir. Kovariant Gamilton maydon nazariyasi Gamilton-De Donder, polisimplektik, multisimplektik va k -simplektik variantlarda ishlab chiqilgan. Kovariant Gamilton maydon nazariyasining faza fazosi chekli oʻlchovli polisimplektik yoki koʻp simplektik manifolddir.","Kovariant Gamilton maydon nazariyasi — Gamilton maydon nazariyasining relyativistik ko'rinishi. U cheksiz o'lchovli fazali fazodagi bir lahzali Gamilton formalizmiga asoslangan bo'lib, maydonlarni kvantlashda, masalan kvant o'lchov nazariyasida qo'llaniladi. Bu nazariyaning bir necha varianti (Gamilton-De Donder, polisimplektik va boshqalar) ishlab chiqilgan."
"Bu — koʻp qatlamli bosma plata, fleshkaning barcha elementlari unga oʻrnatiladi (kompyuterning ona platasiga oʻxshaydi). Fleshkani shikastlanishini qanday bilish mumkin? Fleshka bir ishlab, bir ishlamay qoladi. Bu — fleshkaning „tilcha“si. Unda sifatsiz kavsharlanish natijasida, shuningdek, qoʻpollik bilan ishlatish tufayli uzilishlar boʻlishi mumkin. Buning oqibatida kompyuter fleshkani tez-tez „koʻrmay“ qoladi. U — kompyuterdan kelayotgan kuchlanishni kontrollerva flesh-xotira uchun yetarli boʻlgan kuchlanishga aylantirib, bir maromda ushlab turadi. Baʼzi fleshkalarda boʻlmaydi yoki kontrollerning ichiga oʻrnatilgan boʻladi. Stabilizator ishdan chiqsa, fleshka yo umuman aniqlanmaydi, yoki „nomaʼlum qurilma“ sifatida koʻrinadi. USB-raz’yomning qutblari almashib qolganda ishdan chiqadi. Energiya talab qilmaydigan xotira. Eskirganligi yoki boshqa sabablarga koʻra uning baʼzi bloklari shikastlanadi.","Bu — fleshkaning barcha elementlari o'rnatilgan ko'p qatlamli bosma plata. Fleshka sifatsiz kavsharlash yoki qo'pol foydalanish natijasida shikastlanishi mumkin, buning oqibatida kompyuter uni ""ko'rmay"" qoladi. Stabilizator kompyuterdan kelayotgan kuchlanishni barqarorlashtiradi; u ishdan chiqsa, fleshka umuman aniqlanmaydi yoki ""noma'lum qurilma"" sifatida ko'rinadi. Fleshka USB-raz'yom qutblari almashsa yoki bloklari eskirsa ham ishdan chiqishi mumkin."
"Grafit (yunoncha grapho — yozaman) — mineral, yer poʻstlogʻida uchraydigan sof uglerodning bir koʻrinishi. Kimyoviy formulasi — C. Geksagonal singoniyali. Kristallari 6 burchakli plastinka, taxtacha va tangacha shaklida. Rangi qora va toʻq kulrang, metallsimon yaltiroq, qattiqligi 1, qatlamning oʻzida esa yuqori — 5,5 va undan koʻp. Zichligi 2,2 g/sm³. Keng tarqalgan. Oʻtga chidamli, elektr tokini yaxshi oʻtkazadi, kimyoviy barqaror. Sunʼiy ravishda ham olinadi. Asosan metamorfik jinslarda, deyarli magmatik jinslarda uchramaydi. Oʻzbekistonda (Qoratepa, Zirabuloq, Quljuqtov, Markaziy Qizilqum) mayda va yirik konlar hosil qilgan. RFda (Ilmen togʻi), Ukraina (Krivoy Rog), Kanada, Avstraliya, AQShda konlari bor. Eng katta koni Toshqazgʻanda (Quljuqtov). Grafitdan tigel, qalam, elektrod, boʻyoqlar tayyorlanadi.","Grafit — yer po'stlog'ida uchraydigan sof uglerod minerali, kimyoviy formulasi C. Rangi qora yoki to'q kulrang, metallsimon yaltiroq, yumshoq, lekin qatlam bo'ylab qattiqroq. O'tga chidamli, elektr o'tkazadi, kimyoviy barqaror va sun'iy ravishda ham olinadi. O'zbekistonda Qoratepa, Zirabuloq va Markaziy Qizilqumda konlari bor, eng yirigi Toshqazg'onda joylashgan. Grafitdan tigel, qalam, elektrod va bo'yoq tayyorlanadi."
"Galogenlar, davriy sistemaning 7-guruh elementlari elektron qabul qilib, manfiy zaryadlangan (ion valentligi -1) 1 valentli ionlar, kislorod va xossalari oʻnga oʻxshash elementlar esa 2 ta elektron qabul qilib manfiy zaryadlangan (ion valentligi -2) 2 valentli ionlar hosil qiladi. Kimyoviy bogʻlarning yuqorida keltirilgan asosiy xillari orasida oraliq shakllari ham bor.",Galogenlar (davriy sistemaning 7-guruh elementlari) bir elektron qabul qilib manfiy 1 valentli ion hosil qiladi. Kislorod va unga o'xshash elementlar esa ikki elektron qabul qilib 2 valentli ion hosil qiladi. Bu asosiy kimyoviy bog' turlari orasida oraliq shakllar ham mavjud.
"Astrofotografiya (ostro… vo fotografiya) – Astronomik kuzatuvlar usuli"";"" osmon yoritqichlarini fotografik yoʻl bilan suratga olishga asoslangan. Astrofotografiya kosmik jismlarning nisbiy koordinatalari va harakatlarini aniqlash, parallaksii oʻlchash, Quyoshning toʻla tutilishi paytlarida Eynshteyn effektini kuzatish va boshqa qator masalalar bilan shugʻullanadi, astrofizika, yulduz astronomiyasi va osmon mexanikasiga oid zarur maʼlumotlarni beradi. Teleskop yordamida koʻzga koʻrinmaydigan juda xira kosmik jismlarni ham fotografik yoʻl bilan suratga olish mumkin. Ultrabinafsha va infraqizil nurlarga juda sezgir fotoemulsiya ixtiro qilinganidan keyin Koinotni oʻrganishga keng yoʻl ochildi. Bir vaqtning oʻzida bir qancha kosmik jismlar yoki obyektning toʻla tasvirini olish fotografik kuzatish usulining muhim xususiyatlaridan biridir. Fotosurat olingandan keyin uni sinchiklab oʻrganib, yulduzlar xaritasi va katalogi, Quyosh, Oy, sayyoralar, kometalar, tumanliklar, galaktikalar va boshqa kosmik jismlar haqida yangi-yangi maʼlumotlar olinadi.","Astrofotografiya — osmon jismlarini fotografik yo'l bilan suratga olish usuli bo'lib, ularning koordinatalari, harakati va boshqa xususiyatlarini o'rganishga yordam beradi. Teleskop orqali ko'zga ko'rinmaydigan xira jismlarni ham suratga olish mumkin. Bu usul yordamida yulduz xaritalari va kataloglari, sayyoralar, kometalar va galaktikalar haqida yangi ma'lumotlar olinadi."
"Asinxron generator — Generator rejimida ishlaydigan asinxron mashina"";"" mexanik energiyani elektr energiyasiga aylantirib beradi. Asinxron generator xarakatlantiruvchi dvigatel yordamida magnit maydon yoʻnalishida katta tezlik bilan aylantiriladi. Bu vaqtda Asinxron generator rotorinint sirpanishi manfiy boʻlib qoladi, mashina valida tormozlovchi moment vujudga keladi va energiyasini tarmoqqa berib, generator sifatida ishlaydi. Asinxron generatordan kichik quvvatli yordamchi elektr tok manbai va tormozlash qurilmasi sifatida foydalaniladi.","Asinxron generator — mexanik energiyani elektr energiyasiga aylantiruvchi asinxron mashina. U dvigatel yordamida aylantiriladi, natijada valida tormozlovchi moment paydo bo'lib, energiya tarmoqqa beriladi. Asinxron generator kichik quvvatli yordamchi manba va tormozlash qurilmasi sifatida ishlatiladi."
"Fotografiya, dastlab, Quyosh va Oyning suratini olishda ishlatildi. Quruq fotoemulsiya paydo boʻlganidan soʻnggina yulduz va tumanliklarning fotosuratini olish imkoniyati tugʻildi. 1891-yilda fotografik usul bilan birinchi kichik sayyora ochildi. Kometa va asteroidlarning deyarli hammasi Astrofotografiya usuli bilan kashf qilinadi. Fotografik usulning astrofizikada qoʻllanishi muhim maʼlumotlarni olishga va uning keskin rivojlanishiga imkon berdi. Yulduz qanchalik ravshan boʻlsa, fototasvirning diametri shunchalik katta va qoramtir boʻladi. Fotografiyaning bu xususiyati tufayli fotometriya paydo boʻldi (qarang Astrofotometriya).","Fotografiya dastlab Quyosh va Oyni suratga olishda ishlatilgan, keyin yulduzlar va tumanliklarni ham suratga olish imkoni tug'ildi. 1891-yilda birinchi kichik sayyora fotografik usul bilan ochilgan. Bu usul astrofizikaning rivojlanishiga katta hissa qo'shdi, shu tufayli fotometriya paydo bo'ldi."
"Astrofotometriya (ostro… va foto, yunoncha: metreo — oʻlchayman) — amaliy astrofizika boʻlimi""; u osmon jismlaridan kelayotgan nurlarni oʻlchash va nurlanish spektrining turli qismlari ravshanligini oʻrganish bilan shugʻullanadi. Yoritqichlar ravshanligini aniqlashning eng sodda yoʻllari vizual va fotografik usullar hisoblanadi. Bunda ravshanligi maʼlum boʻlgan (standart) yulduzlardan taqqoslash maqsadida foydalaniladi. Zamonaviy ilmiy tadqiqot ishlari Astrofotometriyada asosan turli fotoelektrik nur qabul qilgichlar, xususan, fotoelektron koʻpaytirgich, fotoqarshilik, fotodiod va boshqa yordamida bajariladi. Bularning samarasi foto-emulsiyaga nisbatan kamida yuz marta yuqori. Astrofotometriyada zaryad aloqasiga asoslangan matritsali asboblar (SSD) qoʻllanadi;"" bunda fotoelektrik va fotografik (tasvirni hosil qilish) xususiyatlari birgalikda hisobga olingan. Astrofizik obyektlar spektrida energiya taqsimotini oʻrganish maqsadida koʻp rangli Astrofotometriya qoʻllanadi.","Astrofotometriya — osmon jismlaridan kelayotgan nurni o'lchash bilan shug'ullanadigan fan bo'limi. Ravshanlikni aniqlashning eng sodda usullari vizual va fotografik bo'lib, hozir esa fotoelektrik asboblar (fotokopaytirgich, SSD matritsalar) qo'llaniladi, ular fotoemulsiyaga qaraganda ancha samaraliroq."
"U toʻlqin uzunlik X boʻylab spektrning turli qismlari uchun nurlanish oqimini oʻlchaydi va natijalarni yulduz kattaligi m birligida ifodalab beradi. Pogson formulasi yoritilganlik nurlanish intensivligiga toʻgʻri mutanosib ekani sababli, bu formula yordamida quyidagi munosabat keltirib chiqariladi: m(λ,)=2,5lg[ (Iλ1)/I(λ,)] Ushbu ayirma yulduzning rang koʻrsatkichi deyiladi. Uning qiymati qanchalik katta boʻlsa, yulduz rangi shunchalik „qizil“ hisoblanadi va bu rang maʼlum spektral oraliqqa mansub boʻladi. Umuman, yulduz kattaligi nechta spektral oraliq uchun topilishiga qarab shuncha rangli fotometriya qoʻllangan deyiladi. Yulduzlar spektrining turli qismlari uchun energiya taqsimotini oʻrganish dastlab fotometrik sistemani ishlab chiqishlikni talab etadi. Bu sistemaga har bir rangning effektiv toʻlqin uzunligi, uning effektiv yarim kengligi AL fotometrik standartlari (maʼlum yulduzlar uchun oʻlchangan nurlanish oqimi qiymatlari) va boshqa kiradi.","Yulduz nurlanishini o'lchash uchun Pogson formulasi qo'llaniladi, u yorug'lik intensivligiga proportsional bo'lgan yulduz kattaligini beradi. Ikki spektral oraliq o'rtasidagi farq — yulduzning rang ko'rsatkichi bo'lib, u qanchalik katta bo'lsa, yulduz shunchalik ""qizil"" hisoblanadi. Bunday o'lchov uchun maxsus fotometrik sistema kerak bo'ladi."
"Astrospektroskopiya (astro… vaspektr…, yunoncha skopeo – qarayman) – osmon yoritqichlari nurini spektrga yoyib tahlilqiladigan, unga asoslanibularningfizikholati, kimyoviytarkibi, harakati, shuningdekyulduzlar-aromuhitdagimoddaningxususiyatlarinitekshiradiganastrofizikusul. Osmon yoritqichlari spektri teleskopga oʻrnatilgan tirqishli yoki tirqishsiz spektrograf vositasida olinadi. Tirqishli spektrografda bir vaqtning oʻzida bitta yulduz spektrini olish mumkin. Obyektivi oldiga prizma oʻrnatil-gan astrograf birdaniga bir necha oʻn va yuz yulduz spektrini olishga imkon beradi. Astrospektroskopiya asosiy masalalari osmon yoritqichi spektrini suratga tushirish yoki lentaga yozib olish va unda energiyaning taqsimlanishini, spektral chiziqlar toʻlqin uzunliklarini oʻlchgsh va bu chiziqlar qanday kimyoviy element atomlariga tegishli ekanini aniqlashdan iborat. Buning uchun osmon yoritqichispektri ustiga va tagiga etalon spektral chiziklari bor laboratoriya manbaining spektri ham tushiriladi.","Astrospektroskopiya — osmon jismlari nurini spektrga yoyib, ularning fizik holati, kimyoviy tarkibi va harakatini o'rganadigan usul. Yoritqich spektri teleskopga o'rnatilgan spektrograf orqali olinadi. Bu usul yordamida spektral chiziqlar to'lqin uzunligi o'lchanadi va ular qaysi kimyoviy elementga tegishli ekani aniqlanadi."
"Yoritqichning spektral chiziklari manba chiziklariga taqqoslanadi va ularga nisbatan toʻlqin uzunliklari oʻlchanadi. Shunday yoʻl bilan yoritqich atmosferasida qanday kimyoviy elementlar borligi aniqlanadi. Kuzatilgan chizikdarning etalon chiziqlarga nisbatan siljishiga koʻra yoritqichning nur yoʻnalishidagi (nuriy) tezligi topiladi. Masalan, Galaktikalar spektrida chizikdarning qizilga siljishi (Dopler effekti). Aniq fizik maʼlumotlar yoritqich spektrini fotometriyalash yoʻli bilan olinadi. Spektrda energiyaning taqsimlanishi yoritqichning temperaturasini oʻlchashga, spektral chiziklarni fotometriyalash yoritqich atmosferasining miqdoriy, kimyoviy tarkibini, temperaturasini, zichligini aniqlashga imkon beradi. Yulduzlarning kimyoviy tarkibi umuman olganda bir xil boʻlib, asosan, vodorod va geliydan iborat, ularning spektri tarkibiga va chiziqlarining intensivligiga koʻra bir-biridan farq qiladi. Spektral chizikdarning intensivligiga koʻra yulduzlar spektral sinflarga ajratilgan.","Yoritqichning spektral chiziqlari etalon chiziqlar bilan solishtirilib, uning kimyoviy tarkibi va nur yo'nalishidagi tezligi aniqlanadi. Spektrni fotometriyalash orqali yoritqichning harorati, kimyoviy tarkibi va zichligi aniqlanadi. Yulduzlar asosan vodorod va geliydan iborat bo'lib, spektral chiziqlar intensivligiga qarab sinflarga bo'linadi."
"Bunday ajralish asosida temperaturalarning har xilligi yotadi. Yulduzlarning spektral sinfi bilan ularning yorqinligi (toʻla energiyalari) orasida bogʻlanish mavjud. U spektr-yorqinlik yoki Gershprung-Ressel diagrammasi deyiladi. Osmon yoritqichlaridagi barcha kimyoviy elementlar Yerda ham bor. Baʼzi elementlar (masalan, geliy) avval Quyosh, yulduz va tumanliklarda, keyinchalik esa Yerda topilgan. Spektral taxdil osmon yoritqichlarini oʻz oʻqi atrofida, qoʻshaloqligi koʻrinmaydigan zich juft yulduzlarning umumiy massa markazi atrofida aylanishini (spektral qoʻshaloq yulduzlar) oʻlchashga va oʻrganishga, yoritqichlarning magnit maydonini oʻlchashga (qarang Zeyeman effekti) imkon beradi.","Yulduzlarning spektral sinflari harorat farqiga asoslanadi. Spektral sinf bilan yorqinlik orasidagi bog'liqlik Gershprung-Ressel diagrammasi deb ataladi. Spektral tahlil yordamida yulduzlarning o'z o'qi atrofida aylanishi, qo'shaloq yulduzlar va magnit maydonlari o'rganiladi."
"Toʻsiqlar tufayli genetik maʼlumot almashinuvi imkonsiz boʻlib qolishi oxir-oqibat reproduktiv izolyatsiyaga olib keladi. Agar ushbu guruhlar kelajakda yana uchrashsa ham, ular oʻzaro koʻpaya olmaydi — bu esa yangi tur shakllanganidan dalolat beradi. Allopatrik turlar hosil boʻlishi ikki asosiy modelga boʻlinadi: vikariansiya va peripatrik modellar. Ular populyatsiya hajmi va ajralish mexanizmi bilan farqlanadi. Evolyutsion biologiyada allopatriya tushunchasi koʻpincha areallari bir-biriga mos kelmaydigan, lekin qoʻshni hududlarda yashovchi organizmlarga nisbatan qoʻllaniladi. Bu tushuncha bir hudud ichida turlarning ajralishini anglatuvchi simpatriyaga qarama-qarshi qoʻyiladi. Vikariant evolyutsiya gʻoyasi birinchi boʻlib XX asr oʻrtalarida venesuelalik botanik Léon Croizat tomonidan ilgari surilgan. 1960-yillarda plitalar tektonikasi nazariyasi qabul qilinishi bilan ushbu model ilmiy jihatdan mustahkamlandi.","Geografik to'siqlar genetik almashinuvga to'sqinlik qilib, oxir-oqibat reproduktiv izolyatsiyaga olib keladi — ajralgan guruhlar keyinchalik uchrashsa ham ko'paya olmaydi, bu yangi tur paydo bo'lganidan dalolat beradi. Allopatrik turlanish vikariansiya va peripatrik modellarga bo'linadi. Bu g'oyani birinchi bo'lib botanik Léon Croizat ilgari surgan, 1960-yillarda plitalar tektonikasi nazariyasi bilan mustahkamlangan."
"Torraco (2016) da adabiy tahlil tavsiflanadi. Integrativ adabiy tahlil o'rganilayotgan adabiyotlarni ko'rib chiqish, tanqid qilish va keyin sintez qilish orqali mavzu bo'yicha yangi bilimlarni yaratishdir. George et al (2023) tahlil yondashuvlarining keng ko'lamini taqdim etdi va har biri o'ziga xos maqsadlarga ega bo'lgan olti xil tahlil turini tavsifladi. Birinchidan, ma'noning tub mohiyati farqli o'laroq, mavzu qamroviga e'tibor qaratiladigan tadqiqot yoki keng ko'lamli tahlil. Ikkinchidan, mavzu bo'yicha amaliy tadqiqotlarni birlashtiradigan tizimli yoki birlashtirilgan tahlil. Uchinchidan, turli tadqiqot yoki amaliyot jamoalarini solishtirish uchun adabiyotlardan foydalanadigan sifatli tahlil yondashuvi bo'lgan meta-tahlil. To'rtinchidan, nazariyani boshqa adabiyotlar bilan bog'lash orqali fikrlashning yangi usullarini taklif qiladigan muammoli yoki tanqidiy tahlildir.","Adabiy tahlil turli xil bo'lishi mumkin. Integrativ tahlil — mavzu bo'yicha mavjud adabiyotni ko'rib chiqish va sintez qilish orqali yangi bilim yaratishdir. Olimlar tahlilning bir necha turini ajratadi: keng qamrovli tahlil, tizimli tahlil, meta-tahlil hamda muammoli yoki tanqidiy tahlil — har biri o'ziga xos maqsadga xizmat qiladi."
"Tinch okeani va Karib dengizi bir-biridan ajralishi natijasida shaffof qisqichbaqalarning (Alpheus) kamida 15 juft singil turi shakllangan. Boʻgʻozning ikki tomonida yashovchi bu juftliklar hozirda oʻzaro koʻpaya olmaydi. Laboratoriyada allopatrik turlar hosil boʻlishini kuzatish uchun koʻpincha *Drosophila* pashshalaridan foydalaniladi. Dayen Dodd oʻtkazgan mashhur tajribada pashshalar ikki guruhga boʻlinib, kraxmal va maltoza bilan boqilgan. Atigi 40 avloddan keyin, kraxmalda oʻsgan pashshalar maltozada oʻsganlar bilan juftlashishni istamay qolgan. Bu esa reproduktiv izolyatsiya tabiiy tanlanishning yon mahsuloti sifatida rivojlanishini isbotladi. Allopatrik turlar hosil boʻlishi konsepsiyasi XIX asrda Morits Vagner tomonidan taklif etilgan. Biroq, bu nazariyaning zamonaviy koʻrinishi 1942-yilda Ernst Mayr tomonidan shakllantirildi. Mayr oʻzining Systematics and the Origin of Species asarida geografik izolyatsiyani turlar paydo boʻlishining markaziy omili sifatida koʻrsatdi.","Tinch okeani va Karib dengizi ajralishi natijasida qisqichbaqalarning kamida 15 juft turi shakllangan bo'lib, ular endi o'zaro ko'paya olmaydi. Laboratoriyada Drosophila pashshalari bilan o'tkazilgan tajribada 40 avloddan keyin turli oziq bilan boqilgan pashshalar bir-biri bilan juftlashishni istamay qolgan. Bu allopatrik turlanish nazariyasini tasdiqlagan, uni zamonaviy shaklda 1942-yilda Ernst Mayr shakllantirgan."
"Men uchun faqat nisbiy harakatlar mavjud... Jism qo'zg'almas yulduzlarga nisbatan aylanganda markazdan qochma kuchlar hosil bo'ladi""; u qo'zg'almas yulduzlarga nisbatan emas, balki boshqa jismga nisbatan aylanganda markazdan qochma kuchlar hosil bo'lmaydi. Bu qarama-qarshilikdan qochadigan talqin shundan iboratki, aylanuvchi sharlar tajribasi hech narsaga (masalan, mutlaq fazo yoki qoʻzgʻalmas yulduzlarga) nisbatan aylanishni aniq belgilamaydi;"" balki eksperiment mutlaq aylanish deb ataladigan harakat bilan nimani anglatishini operatsion taʼrifidir. Ushbu shar misoli Nyuton tomonidan mutlaq fazoga nisbatan aylanishni aniqlashni muhokama qilish uchun ishlatilgan. Ipdagi kuchlanishni hisobga olish uchun zarur boʻlgan xayoliy kuchni tekshirish kuzatuvchi uchun ular aylanyaptimi yoki yoʻqmi, deb qaror qilishning bir usuli hisoblanadi — agar xayoliy kuch nolga teng boʻlsa, ular aylanmaydi. (Albatta, gravitron oʻyin-kulgi kabi ekstremal holatda, siz aylanayotganingizga koʻp ishontirishga hojat yoʻq, lekin Yer yuzasida turganingizda, masala yanada nozikroq) Quyida ushbu kuzatish ortidagi matematik tafsilotlar keltirilgan. 1-rasmda ikkita bir xil sharning ularni birlashtiruvchi ipning markazi atrofida aylanayotgani koʻrsatilgan.","Faqat nisbiy harakatlar mavjud: jism qo'zg'almas yulduzlarga nisbatan aylanganda markazdan qochma kuch paydo bo'ladi, boshqa jismga nisbatan aylanganda esa yo'q. Aylanuvchi sharlar tajribasi mutlaq aylanishni emas, balki bu tushunchaning operatsion ta'rifini beradi. Ipdagi kuchlanishni tekshirish orqali jismning aylanayotgan-aylanmayotganini aniqlash mumkin."
"Shu bilan bir qatorda, ushbu tajribalar "" mutlaq aylanish "" deganda nimani anglatishini aniq taʼriflaydi va „ nimaga nisbatan aylanish?“ Umumiy nisbiylik mutlaq fazodan va sababi tizimdan tashqarida boʻlgan fizikadan, fazo-vaqt geodeziyasi tushunchasidan voz kechadi. Nyuton mutlaq fazo idrok qilinadigan narsa emasligidan kelib chiqib, biz jismlarning haqiqiy harakatlarini eksperimental tarzda aniqlashimiz mumkinligi haqidagi muammoni hal qilishga qiziqdi. Uning soʻzlariga koʻra, bunday qatʼiylikni jismlarning bir-biriga nisbatan koʻrinadigan harakatlarini emas, balki harakatning sabablarini (yaʼni kuchlarni) kuzatish orqali amalga oshirish mumkin (chelak argumentida boʻlgani kabi). Sabablarni kuzatish mumkin boʻlgan misol sifatida, agar kosmosda suzib yuruvchi ikkita globus shnur bilan bogʻlangan boʻlsa, shnurdagi kuchlanish miqdorini oʻlchaydi va vaziyatni baholash uchun boshqa hech qanday maslahatlar boʻlmasa, ikkita ob’ektning qanchalik tez harakat qilishini koʻrsatishning oʻzi kifoya. umumiy massa markazi atrofida aylanadi. (Bu tajriba kuchni, kuchlanishni kuzatishni oʻz ichiga oladi).","Bu tajribalar ""mutlaq aylanish"" tushunchasini aniqlaydi. Umumiy nisbiylik nazariyasi mutlaq fazo tushunchasidan voz kechadi. Nyuton jismlarning haqiqiy harakatini kuzatish orqali emas, balki kuchlarni kuzatish orqali aniqlash mumkinligini ko'rsatgan — masalan, ipga bog'langan ikki globusning kuchlanishini o'lchash orqali."
"Ekvatorial mintaqa — Ekvatorning har ikki yonida 5—8° shahridan 4—11° janubiy kenglik oraligʻida joylashgan geografik mintaqa"";"" shimoliy va janubiy tomonlardan subekvatorial mintaqalar bilan chegaradosh. Baʼzi tadqiqotchilar Ekvatorial mintaqani tropik mintaqaga kiritadilar. Iqlimi quyosh energiyasining koʻp tushishiga bogʻliq ravishda shakllangan. Ekvatorial mintaqada yil boʻyi havo issiq (24—28°), yogʻin koʻp (1500-3000 mm, shamolga roʻpara yon bagʻirlarda 10000 mm gacha). Yogʻin miqdori bugʻlanishdan koʻp boʻlganligi sababli namlik juda yuqori. Daryolari sersuv, suv sarfi deyarli oʻzgarmas. Materiklarning bu mintaqadagi qismlarida fasllar bir-biridan farq qilmaydi, biokimyoviy va tabiiy jarayonlar jadal roʻy beradi. Nurash, kimyoviy nurash jarayoni kuchli, nordon qizgʻishsariq ferralit (laterit) tuproqlar tarqalgan. Tuproqlari tarkibida gumus kam, temir va alyuminiy gidroksidlariga boy.","Ekvatorial mintaqa — Ekvatorning ikki tomonida, 5-8° shimoliy va 4-11° janubiy kenglik oraligʻida joylashgan geografik mintaqa. Ba'zi olimlar uni tropik mintaqaga kiritadi. Bu yerda yil boʻyi havo issiq (24-28°), yogʻin koʻp (1500-3000 mm, ba'zi joylarda 10000 mm gacha) va namlik yuqori. Daryolar sersuv, fasllar farqlanmaydi, tabiiy jarayonlar tez kechadi. Tuprogʻida gumus kam, lekin temir va alyuminiyga boy ferralit tuproqlar tarqalgan."
"Irsiyatning mutatsiya nazariyasi kashf etilishi (de Vries, 1903) genetika tarixidagi muhim voqealardan biri boʻldi. Bu nazariyaga binoan kuchli taʼsir etuvchi omillar (mutagenlar) taʼsirida organizmlarning genlari tubdan oʻzgarib, yangi turgʻun xolatda nasldan-naslga beriladigan oʻzgaruvchanlik paydo boʻladi. Bu jarayon mutagenez, irsiy oʻzgargan belgi esa mutatsiya"";"" mutatsiyaga ega boʻlgan organizm oʻz navbatida mutant deb ataladi. Ushbu nazariya dastlab rus olimi S. I. Korjinskiy tomonidan yangi dalillar bilan tasdiklandi. Nemis olimi Gregor Meller 1927-yilda drozofila pashshasiga radiatsiya nurlarini taʼsir ettirib, sunʼiy sharoitda koʻplab mutatsiya olish mumkin ekanligini isbotladi. U tajribada hosil boʻlayotgan mutatsiyalarni hisobga olish, ularning tabiatini oʻrganish metodini ishlab chiqdi. Rus olimlari genetika A.","Irsiyatning mutatsiya nazariyasini de Vries 1903-yilda kashf etgan — bu genetika tarixidagi muhim voqea. Nazariyaga koʻra, mutagenlar taʼsirida organizm genlari oʻzgarib, nasldan-naslga oʻtuvchi yangi belgi — mutatsiya paydo boʻladi, bunday organizm mutant deyiladi. Bu nazariyani rus olimi S. Korjinskiy yangi dalillar bilan tasdiqladi. Nemis olimi Gregor Meller 1927-yilda drozofila pashshasiga radiatsiya taʼsir ettirib, sun'iy sharoitda mutatsiya olish mumkinligini isbotladi."
"Nadson va genetika S. Filippov (1925) rentgen nurlari taʼsir ettirib, madaniy oʻsimliklarning har xil mutatsiyalarini olishdi. Ingliz olimi Sh. Auerbax, rus olimi I. A. Rapoport ayrim kuchli taʼsir etuvchi kimyoviy moddalar taʼsirida mutatsiya olish metodini ishlab chiqdi. Bu tadqiqotlar mutatsion genetika yoʻnalishining paydo bulishiga olib keldi. Evolyutsion genetika organizmlardagi genetik qonuniyatlarni populyatsiya darajasida tekshiradi. Bunday maʼlumotlar evolyutsion taʼlimotni genetik asoslashga imkon berdi. Evolyutsion genetika duragaylash, mutagenez, alohidalanish (izolyatsiya), kuchish (migratsiya), tanlash, genlar dreyfi, populyatsiya toʻlqini kabi omillarning evolyutsiyadagi ahamiyatini tushunib olishga imkon beradi. Turlar evolyutsiyasi, hayvonlar zoti va oʻsimlik navlari yaratishning genetik asoslarini urganish imkonini beruvchi genetikmatematik metodlar ishlab chiqildi (ingliz olimlari R.","Nadson va Filippov 1925-yilda rentgen nurlari yordamida madaniy oʻsimliklarda turli mutatsiyalar hosil qilishdi. Sh. Auerbax va I. Rapoport kuchli kimyoviy moddalar yordamida mutatsiya olish usulini ishlab chiqdi — shu tariqa mutatsion genetika yoʻnalishi paydo boʻldi. Evolyutsion genetika populyatsiya darajasida genetik qonuniyatlarni oʻrganib, evolyutsiya nazariyasini genetik jihatdan asoslashga yordam berdi. U duragaylash, mutagenez, izolyatsiya, migratsiya, tanlash va genlar dreyfi kabi omillarning evolyutsiyadagi rolini tushunishga xizmat qiladi."
"Fisher, J. Xoldeyn, amerikalik olim S. Rayt, 1920—30"";"" rus olimlari S. S. Chetverikov, N. P. Dubinin va boshqalar) Vavilovning irsiy oʻzgaruvchanlikning gomologik qatorlar qonuni, madaniy oʻsimliklarning kelib chiqish genotsentrlari haqidagi taʼlimoti hamda geografik jihatdan uzoq formalarni chatishtirish va immunlik toʻgʻrisidagi nazariyalari oʻsimliklar seleksiyasi samaradorligini oshirishda katta ahamiyatga ega boʻldi. Bu gʻoyalar mevali daraxtlarning bir qancha serhosil va sovuqqa chidamli navlarini yetishtirish uchun asos boʻldi. Soʻnggi yillarda radiatsiya va kimyoviy mutagenlar yordamida mutatsiya vujudga keltirish usuli tobora keng qoʻllanilmoqda. Bir qator antibiotiklar, aminokislotalar va biologik faol moddalarning mutant shtammlari vujudga keltirilgan. Oʻzbekistonda madaniy oʻsimliklar genetikasi va seleksiyasi sohasidagi ilmiy tadqiqot ishlari boshlangʻich material hisoblangan oʻsimliklar genofondini yaratish bilan bogʻliq.","Ingliz olimlari Fisher va Xoldeyn, amerikalik Rayt hamda rus olimlari Chetverikov va Dubinin bu sohada ishlagan. Vavilovning irsiy oʻzgaruvchanlik qonuni va oʻsimliklar kelib chiqishi haqidagi taʼlimoti seleksiya samaradorligini oshirishda katta ahamiyat kasb etdi — bu gʻoyalar serhosil va sovuqqa chidamli mevali daraxt navlarini yaratishga asos boʻldi. Soʻnggi yillarda radiatsiya va kimyoviy mutagenlar yordamida mutatsiya hosil qilish keng qoʻllanilmoqda, natijada antibiotik va aminokislota ishlab chiqaruvchi mutant shtammlar yaratilgan. Oʻzbekistonda bu soha oʻsimliklar genofondini yaratishga qaratilgan."
"Avvalroq Sally Ferries Dunkirk yoʻlovchi va avtomobil parom xizmatlarini taklif qilgan. 2013-yil aprelgacha Transeuropa Ferries Ramsgate va Ostend oʻrtasidagi yuk va transport paromlarini boshqargan. Shaharda yengil sanoat mavjud. Rivojlanayotgan sanoat elektr energiyasi ishlab chiqarishdir. Sohil yaqinida shamol elektr stansiyasini qurish loyihasi doirasida 800 ta ish oʻrni yaratilgan. Ramsgit bozori har juma va shanba kunlari High Street, King Street va Queen Streetda oʻtkaziladi. 2001-yilgi aholini roʻyxatga olish maʼlumotlariga koʻra, Ramsgit aholisi 39,639 kishi edi. Tugʻilgan joyi boʻyicha: 95,6% Buyuk Britaniya, 0,7% Irlandiya, 0,6% Germaniya, 0,6% Gʻarbiy Yevropa mamlakatlari, 0,3% Sharqiy Yevropa, 0,6% Uzoq Sharq, 0,5% Afrika, 0,3% Shimoliy Amerika, 0,3% Janubiy Osiyo, 0,2% Yaqin Sharq, 0,2% Okeaniya va 0,1% Janubiy Amerika.","Avval Sally Ferries kompaniyasi Dunkirkka parom xizmati koʻrsatgan, 2013-yilgacha esa Transeuropa Ferries Ramsgeyt-Ostend yoʻnalishida yuk tashigan. Shaharda yengil sanoat va shamol energetikasi rivojlanmoqda — qirgʻoqdagi shamol stansiyasi 800 ta ish oʻrni yaratgan. Bozor har juma-shanba kunlari oʻtkaziladi. 2001-yilda aholi soni 39 639 kishini tashkil etgan, ularning aksariyati Buyuk Britaniyada tugʻilgan."
"Birinchi darajali nazariyalarga koʻra, mavjudlik shaxslarning xususiyatidir. Bu nazariyalar ikkinchi darajali nazariyalarga qaraganda kamroq qabul qilingan boʻlsa-da, ularga ham baʼzi tarafdorlar bor. Birinchi darajali nazariyalarning ikki turi mavjud: meinongianizm va universalizm. Mavjudlikni ayrim narsalarning xususiyati sifatida, biroq barcha mavjudotlarga xos boʻlmagan xossa deb taʼriflovchi meinongianizm taʼlimoti dastlab Alexius Meinong tomonidan ilgari surilgan. Uning asosiy gʻoyasi shundan iboratki, mavjud boʻlmagan baʼzi narsalar ham bor, yaʼni biror narsaning bor boʻlishi uning mavjudligiga bogʻliq emas. Mavjud boʻlmagan narsalarning taklif etilgan misollariga uchuvchi choʻchqalar kabi xayoliy narsalar, shuningdek, Sherlock Holmes va Zevs singari badiiy va afsonaviy qahramonlar kiradi. Bu qarashga koʻra, ushbu narsalar mavjud boʻlmasa-da, real va bordir.","Birinchi darajali nazariyalarga koʻra mavjudlik — shaxslarning xususiyati. Ularning bir turi — meinongianizm, Aleksius Meinong ilgari surgan taʼlimot boʻlib, unga koʻra mavjud boʻlmagan narsalar ham ""bor"" — masalan, uchar choʻchqa yoki Sherlok Xolms kabi xayoliy va afsonaviy qahramonlar. Bu qarashga koʻra ular mavjud boʻlmasa-da, real hisoblanadi."
"Ular asosan ongli tajribalar bilan bogʻliq boʻlsa-da, ongsiz ishonch, istak va xotiralar kabi holatlarni ham oʻz ichiga oladi. Ong-jism masalasi fizik va aqliy mavjudliklarning ontologik holati hamda ularning oʻzaro munosabati bilan bogʻliq boʻlib, metafizika va ong falsafasida tez-tez muhokama qilinadigan mavzu hisoblanadi. Materialistlarning fikricha, eng asosiy darajada faqat fizik narslar mavjud boʻladi. Materialistlar odatda aqliy narsalarni fizik jarayonlar nuqtayi nazaridan tushuntiradi"";"" masalan, miya holatlari yoki neyronlarning faollashuv qonuniyatlari. Zamonaviy falsafada kamchilik nuqtayi nazari hisoblanuvchi idealizm bu masalani rad etadi va ongni eng asosiy haqiqat sifatida taʼriflaydi. Badiiy asarlar ichida keltirilgan toʻqima narsalar xayoliy narsalar hisoblanadi. Masalan, Sherlock Holmes Arthur Conan Doylening „Alvon rangli etyud“ nomli kitobidagi xayoliy qahramon boʻlsa, uchar gilamlar „Ming bir kecha“ xalq ertaklaridagi xayoliy narsalardir.","Ong-jism masalasi fizik va aqliy mavjudotlarning oʻzaro munosabatini oʻrganadi. Materialistlarga koʻra faqat fizik narsalar mavjud va aqliy holatlar miya jarayonlari orqali tushuntiriladi, idealizm esa ongni asosiy haqiqat deb biladi. Badiiy asarlardagi toʻqima qahramonlar — masalan Sherlok Xolms yoki uchar gilam — xayoliy narsalar hisoblanadi."
"Mavjudlikning ikki asosiy nazariyasi birinchi va ikkinchi darajali nazariyalardir. Birinchi darajali nazariyalarda mavjudlik shaxslarning xususiyati sifatida tushunilsa, ikkinchi darajali nazariyalarda esa mavjudlik ikkinchi darajali xususiyat, yaʼni xususiyatlarning xossasi hisoblanadi. Mavjudlik mohiyati nazariyalari uchun asosiy masala „Qorbobo mavjud emas“ degan jumla kabi biror narsaning yoʻqligini izchil rad etishdir. Bu yerda asosiy muammo Qorbobo aslida mavjud boʻlmasa-da, „Qorbobo“ nomining qanday qilib maʼnoga ega boʻlishi mumkinligini izohlashdir. Ikkinchi darajali nazariyalarda mavjudlik birinchi darajali xususiyat sifatida emas, balki ikkinchi darajali xususiyat sifatida tushuniladi. Ular koʻpincha ontologiyada ortodoksal pozitsiya sifatida qabul qilinadi. Misol uchun, Empire State binosi alohida narsa boʻlib, uning „443,2 metr (1454 fut) balandlikka ega boʻlishi“ birinchi darajali xususiyatidir. „Mavjud boʻlishi“ esa „443,2 metr balandlikka ega boʻlish“ xususiyatining xossasi, shuning uchun u ikkinchi darajali xususiyat hisoblanadi.","Mavjudlikning ikki asosiy nazariyasi bor: birinchi darajali nazariyada mavjudlik shaxsning xususiyati, ikkinchi darajali nazariyada esa xususiyatning xossasi hisoblanadi. Masalan, Empire State binosi uchun ""443 metr balandlikda boʻlish"" birinchi darajali xususiyat, ""mavjud boʻlish"" esa shu xususiyatning xossasi sifatida ikkinchi darajali hisoblanadi."
"Masalan, bu qarashda „Xudo mavjud“ jumlasi „Xudoning mavjudlik xususiyati bor“ degan maʼnoni emas, balki „Ilohiylik namoyon boʻlgan“ degan maʼnoni anglatadi.Mavjudlikni shaxslarning xususiyati sifatida tavsiflashga qarshi asosiy sabab shuki, mavjudlik oddiy xususiyatlardan farq qiladi. Bino boʻlish yoki 443,2 metr balandlikka ega boʻlish kabi oddiy xususiyatlar narsalarning qanday ekanligini ifodalaydi, ammo oʻsha binoning mavjud yoki yoʻqligini toʻgʻridan-toʻgʻri tasvirlamaydi. Ushbu qarashga koʻra, mavjudlik oddiy xususiyatlardan koʻra muhimroqdir, chunki biror narsa mavjud boʻlmasa, u hech qanday xususiyatlarga ega boʻla olmaydi. Koʻpchilik ontologlar ikkinchi darajali nazariyalarning mavjudlik haqidagi koʻplab jumlalarni toʻgʻri tahlil qilishini tan oladilar. Biroq, bu tahlilning barcha holatlar uchun toʻgʻri yoki notoʻgʻriligi hali ham bahs-munozarali masala hisoblanadi.","Bu qarashda ""Xudo mavjud"" jumlasi ""ilohiylik namoyon boʻlgan"" degan maʼnoni bildiradi. Mavjudlikni oddiy xususiyat deb boʻlmaydi, chunki mavjud boʻlmagan narsa umuman hech qanday xususiyatga ega boʻla olmaydi. Bu masala hali ham munozarali."
"Mavjudlik darajalari mavjudlik usullari bilan chambarchas bogʻliq. Bu gʻoya shundan iboratki, baʼzi narsalarning mavjudlik darajasi boshqalariga qaraganda yuqoriroq, xuddi issiqlik va massa kabi ayrim xususiyatlar turli darajalarga ega boʻlgani singari. Bu mavzu ana shu gʻoyaga asoslanadi. Masalan, faylasuf Platon (miloddan avvalgi 428/427—348/347-yillar) fikricha, oʻzgarmas Platon gʻoyalari fizik narsalarga nisbatan yuqoriroq mavjudlik darajasiga ega. Mavjudlik mohiyati haqidagi nazariyalar biror narsa mavjud boʻlishi nimani anglatishini tushuntirishga qaratilgan. Mavjudlik mohiyatiga oid ilmiy muhokamalarda asosiy bahsli masala shundaki, mavjudlik alohida shaxslarning xususiyati hisoblanadimi yoki yoʻq. Shaxs – bu Suqrot yoki olma kabi noyob mavjudot. Xususiyat esa „inson boʻlish“ yoki „qizil boʻlish“ singari mavjudotga xos boʻlgan, odatda uning sifati yoki oʻziga xosligini ifodalovchi narsadir.","Mavjudlik darajalari mavjudlik usuli bilan bogʻliq — ayrim narsalar boshqalarga qaraganda yuqoriroq darajada mavjud, xuddi issiqlik yoki massa kabi. Platon fikricha, oʻzgarmas gʻoyalar fizik narsalarga nisbatan yuqoriroq mavjudlikka ega. Asosiy bahs — mavjudlik alohida shaxsning xususiyatimi yoki yoʻqmi degan masala atrofida boradi."
"Baʼzi masalalar „Ronald McDonald mavjud emas“ kabi gaplardan iborat kundalik tildagi taxminlar bilan bogʻliq. Bu turdagi ifoda salbiy yakka mavjudlik bayonoti deb ataladi va „Ronald McDonald“ nomi goʻyo alohida shaxsga ishora qilayotgan yakka atama hisoblanadi. Ushbu gapda aytilganidek, bu shaxs mavjud boʻlmasa, ifodaning qanday qilib aynan shu shaxsga ishora qilishi mumkinligi noaniq. Faylasuf Bertrand Russell (1872—1970) taklif etgan yechimga koʻra, yakka atamalar shaxslarga bevosita ishora qilmaydi, balki ularning tavsifini ifodalaydi. Ushbu nazariyada salbiy yakka mavjudlik iboralari mavjud boʻlmagan shaxsga ishora qilmasdan, tavsifga mos keladigan narsalarning yoʻqligini tasdiqlaydi. Bu yondashuvga koʻra, „Ronald McDonald mavjud emas“ degan jumla quyidagi gʻoyani ifodalaydi: „noyob baxtli gamburger masxarabozi mavjud emasligi haqiqat“.","""Ronald Makdonald mavjud emas"" kabi jumlalar salbiy yakka mavjudlik bayonoti deyiladi — bunda mavjud boʻlmagan shaxsga qanday ishora qilish mumkinligi savol tugʻdiradi. Rassel bunga yechim taklif qilib, yakka atamalar shaxsga emas, balki uning tavsifiga ishora qiladi deb hisoblagan — shu bois bunday jumla ""shu tavsifga mos keluvchi narsa yoʻq"" degan maʼnoni bildiradi."
"Bu shunday maʼnoni anglatadiki, mavjudlik ham xuddi rang va shakl kabi insonlarning boshqa xususiyatlariga oʻxshaydi. Alexius Meinong va uning izdoshlari bu gʻoyani qabul qilib, barcha individlar ham bu xususiyatga ega emasligini taʼkidlashadi""; ularning fikricha, Qorbobo kabi mavjud boʻlmagan baʼzi individlar ham bor. Universalistlar bu qarashni rad etadilar;"" ular mavjudlikni har bir shaxsning umumiy xususiyati deb hisoblaydilar. Mavjudlik tushunchasi falsafa tarixi davomida muhokama qilib kelingan va qadimgi falsafada ham muhim oʻrin tutgan. Bu tushuncha Qadimgi Yunonistonda Suqrotdan oldingi falsafada, Qadimgi Hindistondagi hind va budda falsafasida, hamda Qadimgi Xitoyning daosizm falsafasida oʻz aksini topgan. Shuningdek, u mantiq, matematika, bilish nazariyasi, ong falsafasi, til falsafasi va ekzistensializm kabi sohalar bilan ham bogʻliqdir.","Meinong va uning izdoshlari mavjudlikni rang yoki shakl kabi oddiy xususiyat deb hisoblab, Qorbobo kabi mavjud boʻlmagan individlar ham borligini taʼkidlaydi. Universalistlar esa buni rad etib, mavjudlikni har bir shaxsga xos umumiy xususiyat deb biladi. Mavjudlik tushunchasi qadimgi Yunoniston, Hindiston va Xitoy falsafasida ham muhokama qilingan boʻlib, mantiq, bilish nazariyasi va ekzistensializm kabi sohalar bilan bogʻliq."
"Operator (lotincha operatio — harakat) — ikki toʻplam X va Y elementlarining oʻzaro mos kelishi, yaʼni X ning x elementiga Y ning biror u elementi mos kelishini ifodalaydigan matematik tushuncha. Kvant nazariyasida O. — matematik ifoda. vj/ holat (yoki toʻlqin funksiya vektorining u, holat (funksiya) vektoriga solishtirish uchun xizmat qiladi. Kvant mexanikada O. bilan muhim amallar bajariladi. O.ni qoʻshish, koʻpaytirish, darajaga koʻtarish, ulardan qatorlar tuzish mumkin.","Operator — X va Y toʻplamlari elementlarini oʻzaro bogʻlovchi matematik tushuncha. Kvant nazariyasida operator holat vektorlarini solishtirish uchun ishlatiladi, ular ustida qoʻshish, koʻpaytirish va boshqa amallar bajarish mumkin."
"Ekzistensializm sotsiologiyada inson mavjudligining ahamiyati haqidagi mulohazalarga taʼsir koʻrsatgan. Ekzistensial sotsiologiya insonlar ijtimoiy dunyoni qanday idrok etishlari va voqelikni qanday shakllantirishlarini oʻrganadi. Mavjudlik nazariyasi jamiyatdagi mavjudlikning vaqt jihatiga eʼtibor qaratadigan nisbatan yangi yondashuvdir. U insonlar intilayotgan hayotiy muhim bosqichlarning ularning hayotiga qanday taʼsir koʻrsatishini oʻrganadi. Matematiklarni koʻpincha maʼlum bir matematik narsalarning mavjudligi qiziqtiradi. Misol uchun, sonlar nazariyasi mutaxassislari muayyan oraliqda qancha tub son borligini aniqlashga harakat qiladi. Maʼlum bir tavsifga mos keladigan kamida bitta matematik narsa mavjud ekanligini tasdiqlovchi qoida mavjudlik teoremasi deb yuritiladi. Matematik metafiziklar matematik narsalarning nafaqat matematik aksiomalar nuqtai nazaridan, balki reallikning asosiy tuzilishining bir qismi sifatida ham mavjudligini oʻrganadilar. Solipsizm","Ekzistensial sotsiologiya insonlarning ijtimoiy dunyoni qanday idrok etishi va shakllantirishini oʻrganadi. Matematiklarni esa muayyan narsalarning mavjudligi qiziqtiradi — masalan, tub sonlar sonini aniqlash. Maʼlum tavsifga mos narsa mavjudligini isbotlovchi qoida ""mavjudlik teoremasi"" deyiladi."
"Humening fikriga koʻra, narsalar sifatlar majmuasidan iborat, mavjudlik xususiyat emas, chunki birlashtirilgan sifatlardan tashqari mavjudlikning alohida belgisi yoʻq. Kant ontologik dalilni tanqid qilishda ham shunga oʻxshash xulosaga kelgan edi""; uning fikricha, biror tushunchaning taʼrifidan shu tushuncha bilan tavsiflangan narsalarning mavjudligini yoki yoʻqligini xulosa qilib boʻlmaydi. Faylasuf va psixolog Franz Brentano (1838-1917) Kantning tanqidi va mavjudlik haqiqiy predikat emasligini taʼkidlovchi nuqtai nazariga qoʻshilgan. Brentano bu gʻoyadan foydalanib, barcha hukmlar ekzistensial hukmlar degan nazariyani ishlab chiqqan;"" ular biror narsaning mavjudligini tasdiqlaydi yoki inkor etadi. Uning taʼkidlashicha, „baʼzi zebralar yoʻl-yoʻl“ kabi mulohazalar „yoʻl-yoʻl zebra mavjud“ degan mantiqiy shaklga ega, „barcha zebralar yoʻl-yoʻl“ kabi fikrlar esa „yoʻl-yoʻl boʻlmagan zebra mavjud emas“ degan mantiqiy shaklga ega boʻladi.","Hyumning fikricha, narsa sifatlar majmuasi boʻlib, mavjudlik alohida xususiyat emas. Kant ham xuddi shunday, tushunchaning taʼrifidan uning mavjudligini xulosa qilib boʻlmaydi degan. Brentano bu gʻoyani rivojlantirib, barcha hukmlar aslida narsaning mavjudligini tasdiqlash yoki inkor etishdan iborat, degan nazariyani ilgari surgan."
"Bu masala borliqning asosiy mohiyatini tushunishga qaratilgan. Bir qarashga koʻra, biror narsaning mavjudligi tasodifiy haqiqatdir, yaʼni dunyo butunlay boʻsh boʻlishi ham mumkin edi. Biroq, agar zaruriy narsalar mavjud boʻlsa, bu holat sodir boʻlmaydi. Bunday vaziyatda, global boʻshliqning boʻlishi imkonsiz, chunki dunyoda hech boʻlmaganda barcha zaruriy narsalar boʻladi. Fizik mavjud boʻlgan narsalarga kundalik hayotimizda duch keladigan toshlar, daraxtlar va inson tanasi kabi narsalar, shuningdek, zamonaviy fizikada oʻrganiladigan elektron va proton kabi zarrachalar kiradi. Fizik jismlarni kuzatish va oʻlchash mumkin"";"" ular fazo va zamonda massa va joylashuvga ega. Idrok, lazzat va ogʻriq kechinmalari, shuningdek, ishonch, istak va his-tuygʻular kabi aqliy holatlar ong olamiga tegishlidir.","Bir qarashga koʻra, narsaning mavjudligi tasodifiy haqiqat — dunyo umuman boʻsh boʻlishi ham mumkin edi, lekin zaruriy narsalar borligi sabab bu sodir boʻlmaydi. Fizik narsalar — tosh, daraxt, elektron kabilar — kuzatish va oʻlchash mumkin boʻlgan, fazo-zamonda joylashgan narsalar. Idrok, his-tuygʻu va ishonch kabi holatlar esa ong olamiga tegishli."
"Lugʻatlarda mavjudlik borliqda ishtirok etish yoki mavjud boʻlish sifatida taʼriflanadi. Mavjudlik real mavjudotlarni xayoliy mavjudotlardan ajratib turadi, shuningdek, ham alohida mavjudotlarga, ham butun borliqqa taalluqli boʻlishi mumkin. „Mavjudlik“ soʻzi ingliz tiliga XIV asr oxirida eski fransuz tilidan kirib kelgan. Bu soʻz oʻrta asrlarda ishlatilgan lotincha ex (s) istere atamasidan kelib chiqqan boʻlib, „oldinga turmoq“, „paydo boʻlmoq“, „koʻtarilmoq“ degan maʼnolarni anglatadi. Borliq metafizikaning ontologiya deb nomlanuvchi boʻlimida oʻrganiladi. „Borliq,“ „reallik“ va „aktuallik“ atamalari koʻpincha „mavjudlik“ ning sinonimlari sifatida ishlatiladi, ammo mavjudlikning aniq taʼrifi va uning ushbu atamalar bilan bogʻliqligi bahsli masala. Metafizik olim Alexius Meinongning (1853—1920) fikricha, hamma mavjudotlar bor, ammo ularning hammasi ham mavjudlikka ega emas.","Mavjudlik — borliqda ishtirok etish yoki mavjud boʻlish. U real va xayoliy mavjudotlarni ajratib turadi. ""Mavjudlik"" soʻzi ingliz tiliga XIV asrda lotincha ""oldinga turmoq, paydo boʻlmoq"" maʼnosidagi soʻzdan kirib kelgan. Bu tushunchani metafizikaning ontologiya boʻlimi oʻrganadi. Meinongning fikricha, barcha mavjudotlar bor, lekin ularning hammasi ham mavjudlikka ega emas."
"Zarur bo‘lsa, ularga sog‘liqni saqlash va ta’lim sohalarida ham ko‘mak ko‘rsatiladi. Bu yerda mehnat qilish va rivojlanish uchun imkoniyatlar mavjud”, – dedi Lukashenko. U O‘zbekistonda suv resurslari va yer masalasi dolzarb ekanini aytarkan, Belarusda bu borada imkoniyatlar ko‘proqligini va ishchi kuchiga ehtiyoj borligini ta’kidladi. Bundan tashqari, Lukashenko belarusliklar o‘zbeklarga nisbatan iliq munosabatda ekanini ham qo‘shimcha qildi. Bu hafta yana nimalar ro‘y berdi? Toshkentda elektr energiyasi uzilishlarini bartaraf etish bo‘yicha maxsus komissiya tuzildi. Energetika vazirligi xabariga ko‘ra, komissiya poytaxt energotizimida kuzatilayotgan avariyalarning sabablari, uskunalarning texnik holati, rekonstruksiya ishlarining sifati va avariyaga qarshi himoya tizimlarining samaradorligini o‘rganib chiqadi. Ma’lumot uchun, oxirgi ikki haftada ikkita podstansiyada jiddiy avariyalar ro‘y berdi va umuman, avariyaviy uzilishlar yozning ilk kunlaridan buyon ro‘y berib turibdi.","Лукашенко Ўзбекистонда сув ва ер масаласи долзарб эканини, Беларусда эса бу борада имкониятлар кўплигини ва ишчи кучига эҳтиёж борлигини айтди. У беларусликларнинг ўзбекларга илиқ муносабатда эканини ҳам қўшимча қилди. Шу ҳафта Тошкентда электр энергияси узилишларини бартараф этиш бўйича махсус комиссия тузилди — сўнгги икки ҳафтада иккита подстанцияда жиддий авариялар содир бўлган."
"AQSh Energetika vazirligi ma’lum qilishicha, Vashington shahrida AQSh energetika vaziri Kris Rayt va Saudiya Arabistoni energetika vaziri shahzoda Abdulaziz bin Salmon Ol Saud o‘rtasida tinch atom energetikasi sohasida hamkorlik qilish bo‘yicha uzoq muddatli kelishuv imzolandi. Kelishuvga muvofiq, AQSh kompaniyalari Saudiya Arabistonining atom dasturini rivojlantirish, atom infratuzilmasini yaratish va tegishli texnologiyalarni joriy etishda ishtirok etadi. AQSh Energetika vazirligiga ko‘ra, mazkur hamkorlik Amerika sanoati, ishlab chiqaruvchilari va ta’minot zanjirlari uchun yangi imkoniyatlar yaratishi, shu bilan birga Saudiya Arabistonining ortib borayotgan energiya ehtiyojini qondirishga xizmat qilishi kutilmoqda. Shuningdek, tomonlar yadroviy xavfsizlik va hamkorlik shartlarini tartibga soluvchi qo‘shimcha ikki tomonlama kafolatlar to‘g‘risidagi bitimni ham imzolagan. «Eng yuqori yadroviy xavfsizlik standartlari» AQSh energetika vaziri Kris Raytning ta’kidlashicha, imzolangan kelishuvlar yadroviy xavfsizlik va yadroviy qurol tarqalmasligi sohasidagi eng yuqori xalqaro standartlarga mos keladi.","Vashingtonda AQSh energetika vaziri Kris Rayt va Saudiya Arabistoni energetika vaziri shahzoda Abdulaziz bin Salmon o'rtasida tinch atom energiyasi bo'yicha uzoq muddatli kelishuv imzolandi. Kelishuvga ko'ra, AQSh kompaniyalari Saudiya Arabistonining atom dasturi va infratuzilmasini rivojlantirishda ishtirok etadi. Tomonlar shuningdek yadro xavfsizligi bo'yicha qo'shimcha bitim ham imzoladi. Rayt bu kelishuvlar xalqaro yadro xavfsizligi standartlariga mos kelishini ta'kidladi."
"Aksincha, agar faqat energiya boʻyicha integrallash amalga oshirilsa, intensivlikning burchaklar boʻyicha taqsimoti hosil boʻladi. Agar oqim zichligi φ N ( r , E , v , φ ) {\displaystyle \varphi _{N}({\textbf {r}},E,v,\varphi )} oʻrniga flyuens F ( e , v , φ ) {\displaystyle F(e,v,\varphi )} dan foydalansak, energetik flyuens F E {\displaystyle F_{E}} hosil boʻladi: F E = ∫ v ∫ φ ∫ E F E ( E , v , φ ) d Ω d E = ∫ v ∫ φ ∫ E F ( E , v , φ ) d Ω E d E {\displaystyle F_{E}=\int \limits _{v}\int \limits _{\varphi }\int \limits _{E}F_{E}(E,v,\varphi )d\Omega {\text{d}}E=\int \limits _{v}\int \limits _{\varphi }\int \limits _{E}F(E,v,\varphi )d\Omega E{\text{d}}E}","Agar faqat energiya bo'yicha integrallash bajarilsa, intensivlikning burchaklar bo'yicha taqsimoti hosil bo'ladi."
"Muvozanatlashgan toʻpning fizikasi sakrab tushayotgan toʻplarning jismoniy xatti-harakatlariga, xususan uning boshqa jismning yuzasiga taʼsir qilishdan oldin, paytida va keyin harakatiga taalluqlidir. Oʻrta maktab yoki bakalavriat darajasidagi fizika kurslarida sakrab turgan toʻp harakatining bir qancha jihatlari mexanikaga kirish boʻlib xizmat qiladi. Biroq, xulq-atvorni aniq modellashtirish murakkab va sport muhandisligiga qiziqish uygʻotadi. Toʻpning harakati odatda snaryad harakati bilan tavsiflanadi (u tortishish kuchi, tortishish, Magnus effekti va suzuvchanlik taʼsirida boʻlishi mumkin), va uning taʼsiri odatda qayta tiklash koeffitsienti bilan tavsiflanadi (bu tabiatga taʼsir qilishi mumkin). toʻp, taʼsir qiluvchi sirtning tabiati, zarba tezligi, aylanish va harorat va bosim kabi mahalliy sharoitlar). Halol oʻyinni taʼminlash uchun koʻplab sport boshqaruv organlari oʻz toʻplarining sakrashiga cheklovlar qoʻyishadi va toʻpning aerodinamik xususiyatlarini buzishni taqiqlaydi.","Sakrab tushayotgan to'pning fizikasi uning boshqa yuzaga urilishidan oldin, paytida va keyingi harakatini o'rganadi. Bu mavzu mexanikaga kirish sifatida o'qitiladi, ammo aniq modellashtirish murakkab bo'lib, sport muhandisligiga ham qiziqish uyg'otadi. To'pning harakati tortishish va Magnus effekti kabi kuchlar, uning sirtga ta'siri esa qayta tiklanish koeffitsienti orqali tavsiflanadi. Adolatli o'yin uchun sport tashkilotlari to'plarning sakrash xususiyatlariga cheklov qo'yadi."
"Maʼlum bir jismni olib, unga qandaydir boshqa jism (yoki boshqa jismlar) bilan shunday taʼsir qilsak natijada jism har xil ω {\displaystyle \omega } tezlanishlar hosil qiladi . Taʼsir qancha kuchli boʻlsa, jism oladigan ω {\displaystyle \omega } tezlanish ham, albatta, shuncha katta boʻladi. Demak, tekshirilayotgan jismga boshqa jismlar tomonidan taʼsir qilayotgan kuch deb, tekshirilayotgan jismning olgan tezlanishiga proparsional boʻlgan f {\displaystyle f} fizik kattalikni qabul qilish lozim: f = k ′ ω {\displaystyle f=k^{\prime }\omega } (1) bunda, k ′ {\displaystyle k^{\prime }} − {\displaystyle -} proporsionallik koeffisiyenti. Tenglik biror jismga taʼsir qilayotgan kuchlarni ular berayotgan tezlanishlar orqali bir-birlari bilan solishtirishga imkon beradi.","Jismga boshqa jism ta'sir qilganda, u turli tezlanish oladi — ta'sir qanchalik kuchli bo'lsa, tezlanish ham shuncha katta bo'ladi. Shu sababli jismga ta'sir qiluvchi kuchni uning olgan tezlanishiga proporsional miqdor sifatida qabul qilish mumkin. Bu tenglik turli kuchlarni ular berayotgan tezlanishlar orqali solishtirish imkonini beradi."
"Biroq, basketbolda suzuvchi kuch toʻp ogʻirligining taxminan 1,5% ni tashkil qilishi mumkin. Suzuvchanlik yuqoriga yoʻnaltirilganligi sababli, u toʻpning masofasini va balandligini oshiradi. Toʻp sirtga taʼsir qilganda, sirt orqaga buriladi va tebranadi, toʻp ham tovush va issiqlik hosil qiladi va toʻp kinetik energiyani yoʻqotadi. Bundan tashqari, zarba toʻpga bir oz aylanishni berishi mumkin va uning translatsiya kinetik energiyasining bir qismini aylanish kinetik energiyasiga oʻtkazishi mumkin. Ushbu energiya yoʻqolishi odatda (bilvosita) qayta tiklash koeffitsienti (yoki COR, e bilan belgilanadi) orqali tavsiflanadi: e = − v f − u f v i − u i , {\displaystyle e=-{\frac {v_{\text{f}}-u_{\text{f}}}{v_{\text{i}}-u_{\text{i}}}},} bu yerda v f va v i toʻpning yakuniy va boshlangʻich tezliklari, u f va u i esa mos ravishda sirtga taʼsir etuvchi oxirgi va boshlangʻich tezliklardir.","Basketbolda suzuvchanlik kuchi to'p og'irligining taxminan 1,5 foizini tashkil qilib, uning masofa va balandligini oshiradi. To'p sirtga urilganda energiya yo'qotadi — tovush, issiqlik va aylanish shaklida — bu odatda qayta tiklanish koeffitsienti orqali o'lchanadi."
"Turli oʻsimliklar va ularning gullari, shuningdek, boshqa qismlari uchun foydali maʼlumotlarni toʻplash uchun zarur boʻladi. Seleksiyada bu isbotlangan tajriba faolligi quyosh nuriga qarshi kurashda uning ahamiyati va profilaktika foydasini koʻrsatdi. Bu bugungi kunda sanoatda qoʻllaniladigan zararli kimyoviy quyosh nurlariga yaxshiroq, arzonroq va xavfsiz muqobil boʻlib hizmt qiladi.",Turli o'simliklar va gullar haqida ma'lumot to'plash foydali. Seleksiyada bu tajriba quyosh nuridan himoyalanishda samarali ekanligini ko'rsatdi va bugungi kunda sanoatdagi zararli kimyoviy himoya vositalariga arzon va xavfsiz muqobil bo'lib xizmat qilmoqda.
"Mirzo Ulugʻbek (toʻliq ismi: Muhammad Taragʻay ibn Shohrux ibn Temur Ulugʻbek Koʻragon"";"" moʻgʻulcha xonning kuyovi degan maʼnoni anglatadi. 1394-yil 22-mart, Sultoniya – 1449-yil 27-oktyabr, Samarqand) – Temuriylar davlatining hukmdori, davlat arbobi, buyuk astronom (yulduzshunos) va matematik. Otasi Shohrux Mirzo davrida Movarounnahr hokimi va otasi vafot etgach butun Temuriylar imperiyasi sultoni (1447—1449) boʻldi. Ulugʻbek trigonometriya va sferik geometriya kabi astronomiya bilan bogʻliq matematika sohasidagi ishlari, shuningdek, sanʼat va intellektual faoliyatga umumiy qiziqishlari bilan ajralib turardi. Besh tilni: turkiy, arab, fors, moʻgʻul va oz miqdorda xitoy tillarini bilgan deb taxmin qilinadi. Ulugʻbek hukmronligi davrida (avval hokim, keyin toʻgʻridan-toʻgʻri) uning eʼtibori va homiyligi tufayli temuriylar uygʻonish davrining madaniy choʻqqisiga erishdi.","Mirzo Ulug'bek (1394-1449) — Temuriylar davlati hukmdori, davlat arbobi hamda buyuk astronom va matematik. Otasi Shohrux Mirzo davrida Movarounnahr hokimi bo'lgan, otasi vafotidan keyin esa butun Temuriylar davlatining sultoni bo'lgan. U trigonometriya va sferik geometriya sohasida ishlagan, besh til bilgan va san'atga qiziqqan. Uning homiyligida temuriylar davri madaniy jihatdan yuksak cho'qqiga yetgan."
"Shuningdek, oʻrta asrlardagi kitoblarning oʻzi tasvirlangan kitoblar yoki cherkovlardagi deraza oynasidagi deraza panelining miniatyura nusxalari tasvirlangan bir nechta misollar mavjud. Gollandiyalik rassom M. C. Escher oʻzining 1956-yilda chop etilgan litografi Chop etish galereyasida Droste effektidan foydalangan, bu galereyani har safar kichraytirilgan va aylantirilgan, lekin tasvirning markazida boʻsh joy bilan tasvirlangan suratni oʻz ichiga olgan galereyani tasvirlaydi. Ish matematiklarning, jumladan Hendrik Lenstraning eʼtiborini tortdi. Ular sanʼat asarining tasvirini ketma-ket takrorlash va qisqartirish orqali Droste effektining qoʻllanilishida sanʼat asarining markaziy boʻshligʻini toʻldirish usulini ishlab chiqdilar. XX asrda Droste effekti turli xil mahsulotlarni sotish uchun ishlatilgan. Land OʻLakes sariyogʻining qadoqlarida oʻzining surati tushirilgan sariyogʻ toʻplamini ushlab turgan mahalliy amerikalik ayol tasvirlangan.","O'rta asr kitoblarida va cherkov derazalarida ham o'z-o'zini takrorlaydigan tasvirlar uchraydi. Gollandiyalik rassom M. C. Esher 1956-yilgi «Chop etish galereyasi» litografiyasida shunga o'xshash Droste effektidan foydalangan — bu matematiklar, jumladan Hendrik Lenstraning, e'tiborini tortdi. XX asrda bu effekt reklama uchun ham ishlatilgan, masalan Land O'Lakes sariyog'i qadog'ida o'z suratini ushlab turgan ayol tasvirlangan."
"Meyerning Davriy qonun ustida amalga oshirgan ishlari sharafiga 1893-yilda, Ojuela koni, Mapimí, Durango va Meksikada uchrovchi CaZn2(AsO4)2 · 2H2O formulasiga ega boʻlgan mineralga „lotharmeyerite“ nomi beriladi. 1893-yildan beri yana 4 ta mineral: ferrilotharmeyerite (1992), cobaltlotharmeyerite (1997), nickellotharmeyerite (1999) va manganlotharmeyerite (2002) Lothar Meyer sharafiga nomlangan. 2020-yil 19-avgust Googleda Lothar Meyerning 190 yilligiga atab Google Doodle yaratilgan. Dmitriy Mendeleyev Davriy qonun-atom tuzilishi qonuni",Meyerning davriy qonun sohasidagi xizmatlari sharafiga 1893-yilda Meksikada topilgan bir mineral «lotarmeyerit» deb nomlangan. Keyinchalik yana to'rtta mineral ham uning nomi bilan atalgan. 2020-yilda Google uning 190 yilligiga bag'ishlab Doodle yaratgan.
"Kattaligi bir xil boʻlgan kuchlar taʼsirida turli massali jismlar erishgan tezlanishlarning qiymatlari jismlarning massalariga teskari proporsional boʻladi. Massasi kattaroq jismning oʻz tezligini saqlash xususiyati yaqinroq namoyon boʻladi. Mazkur xususiyati, yuqorida qayd qilganinganidek jismning inertligidir. Demak, massasi kattaroq jismning inertligi ham kattaroqdir. Shuning uchun jismning massasi uning inertlik oʻlchovi deya olamiz. Har qanday jismning inersial sanoq sistemasida erishadigan tezlanishiga taʼsir etuvchi kuchga toʻgʻri proporsional boʻlib, jismning massasiga esa teskari proporsional boʻladi, yaʼni : a → = F → m {\displaystyle {\vec {a}}={{\vec {F}} \over m}} Mazkur formula dinamikaning asosiy qonuni − {\displaystyle -} Nuyutonning ikkinchi qonunining matematik ifodasini aks ettiradi va undagi tezlanish ( a → ) {\displaystyle ({\vec {a}})} hamda kuch ( F → ) {\displaystyle ({\vec {F}})} vektorlari bir xil yoʻnalgan.","Bir xil kuch ta'sirida turli massali jismlarning tezlanishi ularning massasiga teskari proporsional bo'ladi. Massasi katta jism o'z tezligini saqlashga moyilroq bo'ladi — bu uning inertligi. Shu sababli jismning massasini uning inertlik o'lchovi deb hisoblash mumkin. Jismning tezlanishi unga ta'sir etuvchi kuchga to'g'ri, massasiga esa teskari proporsional bo'ladi — bu Nyutonning ikkinchi qonuni."
"Tezlanish yoʻnalishga ega boʻlgani uchun kuch ham yoʻnalishli kattalik boʻlishi kerak. Tajribalar koʻrsatadiki, jismga ayni bir vaqtda bir necha kuch taʼsir qilganda jismning olgan tezlanishi shu jismga oʻsha kuchlarning vektor yigʻindisiga teng birgina kuch taʼsir qilganda olgan tezlanishiga teng boʻladi. Bundan, kuch vektor ekan degan xulosa kelib chiqadi"";"" kuch vektorining yoʻnalishi shu kuch vujudga keltirgan tezlanishning vektori yoʻnalishi bilan bir xil boʻladi. Shunday qilib, tenglik vektor shaklida quyidagicha yozilishi mumkin: f = k ′ ∗ W {\displaystyle f=k^{\prime }*W} Jismlarning bir-biriga taʼsiri faqat birining ikkinchisiga tezlanish berishidangina iborat boʻlib qolmaydi. Ayrim boshqa taʼsirlar xuddi kuch kabi harakatlanadi va bulardan oʻz navbatidan kuch tushunchasini aniqlashda foydalanish mumkin.","Kuch yo'nalishga ega bo'lgani uchun vektor kattalik hisoblanadi. Jismga bir nechta kuch ta'sir qilganda, uning olgan tezlanishi bu kuchlarning vektor yig'indisiga teng bitta kuch ta'sir qilgandagi tezlanishga teng bo'ladi. Demak, kuch vektorining yo'nalishi u yaratgan tezlanish yo'nalishi bilan bir xil bo'ladi."
"Bu kuch toʻp yoʻnalishiga qarama-qarshi harakat qiladi (yoʻnalishi boʻyicha − v ^ {\displaystyle \textstyle -{\hat {\mathbf {v} }}} ). Koʻpgina sport toʻplari uchun Reynolds soni 10 4 va 10 5 orasida boʻladi va Stokes qonuni qoʻllanilmaydi. Reynolds sonining yuqori qiymatlarida toʻpni tortish kuchi oʻrniga tortish tenglamasi bilan tavsiflanadi: F D = 1 2 ρ C d A v 2 , {\displaystyle F_{\text{D}}={\frac {1}{2}}\rho C_{\text{d}}Av^{2},} Bu yerda C d — tortish koeffitsienti va A - toʻpning koʻndalang kesimi maydoni. Surish toʻpning parvoz paytida mexanik energiyasini yoʻqotishiga olib keladi va uning masofasi va balandligini pasaytiradi, oʻzaro shamol esa uni dastlabki yoʻlidan buradi.","Bu kuch to'p harakatiga qarshi yo'nalgan bo'ladi. Ko'pgina sport to'plari uchun Reynolds soni yuqori bo'lib, bunda tortish kuchi maxsus tenglama bilan hisoblanadi. Bu kuch to'pning parvoz energiyasini kamaytirib, uning masofa va balandligini pasaytiradi, shamol esa uni yo'nalishidan chetlashtiradi."
"Xususan , r ω shar yuzasining tangensial tezligi, R Ω esa taʼsir qiluvchi sirtning tangensial tezligidir. Bular, ayniqsa, toʻp sirtga qiya burchak ostida taʼsir qilganda yoki aylanish ishtirok etganda qiziqish uygʻotadi. Toʻpga faqat tortishish kuchi taʼsir qiladigan aylanmasdan erga toʻgʻridan-toʻgʻri tushish uchun COR bir nechta boshqa miqdorlar bilan bogʻlanishi mumkin: e = | v f v i | = K f K i = U f U i = H f H i = T f T i = g T f 2 8 H i . {\displaystyle e=\left|{\frac {v_{\text{f}}}{v_{\text{i}}}}\right|={\sqrt {\frac {K_{\text{f}}}{K_{\text{i}}}}}={\sqrt {\frac {U_{\text{f}}}{U_{\text{i}}}}}={\sqrt {\frac {H_{\text{f}}}{H_{\text{i}}}}}={\frac {T_{\text{f}}}{T_{\text{i}}}}={\sqrt {\frac {gT_{\text{f}}^{2}}{8H_{\text{i}}}}}.} Bu yerda K va U toʻpning kinetik va potensial energiyasini bildiradi, H — toʻpning maksimal balandligi va T — toʻpning uchish vaqti. „I“ va „f“ pastki belgisi toʻpning dastlabki (zarbadan oldin) va yakuniy (zarbadan keyin) holatini bildiradi.","To'p sirtga qiya burchak ostida yoki aylanish bilan urilganda, uning tangensial tezligi muhim rol o'ynaydi. Agar to'pga faqat tortishish kuchi ta'sir qilsa, qayta tiklanish koeffitsienti to'pning kinetik va potensial energiyasi, maksimal balandligi va uchish vaqti orqali ifodalanishi mumkin."
"Ushbu F i ( r , E , v , φ ) {\displaystyle F_{i}({\textbf {r}},\ E,\ v,\ \varphi )} funksiya zarralar oqimi flyuensining A {\displaystyle A} nuqtadagi burchak va energetik taqsimotini ifodalaydi. A {\displaystyle A} nuqta r radius-vektor bilan aniqlanadi, nurlanish esa d Ω {\displaystyle {\text{d}}\Omega } fazoviy burchak boʻylab tarqaladi. F i ( r , E , v , φ ) {\displaystyle F_{i}({\textbf {r}},\ E,\ v,\ \varphi )} funksiyani burchaklar boʻyicha integrallasak, zarralar oqimi flyuensining energetik taqsimotini hosil qilamiz: F ( r , E ) = ∫ v ∫ φ d F i ( r , E , v , φ ) d Ω {\displaystyle F({\textbf {r}},\ E)=\int \limits _{v}\int \limits _{\varphi }{\text{d}}F_{i}({\textbf {r}},\ E,\ v,\ \varphi ){\text{d}}\Omega } Zarralar oqimi zichligining energetik taqsimotini esa quyidagicha ifodalash mumkin: φ N ( r , E ) = ∫ v ∫ φ d F i ( d r , E , v , φ ) t d Ω {\displaystyle \varphi _{N}({\textbf {r}},E)=\int \limits _{v}\int \limits _{\varphi }{\dfrac {dF_{i}(d{\textbf {r}},\ E,\ v,\ \varphi )}{t}}{\text{d}}\Omega } Zarralar oqimi flyuensi va zichligining integral qiymatlari yuqorida keltirilgan ifodalarni energiya barcha qiymatlari boʻyicha integrallash orqali topiladi: { F = ∫ E F ( E ) d E φ N = ∫ E φ n ( E ) d E , ( 1 ) {\displaystyle {\begin{cases}F=\int \limits _{E}F(E)dE\\\varphi _{N}=\int \limits _{E}\varphi _{n}(E)dE\end{cases}},\ \ \ \ \ \ (1)} (1) ifodada r tushib qolganligini koʻrishimiz mumkin.","Bu funksiya zarralar oqimining ma'lum nuqtada burchak va energiya bo'yicha taqsimotini ifodalaydi. Uni burchaklar bo'yicha integrallash orqali zarralar oqimining energetik taqsimoti, energiya bo'yicha esa oqimning umumiy qiymati topiladi."
"Amplitudaviy analizator – elektr impulelar amplitudalarining taqsimlanish qonuniyatini topish uchun ishlatiladigan qurilma. Amplitudaviy analizator yordamida, odatda, tasodifiy impuls jarayoni amplitudasining shu amplituda oraligʻida paydo boʻlgan impulslar soni boʻyicha taqsimlanishi tahlil qilinadi. Amplitudaviy analizator eksperemental fizikada har xil nurlanish zarrachalari energiyasining taqsimlanishini tahlil qilishda, uzluksiz tasodifiy jarayonni tekshirishda, radiolokatsiya va radioaloqada signallarning murakkab shaklini tahlil qilishda ishlatiladi.","Amplitudaviy analizator — elektr impulslar amplitudasining taqsimlanishini aniqlash uchun ishlatiladigan qurilma. U tasodifiy impulslar sonining amplitudaga qarab taqsimlanishini tahlil qiladi. Bu qurilma fizika tajribalarida nurlanish energiyasini, shuningdek radiolokatsiya va radioaloqada signallarni tahlil qilishda qo'llaniladi."
"Ushbu yuqorida keltirilgan kattaliklar zarralar oqimining zichligi va nurlanish intensivligi bilan quyidagicha bogʻlangan: { φ N = d Φ N d S I = d Φ E d S {\displaystyle {\begin{cases}\varphi _{N}={\dfrac {d\Phi _{N}}{dS}}\\I={\dfrac {d\Phi _{E}}{dS}}\end{cases}}} Koʻrib oʻtilgan kattaliklarning hammasi nurlanish maydonining integral xarakteristikalari hisoblanadi va ular nurlanishning burchak va energetik taqsimoti boʻyicha yetarli maʼlumot bermaydi. Nurlanish maydonini differensial kattaliklar ancha batafsilroq tavsiflaydi. Aytaylik, F i ( r , E , v , φ ) {\displaystyle F_{i}({\textbf {r}},\ E,\ v,\ \varphi )} energiyasi E , E + d E {\displaystyle E,\ E+{\text{d}}E} oraligʻida boʻlgan, birlik vaqt ichida birlik yuzani kesib oʻtayotgan zarralar soni boʻlsin.","Bu kattaliklar zarralar oqimining zichligi va nurlanish intensivligi bilan bog'liq bo'lib, nurlanish maydonining umumiy ko'rsatkichlari hisoblanadi, ammo ular burchak va energiya bo'yicha taqsimot haqida yetarli ma'lumot bermaydi. Buning uchun batafsilroq, differensial kattaliklar ishlatiladi."
"Xuddi shunday, zarba paytida energiya yoʻqolishi COR bilan bogʻliq boʻlishi mumkin Energy Loss = K i − K f K i × 100 % = ( 1 − e 2 ) × 100 % . {\displaystyle {\text{Energy Loss}}={\frac {{K_{\text{i}}}-{K_{\text{f}}}}{K_{\text{i}}}}\times 100\%=\left(1-e^{2}\right)\times 100\%.} Toʻpning COR ga bir nechta narsa taʼsir qilishi mumkin, asosan taʼsir qiluvchi sirtning tabiati (masalan, oʻt, beton, sim toʻr) toʻpning materiali (masalan, charm, kauchuk, plastmassa) toʻp ichidagi bosim (boʻshliq boʻlsa) zarba paytida toʻpning aylanish miqdori zarba tezligi Harorat kabi tashqi sharoitlar taʼsir qiluvchi sirt yoki toʻpning xususiyatlarini oʻzgartirishi mumkin, bu ularni yanada moslashuvchan yoki qattiqroq qiladi. Bu, oʻz navbatida, CORga taʼsir qiladi.","Zarba paytida to'p yo'qotgan energiya miqdori qayta tiklanish koeffitsientiga bog'liq bo'lib, foizda ifodalanishi mumkin. Bu koeffitsientga sirtning turi, to'p materiali, bosim, aylanish, zarba tezligi va harorat kabi omillar ta'sir qiladi."
"Toʻp koʻchmas yuzaga taʼsir qilganda, COR soddalashtiriladi e = − v f v i . {\displaystyle e=-{\frac {v_{\text{f}}}{v_{\text{i}}}}.} Toʻp polga tushirilganda, COR 0 (sakrash yoʻq, energiya yoʻqolishi) va 1 (mukammal sakrash, energiya yoʻqotilishi) oʻrtasida oʻzgaradi. 0 dan past yoki 1 dan yuqori boʻlgan COR qiymati nazariy jihatdan mumkin, lekin toʻp sirtdan oʻtganini (e < 0) yoki toʻp unga taʼsir qilganda sirt „boʻshashmagan“ligini koʻrsatadi (e > 1) prujinali platformaga toʻpning qoʻnish holati. Harakatning vertikal va gorizontal qismlarini tahlil qilish uchun COR baʼzan oddiy COR (ey) va tangensial COR (e x) ga boʻlinadi, sifatida aniqlanadi. e y = − v yf − u yf v yi − u yi , {\displaystyle e_{\text{y}}=-{\frac {v_{\text{yf}}-u_{\text{yf}}}{v_{\text{yi}}-u_{\text{yi}}}},} e x = − ( v xf − r ω f ) − ( u xf − R Ω f ) ( v xi − r ω i ) − ( u xi − R Ω i ) , {\displaystyle e_{\text{x}}=-{\frac {(v_{\text{xf}}-r\omega _{\text{f}})-(u_{\text{xf}}-R\Omega _{\text{f}})}{(v_{\text{xi}}-r\omega _{\text{i}})-(u_{\text{xi}}-R\Omega _{\text{i}})}},} Bu yerda r va ω toʻpning radiusi va burchak tezligini, R va Ω esa radiusni va burchak tezligini taʼsir qiluvchi sirtni (masalan, beysbol tayoqchasi) bildiradi.","To'p qattiq yuzaga tushganda, qayta tiklanish koeffitsienti 0 (sakrash yo'q) bilan 1 (mukammal sakrash) oralig'ida o'zgaradi. Harakatning vertikal va gorizontal qismlarini alohida tahlil qilish uchun bu koeffitsient ikkiga bo'linadi."
"Bu formuladan jismning massasi va tezlanishi maʼlum boʻlgan holda unga taʼsir etuvchi kuch miqdorini aniqlash mumkin : F → = m a → {\displaystyle {\vec {F}}=m{\vec {a}}} Agar jismga bir vaqtning oʻzida bir necha kuch taʼsir etayotgan boʻlsa, bu ifodadagi F → {\displaystyle {\vec {F}}} ning oʻrniga barcha kuchlarning teng taʼsir etuvchisi qoʻyiladi va F → = m a → {\displaystyle {\vec {F}}=m{\vec {a}}} ifoda quyidagi koʻrinishda yoziladi: ∑ F i → = m a → {\displaystyle \sum {\vec {F{\scriptstyle {\text{i}}}}}=m{\vec {a}}} Demak, jismga taʼsir etuvchi kuchlarning vektor yigʻindisi jism massasi va tezlanishining koʻpaytmasiga teng boʻladi. ∑ F i → = m a → {\displaystyle \sum {\vec {F{\scriptstyle {\text{i}}}}}=m{\vec {a}}} ifodani mexanikada jism harakatining dinamik tenglamasi deb ataladi Nyutonning ikkinchi qonuni tenglamalarini kuch taʼsiri davomida jismning massasi oʻzgarmaydigan harakatlari uchungina qoʻllash mumkin.","Jismning massasi va tezlanishi ma'lum bo'lsa, unga ta'sir etuvchi kuchni aniqlash mumkin: kuch massa va tezlanishning ko'paytmasiga teng. Agar bir necha kuch ta'sir qilsa, ularning vektor yig'indisi shu tenglamada qo'llaniladi. Bu Nyutonning ikkinchi qonuni bo'lib, jismning massasi o'zgarmaydigan harakatlarda qo'llanadi."
"Bunga sabab, biz A {\displaystyle A} nuqtani qoʻzgʻalmas deb oldik, bundan tashqari, keyingi hisob-kitoblarda nurlanish turi ( α − , β − , γ − {\displaystyle \alpha -,\ \beta -,\ \gamma -} neytronlar va hokazo) maʼlum deb hisoblaymiz. φ N ( E , v , φ ) d Ω d E {\displaystyle \varphi _{N}(E,\ v,\ \varphi )d\Omega dE} — nurlanish spektrining A {\displaystyle A} nuqta atrofida d Ω {\displaystyle d\Omega } fazoviy burchak boʻylab tarqalayotgan, energiyasi E , E + d E {\displaystyle E,\ E+dE} oraliqda boʻlgan qismining intensivligi. Shunday qilib, nurlanish intensivligining energiya-burchak taqsimoti zarralar oqimi zichligi taqsimoti bilan quyidagicha bogʻlangan ekan: I ( E , v φ ) = φ N ( E , v , φ ) E {\displaystyle I(E,v\varphi )=\varphi _{N}(E,v,\varphi )E} Intensivlikning integral qiymatini topish uchun yuqoridagi ifodani barcha yoʻnalishlar va energiya boʻyicha integrallash kerak boʻladi: I = ∫ v ∫ φ ∫ E I ( E , v , φ ) d Ω d E {\displaystyle I=\int \limits _{v}\int \limits _{\varphi }\int \limits _{E}I(E,v,\varphi )d\Omega dE} Agar integrallash faqat burchaklar boʻyicha amalga oshirilsa, nurlanish intensivligining energetik spektri hosil boʻladi.","Nurlanish intensivligining energiya va burchak bo'yicha taqsimoti zarralar oqimi zichligi orqali ifodalanadi. Uning integral qiymatini topish uchun barcha yo'nalish va energiya bo'yicha integrallash kerak. Agar faqat burchaklar bo'yicha integrallansa, nurlanishning energetik spektri hosil bo'ladi."
"U holda flyuensga yana quyidagicha taʼrif berish ham mumkin. Zarralar oqimining flyuensi — elementar sfera koʻndalang kesim yuzasini kesib oʻtib, sfera ichiga oʻtgan zarralar soni. Zarralar oqimining zichligi φ N {\displaystyle \varphi _{N}} - zarralar flyuensi d F {\displaystyle dF} ning d t {\displaystyle dt} birlik vaqt ichida oʻzgarishi φ N = d F d t {\displaystyle \varphi _{N}={\dfrac {dF}{dt}}} Nurlanish intensivligi I {\displaystyle I} — (nurlanish oqimi zichligi deb ham ataladi) — elementar sfera birlik koʻndalang kesimi orqali vaqt birligi ichida oqib oʻtgan energiya miqdori. I = φ N E {\displaystyle I=\varphi _{N}E} Ionlashtiruvchi zarralar oqimi Φ N {\displaystyle \Phi _{N}} — berilgan yuza orqali d t {\displaystyle dt} vaqt davomida oʻtgan ionlashtiruvchi zarralar soni d N {\displaystyle dN} Φ N = d N d t {\displaystyle \Phi _{N}={\dfrac {dN}{dt}}} Nurlanish energiyasining oqimi Φ E = d E d t {\displaystyle \Phi _{E}={\dfrac {dE}{dt}}} bu yerda d E {\displaystyle dE} — berilgan yuzani d t {\displaystyle dt} vaqt ichida kesib oʻtayotgan barcha ionlashtiruvchi zarralar energiyalarining yigʻindisi.","Zarralar oqimining flyuensi — sfera yuzasidan o'tgan zarralar soni, oqim zichligi esa flyuensning vaqt bo'yicha o'zgarishi. Nurlanish intensivligi — birlik yuzadan vaqt birligida o'tgan energiya miqdori bo'lib, u zarralar oqimi zichligi va energiya orqali hisoblanadi."
"Umuman olganda, toʻp yuqori zarba tezligida koʻproq deformatsiyalanadi va shunga mos ravishda oʻz energiyasini koʻproq yoʻqotadi va CORni kamaytiradi. Yerga taʼsir qilganda, baʼzi translasyonel kinetik energiya aylanma kinetik energiyaga va aksincha, toʻpning zarba burchagi va burchak tezligiga qarab aylanishi mumkin. Agar toʻp zarba paytida gorizontal harakat qilsa, ishqalanish toʻpning harakatiga qarama-qarshi yoʻnalishda „tarjima“ komponentga ega boʻladi. Rasmda toʻp oʻngga harakat qilmoqda va shuning uchun u toʻpni chapga itarib yuboradigan ishqalanishning tarjima komponentiga ega boʻladi. Bundan tashqari, agar toʻp zarba bilan aylansa, ishqalanish toʻpning aylanishiga qarama-qarshi yoʻnalishda „aylanuvchi“ komponentga ega boʻladi. Rasmda toʻp soat yoʻnalishi boʻyicha aylanmoqda va erga taʼsir qiladigan nuqta toʻpning massa markaziga nisbatan chapga siljiydi.","To'p yuqori tezlikda urilganda ko'proq deformatsiyalanib, ko'proq energiya yo'qotadi. Yerga urilganda uning tarjima va aylanish energiyasi bir-biriga o'tishi mumkin, ishqalanish esa to'pning harakatiga qarshi yo'nalgan kuch hosil qiladi."
"Bu yerda a, v, r toʻpning t vaqt boʻyicha tezlanishi, tezligi va holatini ifodalaydi. Gravitatsion kuch pastga yoʻnaltirilgan va quyidagiga teng. F G = m g , {\displaystyle F_{\text{G}}=mg,} Bu yerda m — toʻpning massasi va g — tortishish tezlanishi, Yerda 9.764 m/s2 orasida oʻzgarib turadi.9.764 m/s2 va 9.834 m/s2 . Boshqa kuchlar odatda kichik boʻlganligi sababli, harakat koʻpincha faqat tortishish taʼsirida boʻlgandek ideallashtiriladi . Agar toʻpga faqat tortishish kuchi taʼsir etsa, uning parvozi paytida mexanik energiya saqlanib qoladi. Bu ideallashtirilgan holatda harakat tenglamalari berilgan: a = − g j ^ , v = v 0 + a t , r = r 0 + v 0 t + 1 2 a t 2 , {\displaystyle {\begin{aligned}\mathbf {a} &=-g\mathbf {\hat {j}} ,\\\mathbf {v} &=\mathbf {v} _{\text{0}}+\mathbf {a} t,\\\mathbf {r} &=\mathbf {r} _{0}+\mathbf {v} _{0}t+{\frac {1}{2}}\mathbf {a} t^{2},\end{aligned}}} bu yerda a, v va r toʻpning tezlanishi, tezligi va holatini, v 0 va r 0 esa mos ravishda toʻpning boshlangʻich tezligi va holatini bildiradi.","To'pga faqat tortishish kuchi ta'sir qilganda, uning parvozi davomida mexanik energiya saqlanib qoladi. Bu holatda to'pning tezlanishi, tezligi va holati oddiy formulalar orqali hisoblanadi, bunda tortishish tezlanishi Yerda taxminan 9,8 m/s² ni tashkil qiladi."
"Julius Lothar Meyer (19-Avgust 1830 – 11-Aprel 1895) Nemis kimyogari. Birinchilardan boʻlib kimyoviy elementlar davriy jadvalini rivojlantirgan. Rus kimyogari – Dmitriy Mendeleyev (uning asosiy raqobatchisi) va Lothar Meyer Robert Bunsen bilan birga ishlagan. U hech qachon toʻliq ismini ishlatmagan va Lothar Meyer sifatida tanilgan. Meyer Germaniyadagi Varel shahrida, fizik – Friedrich August Meyer oilasida tugʻilgan. Oldenburgdagi Altes Gymnasiumni tamomlaganidan keyin, Zurich universitetining tibbiyot yoʻnalishiga qabul qilingan. Universitetni tamomlab Würzburg universitetida patologiya yoʻnalishida tahsil olgan. Würzburgni Tibbiyot Doktori sifatida tamomlab Heidelberg universitetiga, Robert Bunsen yoniga boradi. 1858-yilda is gazining qonga taʼsiri haqidagi tezisi orqali Berslau universitetida Ph. D. darajasini oladi. Nafas olish fiziologiyasiga boʻlgan qiziqishi uni kislorod qondagi gemoglobin bilan birikishini aniqlashiga sabab boʻladi. 1872-yilda 6 ta uglerod atomidan tashkil topgan benzol halqasining tuzilishini taklif etadi.","Yulius Lotar Meyer (1830-1895) — nemis kimyogari, kimyoviy elementlar davriy jadvalini birinchilardan bo'lib ishlab chiqqan olimlardan biri, rus kimyogari Dmitriy Mendeleyevning asosiy raqobatchisi. U tibbiyot ta'limi olib, Robert Bunsen bilan ishlagan va 1858-yilda doktorlik darajasini olgan. Nafas olish fiziologiyasiga qiziqishi uni kislorodning gemoglobin bilan birikishini aniqlashga olib kelgan. 1872-yilda u benzol halqasining tuzilishini taklif etgan."
"Ishemik insultning kelib chiqishi asosan bosh miya qontomirlarining qisilishi, ya’ni angiospazmidir. Turli xil gemodinamik o‘zgarishlar har xil ruhiy holatlar bosh miya qontomirlarining qisilishiga olib keladi va u yerdan qonning o‘tishi sekinlashadi. Bunda bosh miya to‘qimasida yumshashish holati yuzaga keladi. Qon tomirlari ichida tromb hosil bo‘lishi, bunda bosh miya qontomirlarida qonning sekin aylanishi tufayli qontomirlar devorida qonning shaklli elementlari cho‘ka boshlaydi. Natijada, qonning o‘zidan tromb hosil bo‘ladi. Tromb hosil bo‘lishiga yana qonning biokimyoviy o‘zgarishi, ya’ni uni ivishining buzilishidir. Bundan tashqari, kalla suyagi tashqarisidagi ekstrokranial qontomirlarining qisilishi ham ishemik insultga olib keladi. Ishemik insult bo‘lishidan oldin bir necha hafta yoki oylar oldin belgi beradi.","Ishemik insult asosan bosh miya qontomirlarining qisilishidan kelib chiqadi. Turli ruhiy holatlar qontomirlarni qisib, qon oqishini sekinlashtiradi, natijada miya toʻqimasi shikastlanadi. Qon aylanishi sekinlashganda tomir devorida qon zarrachalari toʻplanib, tromb hosil boʻladi. Bunga qonning ivish jarayonidagi buzilishlar ham sabab boʻladi. Kalla suyagidan tashqaridagi tomirlarning qisilishi ham ishemik insultga olib kelishi mumkin. Insultdan oldin bir necha hafta yoki oy davomida belgilar paydo boʻlishi mumkin."
"Surma (turkcha vggpe, lot. Stibium), Sb – Mendeleyev davriy sistemasining V guruhiga mansub kimyoviy element. Tartib raqami 51, atom massasi 121,25. Tabiiy Surma 2 ta barkaror izotopdan iborat. 121Sb (57,25%) va 124Sb(42,75%). Surmaning sunʼiy izotoplaridan muhimlari 122Sb, l23Sb va 125Sb. Surma juda qadimdan maʼlum. Sharq mamlakatlarida miloddan 3000-yil avval Surmadan turli idishlar yasashgan. Qad. Misrda mil. av. XIX asrda surma yaltirogʻi (tabiiy) mesten yoki stem nomi bilan qoshni boʻyashda qoʻllangan. Surma Yer poʻstining massa jihatidan 4•10–⁵% ini tashkil qiladi. Surma kristall va amorf shakllarda boʻladi. Kristall holdagi Surma oddiy sharoitda barqaror boʻlib, kumush kabi oq, yaltiroq, moʻrt metall. Suyuqlanish temperaturasi 630,5°, qaynash temperaturasi 1640Q5°, zichligi 6,69 g/sm³.","Surma (Sb) — Mendeleyev jadvalining V guruhiga mansub kimyoviy element, tartib raqami 51. Tabiiy surma ikki barqaror izotopdan iborat. U juda qadimdan maʼlum — Sharqda miloddan 3000 yil oldin undan idishlar yasalgan, Qadimgi Misrda esa qosh boʻyash uchun ishlatilgan. Surma kristall va amorf shaklda boʻladi, kristall holatda kumushsimon oq, yaltiroq va moʻrt metall hisoblanadi."
"Umr, umr koʻrish — organizm yashash davrining davomiyligi (ontogenezi). U. organizmni qarilik va oʻlimga olib keladigan, yemiradigan va qayta tiklaydigan fiziologik va biokimyoviy jarayonlarning oʻzaro taʼsiridan iborat. Odatda, fiziologik, ekologik va oʻrtacha U. farq qilinadi. Fiziologik U. tur individining qulay yashash sharoitidagi maksimal yoshi bn""; ekologik U. esa uning tabiiy sharoitdagi maksimal yoshi bilan belgilanadi. Oʻrtacha U. populyatsiya individlari umrining oʻrtacha arifmetik qiymatidan iborat. Oʻrtacha U. tashqi muhit sharoiti taʼsirida oʻzgarib turadi; fiziologik va ekologik U. esa oʻzgarmas konstant hisoblanadi. Hayvonlar U.i suyak qoldiqlari va tishlari, baliqlarniki — tana oʻlchamlari, tangachalar va suzgʻich nurlari kesimi;"" mollyuskalar U.i chigʻanoq halqalari orqali taxminan aniqlanadi.","Umr — organizmning yashash davomiyligi boʻlib, uni qarilik va tiklanish jarayonlarining oʻzaro taʼsiri belgilaydi. Fiziologik umr — qulay sharoitdagi maksimal yosh, ekologik umr — tabiiy sharoitdagi maksimal yosh, oʻrtacha umr esa populyatsiyadagi barcha individlar umrining oʻrtachasidir. Hayvonlar umrini suyak, tish, tangacha yoki chigʻanoq halqalari orqali taxminan aniqlash mumkin."
"Jon Kauch Adams (1819.5.6 – 1892.21.1) – ingliz astronomi, London astronomiya jamiyati direktori, Kembrij astronomiya rasadxonasi direktori (1861-yildan). Ilmiy ishlari osmon mexanikasiga doir. Oyning asriy tezlanishini nazariy jihatdan aniqlagan, Uran sayyorasining harakatidagi noaniqliklarni matematik tahlil qilish asosida U. Laver’e mustaqil ravishda 1845-yil Neptun sayyorasini ochgan.","Jon Kauch Adams (1819–1892) — ingliz astronomi, London astronomiya jamiyati va Kembrij rasadxonasi direktori boʻlgan. U osmon mexanikasi bilan shugʻullangan, Oyning tezlanishini nazariy hisoblagan va Uran sayyorasi harakatidagi anomaliyalar asosida 1845-yilda, fransuz olimi Laverye bilan mustaqil ravishda, Neptun sayyorasini kashf etgan."
"Abdullatif otasini hibsdan ozod qilib, Makkaga haj qilishiga ruxsat berdi. Biroq, manziliga yetib bormasdan turib otasi va ukasi Abdulazizni ham 1449-yilda qatl qildirdi. Mirzo Ulugʻbek davrida Samarqand gullab-yashnadi. Uning farmoyishi bilan 1417-yilda Buxoroda, 1420-yilda Samarqandda va 1433-yilda Gʻijduvonda madrasalar barpo etildi. Marv shahrida xayriya muassasalari qurildi. Bibixonim masjidi, Amir Temur maqbarasi, Shohi Zinda ansambli qurilishlari nihoyasiga yetkazildi. Shuningdek, Ulugʻbek karvonsaroy, tim, chorsu, hammom kabi talay jamoat binolari ham barpo ettirgan. Samarqanddagi XV asr meʼmorchiligining nodir namunalaridan biri Ulugʻbek rasadxonasidir. Bu inshoot Ulugʻbek farmoyishi bilan 1428—1429-yillarda Koʻhak tepaligida bunyod etilgan. Oʻsmir hukmdor shaharni imperiyaning intellektual markaziga aylantirishni maqsad qilgan. 1417—1420-yillarda Samarqanddagi Registon maydonida madrasa („universitet“) qurdirdi va koʻplab islom astronomlari va matematiklarini oʻqishga taklif qildi.","Abdullatif otasini ozod qilib, haj safariga ruxsat berdi, biroq u yoʻlga chiqmasdan otasi va ukasini 1449-yilda qatl qildirdi. Ulugʻbek davrida Samarqand gullab-yashnadi — Buxoro, Samarqand va Gʻijduvonda madrasalar, Marvda xayriya muassasalari qurildi, Bibixonim masjidi va Shohi Zinda ansambli yakunlandi. Uning buyrugʻi bilan 1428–1429-yillarda Koʻhak tepaligida mashhur Ulugʻbek rasadxonasi qurilgan. U Samarqandni ilm markaziga aylantirishni maqsad qilib, Registon maydonida madrasa qurdirib, koʻplab olimlarni taklif qilgan."
"Nuyutonning ikkinchi qonuni — Ikkinchi qonuniga Nuyutonning oʻzi quyidagicha taʼrif bergan: Jismning tezlanishi unga taʼsir etayotgan kuchga toʻgʻri proporsional boʻlib, massasiga esa teskari proporsional boʻladi. Shunday qilib, Nuyutonning ikkinchi qonuni — yangi fizik kattalik haqidagi tushunchani — kuch tushunchasini kiritadi. Nyutonning birinchi qonuniga asosan, moddiy jismlarning harakat holatlarini faqat ularning bir-biriga qiladigan taʼsirigina oʻzgartira oladi. Jismlarning harakat holatlarini oʻzgartiradigan shu oʻzaro taʼsirini kuch deb ataladigan fizik kattalik xarakterlaydi. Harakat holatining oʻzgarishi jismning tinch holatdan yoki toʻgʻri chiziqli tekis harakatidan chiqishi demakdir, yaʼni jismning tezligi oʻzgaradi, u tezlanish oladi demakdir. Binobarin, kuch deb ataladigan fizik kattalik jismlarning bir-biriga qiladigan shunday taʼsirini xarakterlaydiki, bu taʼsir natijasida jismlar tezlanish oladi.","Nyutonning ikkinchi qonuniga koʻra, jismning tezlanishi unga taʼsir etuvchi kuchga toʻgʻri, massasiga esa teskari proporsional. Bu qonun „kuch“ degan yangi fizik tushunchani kiritadi — jismlarning bir-biriga taʼsiri natijasida ularning harakat holati oʻzgaradi, yaʼni tezlik oʻzgarib, tezlanish paydo boʻladi. Aynan shu oʻzaro taʼsirni kuch deb ataladi."
"Ulugʻbekning astronomiya boʻyicha eng mashhur shogirdi Ali Qushchi (1474-yilda vafot etgan) edi. Qozizoda Rumiy Ulugʻbek madrasasining eng koʻzga koʻringan muallimi boʻlgan va keyinchalik bu oʻringa astronom Jamshid al-Koshiy kelgan. Ulugʻbek ilm-fan olamida buyuk astronom sifatida mashhur. Bu borada u amalga oshirgan eng buyuk ish „Ziji jadidi Koʻragoniy“ deb nomlangan astronomik jadval sanaladi. Ulugʻbek tibbiyot va musiqaga ham qiziqqan, sheʼrlar ham yozgan. Alisher Navoiyning „Majolis un-nafois“ asarida uning sheʼrlaridan namunalar keltirilgan. Olimdan bizga 4 ta asar meros qolgan: 1) „Ziji jadidi Koʻragoniy“ – astronomiyaga oid; 2) „Bir daraja sinusini aniqlash haqida risola“ – matematikaga oid; 3) „Risolayi Ulugʻbek“ – yulduzlarga bagʻishlangan;"" 4) „Tarixi arbaʼ ulus“ (Toʻrt ulus tarixi) – tarixga oid.""","Ulugʻbekning eng mashhur shogirdi Ali Qushchi boʻlgan. Uning madrasasida avval Qozizoda Rumiy, keyin Jamshid al-Koshiy dars bergan. Ulugʻbek buyuk astronom sifatida tanilib, „Ziji jadidi Koʻragoniy“ nomli astronomik jadvalni yaratgan. U tibbiyot, musiqa va sheʼriyatga ham qiziqqan. Undan bizga toʻrtta asar — astronomiya, matematika, yulduzshunoslik va tarixga oid kitoblar meros qolgan."
"Adabiyot boʻyicha Nobel mukofoti (shvedcha: Nobelpriset i litteratur) – har yili Shvetsiya akademiyasi tomonidan adabiyot sohasidagi ulkan hissalari uchun asar mualliflarga beriladigan mukofot. Kimyo, fizika, tinchlik, fiziologiya va tibbiyot sohasidagi ulkan hissalari uchun beriladigan, 1895-yilda Alfred Nobel vasiyatiga koʻra taʼsis etilgan beshta Nobel mukofotidan biridir. Nobel vasiyatiga koʻra, mukofot Nobel jamgʻarmasi tomonidan boshqariladi va Shvetsiya akademiyasi tomonidan beriladi. Adabiyot boʻyicha birinchi Nobel mukofoti 1901-yilda fransuz adibi Sully Prudhommega berilgan. Har bir sovrindor medal, diplom va pul mukofotini oladi. 1901-yilda Prudhomme 150 782 shved kronasi olgan edi, 2018-yil yanvar holatiga koʻra, bu summa 8 823 637 kronaga teng. Mukofot Stokgolmda har yili 10-dekabrda, Nobel vafot etgan kuni munosabati bilan oʻtkaziladigan tantanali marosimda topshiriladi.","Adabiyot boʻyicha Nobel mukofoti — Shvetsiya akademiyasi tomonidan har yili adabiyotdagi katta xizmatlari uchun beriladigan mukofot. Bu 1895-yilda Alfred Nobel vasiyati asosida taʼsis etilgan beshta Nobel mukofotidan biri. Birinchi mukofot 1901-yilda fransuz shoiri Sully Prudhommega berilgan. Har bir sovrindor medal, diplom va katta miqdordagi pul mukofoti oladi. Marosim har yili 10-dekabrda Stokgolmda oʻtkaziladi."
